File,Start,End,Center1,Center2,group,steady_start,steady_end,f0,f1,f2,f3,f4
m01ae,177.3,500.4,304.0,297.0,men,247.2,353.8,166.38238068148115,660.1286010862758,1972.3957305286501,2321.0212183081526,2717.3208255924496
m02ae,132.0,382.0,198.0,240.0,men,177.8,260.2,100.72959633535002,640.9053469994925,1802.3780840629206,2419.0586928428606,3396.162064961697
m03ae,118.0,462.0,162.0,181.0,men,118.0,228.3,95.40931466595285,609.9361775648982,1780.819994007253,2560.580271216249,3538.3514866799082
m04ae,96.0,408.0,130.0,169.0,men,98.0,201.0,125.55504627391178,630.5511058699653,1925.831367974869,2444.2755353417488,3389.7004862855993
m06ae,71.0,325.0,113.0,134.0,men,81.6,165.4,117.96073266399407,654.6014321459369,1846.1400903849365,2554.3451629196466,3607.8733565149837
m07ae,70.0,324.0,140.0,138.0,men,97.1,180.9,95.47874085302855,593.915817042922,1974.129826756917,2603.557104675609,3871.4394235447585
m08ae,95.0,384.0,128.0,141.0,men,95.0,182.2,125.26173820058828,608.1911238766269,1850.1556595451407,2484.7804497933716,3633.4121382807734
m09ae,107.0,446.0,166.0,206.0,men,130.1,241.9,157.3531269215842,562.3932401818488,1863.3089879899762,2652.207688607987,3507.384252411106
m10ae,90.0,372.0,132.0,155.0,men,97.0,190.0,154.13347078041554,547.1996307037365,1991.5510813597327,2637.7611366560036,3075.4092623870615
m11ae,123.0,442.0,180.0,173.0,men,123.9,229.1,136.12536647416258,664.1913740251373,1870.7832651030274,2574.4153297070425,3659.7720225913104
m13ae,90.0,369.0,179.0,160.0,men,123.5,215.5,100.91215598798037,689.1716229976083,1791.5421098940933,2553.385478614739,3197.280357607235
m14ae,65.0,337.0,144.0,137.0,men,95.6,185.4,106.95085649620864,562.7638649644716,1979.5092385558762,2577.1189140050087,3824.044715336236
m16ae,70.0,282.0,120.0,159.0,men,104.5,174.5,138.39797870496017,547.5952355179978,1785.5197539418932,2457.1684962295467,2947.136801181183
m17ae,101.0,358.0,164.0,168.0,men,123.6,208.4,137.28398746368697,685.4404981161102,1538.3668268615354,2235.750730043872,3940.0746059114326
m18ae,83.0,347.0,134.0,128.0,men,87.4,174.6,133.7683975849208,528.7413635369829,1913.6045824976386,2392.94553642496,3221.71311884993
m19ae,133.0,377.0,192.0,163.0,men,137.2,217.8,150.3323954146633,601.6889278457493,1916.7412507090876,2633.473713201445,3585.9009025296855
m20ae,92.0,378.0,152.0,168.0,men,112.8,207.2,138.0270231684241,549.3506192238215,1820.3124853159502,2108.6913249844206,3027.922322330573
m21ae,102.0,354.0,170.0,176.0,men,131.4,214.6,108.2705974686182,556.4472532890742,1829.3966499048277,2558.4807168911234,3449.791010737999
m22ae,173.0,422.0,222.0,240.0,men,189.9,272.1,119.26577904607007,631.3551310761779,2003.650257204547,2683.9122038991745,3445.3239331114905
m23ae,135.0,409.0,193.0,216.0,men,159.3,249.7,111.7457603611487,589.1552391784998,2004.5142297604903,2576.7870407987875,3166.6356598529283
m24ae,83.0,353.0,110.0,117.0,men,83.0,158.0,119.19597766815002,601.2951867283919,1565.0425199094473,2248.5013668962015,3141.396750827603
m25ae,101.0,402.0,214.0,222.0,men,168.3,267.7,113.41604612394306,546.6574709916001,1802.0556281845807,2555.446053616296,3092.38348866808
m26ae,70.0,329.0,152.0,139.0,men,102.8,188.2,118.37614523805317,561.8549604785741,1886.4266875274188,2561.020168533422,3022.0189023118205
m27ae,101.0,358.0,162.0,163.0,men,120.1,204.9,104.62651957015906,599.5543257863858,1975.9320619494995,2500.370024511928,3332.8721151082846
m28ae,122.0,334.0,147.0,177.0,men,127.0,197.0,130.5942411716872,662.2089884325412,1928.9737439609364,2672.400641181735,3606.925513246929
m29ae,96.0,337.0,175.0,184.0,men,139.7,219.3,115.15743558962771,579.6862687280118,2012.7472144714984,2311.373773797185,2645.3631072129624
m30ae,105.0,407.0,181.0,158.0,men,119.7,219.3,96.23449117668265,569.4214971298152,1827.9045387590245,2514.370377853558,3478.0410447357945
m31ae,121.0,329.0,135.0,157.0,men,121.0,180.3,143.72839534950182,605.2777237903264,1949.3957791771063,2621.021568607975,3783.314672778648
m32ae,71.0,279.0,102.0,98.0,men,71.0,134.3,147.71181458640467,628.0862562717465,1932.5604518258438,2562.6542969582747,4120.759529445271
m33ae,70.0,398.0,149.0,109.0,men,74.9,183.1,136.18455641980893,559.7308771338845,1952.204892182935,2644.0187881568654,3724.964083964507
m34ae,93.0,360.0,141.0,120.0,men,93.0,174.6,128.61648483945532,543.1672576034593,1814.6689554809323,2499.016416264547,3578.288345128259
m35ae,96.0,422.0,168.0,137.0,men,98.7,206.3,112.55249397775248,638.8443203434882,1698.638978488925,2459.0917284128172,3284.6024590078437
m36ae,102.0,372.0,138.0,163.0,men,105.9,195.1,121.23066591634458,585.3709193739201,1829.906896852646,2356.1188396017437,2893.9935194468762
m37ae,73.0,280.0,121.0,94.0,men,73.3,141.7,131.0570753309584,608.3575219448122,1742.2763664728902,2392.359651133771,3478.441141980769
m38ae,72.0,285.0,95.0,105.0,men,72.0,135.1,132.18551904322075,565.9000849286864,2079.183858338437,2390.9868523496366,3487.964191126196
m39ae,76.0,387.0,106.0,130.0,men,76.0,169.3,150.61959343082685,600.5795166692521,2022.419477679293,2713.9318726277234,3483.4158634637815
m40ae,80.0,353.0,129.0,164.0,men,101.5,191.5,140.1873315513582,608.9823716924371,1915.2899173346057,2582.4352846299726,4086.220401161212
m41ae,78.0,308.0,128.0,144.0,men,98.1,173.9,139.25246058332962,574.782145972445,1767.0237056578017,2574.207893137168,3337.0669005911195
m42ae,189.0,523.0,243.0,268.0,men,200.4,310.6,127.79216158046238,612.6047888478588,1869.3870068472036,2761.248311860291,3615.332924161179
m44ae,166.0,442.0,199.0,216.0,men,166.0,253.0,98.53000902711983,590.7429915010134,1888.6940817203877,2472.2739967913617,2900.258411246529
m45ae,105.0,388.0,192.0,186.0,men,142.3,235.7,179.6897109030705,642.0083487540412,2359.4973737146656,3003.120013010238,3758.0460137182818
m47ae,84.0,376.0,125.0,137.0,men,84.0,179.2,128.0437826190945,524.8197708945496,1768.035760063402,2500.144944154244,3513.2392109530047
m48ae,75.0,320.0,92.0,131.0,men,75.0,151.9,119.55663881843768,594.2459222328301,1839.5038925009192,2538.6275176117515,4066.1655242346715
m49ae,106.0,372.0,166.0,160.0,men,119.1,206.9,124.3565177796151,615.8770296196724,1951.1459150038127,2567.2852297390655,3157.2739829511606
m50ae,111.0,400.0,137.0,160.0,men,111.0,196.2,115.41642894882476,573.2901024391256,2026.2859323212933,2521.401515957068,3343.6672515357077
w01ae,75.0,380.0,128.0,176.0,women,101.7,202.3,224.94549256125092,685.3063169809583,2136.9730341708946,2791.2152337796742,4129.44262979354
w02ae,114.0,600.0,170.0,176.0,women,114.0,253.2,217.56220758113867,649.602685861118,2453.833596353977,3039.6853361066546,4089.0477684712723
w03ae,93.0,386.0,121.0,136.0,women,93.0,176.8,197.5096179274732,704.7223039270285,2395.725887610499,2931.3022316335905,4037.8839573427776
w04ae,75.0,428.0,102.0,122.0,women,75.0,170.2,236.79154924757026,768.1801571126732,2094.9036071618793,2712.4513813007493,3821.3665137891053
w05ae,143.0,481.0,192.0,200.0,women,143.0,251.8,226.78283548829913,616.8233095346294,1205.328337195701,2476.3048345516722,3553.8860207485445
w06ae,94.0,456.0,136.0,168.0,women,94.0,211.7,225.8975393000204,647.8682999608301,2241.761021879872,2911.677249758379,3554.436065675469
w07ae,161.0,474.0,248.0,256.0,women,200.4,303.6,178.58557404978012,716.2687339577716,2247.006190799603,2792.422972076451,3846.0725905702607
w08ae,80.0,364.0,120.0,128.0,women,80.0,170.9,238.69048365316684,648.624229290801,2503.0789116455267,3505.075430383512,4442.551890968049
w09ae,85.0,338.0,170.0,162.0,women,124.3,207.7,246.692324963558,690.0450879032401,1317.2672750074048,2362.796870218403,3092.628875178928
w10ae,61.0,417.0,114.0,144.0,women,70.3,187.7,229.6179431941288,621.3262172193732,2236.407628259943,2887.9512081259913,3777.133823407777
w11ae,71.0,456.0,216.0,240.0,women,164.5,291.5,190.37670130855489,857.4004992319177,1775.564602651439,2414.439852200868,3098.287767546434
w12ae,101.0,456.0,128.0,160.0,women,101.0,202.6,230.24856763633272,686.2537092745239,2452.8309622412357,3039.7295960771676,4110.778349767896
w13ae,82.0,397.0,127.0,139.0,women,82.0,185.0,239.17220400675578,657.7706943941222,2260.6405818989256,2837.7308041599845,4015.9523416209236
w14ae,76.0,348.0,144.0,160.0,women,107.1,196.9,214.3052855532707,736.7816323407101,2372.1614741903436,3169.60783004862,4613.435398752986
w15ae,116.0,516.0,216.0,224.0,women,154.0,286.0,228.5593668593509,633.8182015292625,2256.5367347040783,2859.7827635799026,4099.006413165899
w16ae,164.0,520.0,192.0,208.0,women,164.0,258.7,206.64936756447042,704.1533816450956,2450.185908265864,3012.8541989330333,4207.136115218596
w17ae,116.0,439.0,248.0,222.0,women,181.7,288.3,216.2236522025532,669.1184384739972,2152.872668505209,2791.9807169086557,4245.239844533144
w19ae,149.0,512.0,248.0,264.0,women,196.1,315.9,236.25889332827296,718.4323779011637,1956.4635357241539,2686.505495868136,3729.7797529879867
w20ae,199.0,506.0,272.0,288.0,women,229.3,330.7,190.27299293767564,635.904626567312,2327.0054136462427,2886.0165239384205,4141.881358384934
w21ae,145.0,527.0,220.0,201.0,women,147.5,273.5,221.0212465912189,632.6457660483168,2089.8304028546913,2783.253750047841,3723.672399937949
w22ae,101.0,439.0,145.0,160.0,women,101.0,208.3,186.72521668879614,601.3618610951493,2407.325524966791,3096.5917769259136,4354.361506953586
w23ae,149.0,514.0,176.0,228.0,women,149.0,262.2,216.76491732900055,686.5642905051599,2289.826151465843,2875.5997167697224,4470.834606675404
w24ae,85.0,416.0,176.0,192.0,women,129.4,238.6,247.9842624124393,741.7915334055313,2259.815101516592,3175.939841086008,4257.7043215467675
w25ae,164.0,625.0,240.0,256.0,women,171.9,324.1,221.5892636984069,681.4960323445075,1098.9317089451129,2591.540389125345,3596.773904652238
w26ae,170.0,516.0,364.0,304.0,women,276.9,391.1,179.50390695031976,752.289153752121,1944.2418538336522,2926.1075916220093,4203.995103319924
w27ae,110.0,382.0,160.0,151.0,women,110.6,200.4,254.95048768257527,742.0729402765256,2395.9820315878424,2803.0869391569486,3636.24780362079
w28ae,80.0,340.0,124.0,123.0,women,80.6,166.4,227.27919976278002,660.3486736199468,2248.8938718385184,2974.3581834082743,4179.261982462016
w29ae,114.0,447.0,190.0,208.0,women,144.1,253.9,245.39654840471866,702.2059355852888,1611.4006255542306,2427.4363732279535,3199.369120744483
w30ae,98.0,408.0,145.0,155.0,women,98.8,201.2,237.8702564693719,737.8747419915097,2360.8002930431485,2916.1957803248256,4011.0391654459095
w31ae,99.0,463.0,128.0,144.0,women,99.0,196.1,206.63904176219003,690.0572291897051,2135.8558789877065,2833.568687831892,3867.0544380604165
w32ae,72.0,311.0,104.0,112.0,women,72.0,147.4,210.32271520031395,656.4831822465128,2227.4677410083796,2709.524959028475,4056.366447200291
w33ae,102.0,363.0,129.0,141.0,women,102.0,178.1,235.4316404082532,717.8011834474983,1486.4656646066103,2782.912925829207,3680.9133846890736
w34ae,125.0,402.0,140.0,147.0,women,125.0,189.2,223.36471637046876,610.9347425046856,2553.4090490534186,3198.810261380095,4456.058237000968
w35ae,126.0,454.0,151.0,161.0,women,126.0,210.1,213.24206487616394,679.5110997480792,2321.7916252491495,2796.4776560930327,3354.097792272807
w36ae,141.0,554.0,218.0,218.0,women,149.9,286.1,202.05016203033765,748.7663963751198,2370.9467703251535,3066.147568885192,4347.348286666408
w37ae,143.0,548.0,260.0,274.0,women,200.2,333.8,191.03716609111893,854.0676019329813,1701.5643486706542,2593.297418385839,4062.5931535865593
w38ae,103.0,397.0,152.0,162.0,women,108.5,205.5,223.90268664613058,674.7044442506397,2254.812728798338,2972.5239138636002,4217.801752657329
w39ae,166.0,531.0,222.0,243.0,women,172.3,292.7,194.1474897822381,589.6208591878606,2374.295471054302,2822.906031226889,3193.9172495377284
w40ae,142.0,443.0,176.0,185.0,women,142.0,230.2,197.52183599382255,714.5144596116967,2350.486764459064,2941.9763097094233,4404.944978748571
w41ae,109.0,410.0,128.0,152.0,women,109.0,189.7,216.1777667385561,637.6106542756627,2611.713905241266,3193.021625562811,4170.00710326612
w42ae,112.0,424.0,128.0,173.0,women,112.0,202.0,227.03692347106318,564.3526699273748,2024.182941180907,2831.7240981671566,3445.2804687299194
w44ae,122.0,475.0,164.0,174.0,women,122.0,227.2,230.3044246154591,690.1660878678846,2190.239532490497,2822.0273790633173,3913.4375695775875
w45ae,127.0,460.0,161.0,187.0,women,127.0,228.9,208.81535324716563,672.1781841541837,2119.9383531705917,2495.7967297838322,3532.1756421632645
w46ae,120.0,485.0,144.0,164.0,women,120.0,214.2,156.40958057062863,650.2998339633306,2184.5306940052646,2936.0048526702876,3805.132268825209
w47ae,113.0,440.0,192.0,208.0,women,146.0,254.0,212.7738969573571,837.2583528828377,2053.6026657554576,2685.9744790674868,4137.47530870843
w48ae,64.0,374.0,94.0,107.0,women,64.0,151.7,214.92326488784622,627.1838671865552,2269.5601453508043,2861.145553865144,4113.656393726444
w49ae,84.0,403.0,136.0,160.0,women,95.4,200.6,209.03491960961483,736.6108627043415,2362.440089249279,2999.6532735843134,4315.17943229367
w50ae,91.0,448.0,167.0,176.0,women,112.6,230.4,210.20964609747645,756.1934255772018,2170.9756240156016,2596.368672674456,3443.287203158438
b01ae,72.0,329.0,116.0,115.0,children,73.1,157.9,240.30408044474734,637.2113558502765,2461.4797344862227,3386.8652802299066,4903.179612377316
b02ae,110.0,469.0,280.0,243.0,children,202.3,320.7,282.9392856872781,825.5127306215932,2489.8228913709218,3414.392423063576,5563.323590946125
b03ae,106.0,441.0,136.0,146.0,children,106.0,196.3,214.77792452708385,619.4831934495122,2771.826540674128,3872.1075274526293,5331.23262967182
b04ae,141.0,539.0,224.0,249.0,children,170.8,302.2,241.4897017358526,706.2443044935138,2669.4278056919907,3702.6383291180973,4893.466603396986
b05ae,94.0,361.0,132.0,157.0,children,100.4,188.6,204.44000830221606,717.2955168053103,2654.874592520655,3917.199749777058,5255.796230935299
b07ae,115.0,438.0,143.0,168.0,children,115.0,208.8,265.73343315834614,779.3161917719442,2229.4673729883666,3269.1753654411823,4876.75580696235
b08ae,161.0,477.0,280.0,296.0,children,235.9,340.1,215.1955655889198,841.8775054477029,2523.7260378924125,3532.9129810686504,5461.028171100253
b09ae,135.0,380.0,184.0,189.0,children,146.1,226.9,219.9632435789822,682.4031562453279,2630.001502678745,3653.0981671779664,5463.9039470527305
b10ae,158.0,554.0,272.0,304.0,children,222.7,353.3,205.5119483346517,668.2086995012796,2624.802432701767,3610.9232396013585,4630.661920645401
b11ae,103.0,401.0,139.0,162.0,children,103.0,199.7,208.00064013046466,653.6991134264827,2563.3145358564875,3288.8503851749256,4881.008979523056
b12ae,116.0,531.0,220.0,239.0,children,161.0,298.0,250.06123738243394,726.4675391883917,2532.8096725835358,3576.3181234312133,5309.429302833747
b13ae,112.0,393.0,144.0,151.0,children,112.0,193.9,218.5755314974472,727.898566055263,2621.2234662311184,3516.5488631585968,5273.27119817778
b14ae,114.0,428.0,210.0,191.0,children,148.7,252.3,201.57196917212266,685.8553856047927,2561.88218798434,3665.6568029430364,5531.674377008195
b15ae,116.0,498.0,153.0,178.0,children,116.0,228.5,277.7480156690213,604.3310671932867,2640.318333290233,3515.9495476636534,5489.857866763615
b16ae,86.0,453.0,151.0,168.0,children,98.9,220.1,192.93594230738324,752.9630384306802,2258.020779287193,3233.6962175112744,5135.6336149455765
b17ae,106.0,458.0,145.0,192.0,children,110.4,226.6,247.8735714520877,712.1851473361567,2347.1725725929064,3559.3783461908984,5009.974542633377
b18ae,94.0,401.0,136.0,154.0,children,94.3,195.7,254.11995143777332,725.8559812716123,2472.599528681158,3110.139410696822,4759.087611867235
b19ae,74.0,386.0,112.0,128.0,children,74.0,171.5,215.55603334196886,715.8403825196343,2718.042284329627,3464.108137527631,5187.638819278983
b21ae,106.0,458.0,151.0,176.0,children,106.0,221.6,211.0097696002898,757.7251374697336,2428.380157270539,3398.7478167722184,5263.421195128492
b22ae,150.0,406.0,216.0,240.0,children,185.8,270.2,228.07994948572818,664.7776683209524,2542.798554043909,3692.410642184203,4993.851506054622
b23ae,154.0,500.0,188.0,192.0,children,154.0,247.1,266.90552660563003,789.3726085076825,2648.510819966738,3534.96602591068,4964.202072051706
b24ae,120.0,336.0,172.0,160.0,children,130.4,201.6,208.95302889865513,549.3050595401292,2706.4160046776124,3987.9019550853673,5400.0468087804
b25ae,191.0,475.0,222.0,224.6,children,191.0,270.2,323.10646982641003,633.9751714736527,2471.4659660761677,3792.7777230238667,5108.150487332918
b26ae,103.0,554.0,167.0,149.8,children,103.0,232.8,220.82074792479,635.8725154506676,2575.45621850596,3569.8149604012337,5025.022429754687
b27ae,89.0,332.0,104.0,105.6,children,89.0,144.9,211.222834554072,647.8396945734377,2582.079597194813,3662.3336243102835,4942.827535438633
b28ae,131.0,415.0,167.0,160.3,children,131.0,210.5,227.95139875072607,675.3099230299607,2467.698381314057,3742.8256250873274,5599.745788396642
b29ae,127.0,418.0,200.0,169.0,children,136.5,232.5,221.63789458294704,821.8986292715994,2451.5775354222837,3238.216455396104,4756.8404297704865
g01ae,114.0,409.0,157.0,176.0,children,117.8,215.2,245.56497456205497,722.3714566981173,2424.9465549816596,3561.0538437420246,4657.470902542594
g02ae,145.0,428.0,202.0,205.0,children,156.8,250.2,243.01562992647374,695.534608582764,2876.3737412617343,3411.359508441083,4867.591578100057
g04ae,180.0,565.0,302.0,291.0,children,233.0,360.0,255.1043776403552,912.5077776326749,2513.46320467149,3803.2067172393863,4050.9528090001036
g05ae,108.0,564.0,239.0,266.0,children,177.3,327.7,226.57098718488936,673.854435877728,2635.4345829696017,3646.1962241098695,4822.932998980015
g06ae,120.0,412.0,203.0,198.0,children,152.3,248.7,221.6083816276974,776.417226434858,2422.85560494095,3226.6627308483976,4552.751937609844
g07ae,144.0,485.0,193.0,245.0,children,162.7,275.3,240.88074390422673,702.3752956083844,2375.9101728787955,3099.4138299963074,4576.464967437604
g08ae,218.0,602.0,288.0,304.0,children,232.6,359.4,263.8873779487338,685.7171363778214,2801.268771459519,3820.614982896324,5409.978306257229
g09ae,125.0,507.0,280.0,281.0,children,217.5,343.5,263.2818406434822,760.3667083420313,2370.0293427657302,3337.9412139761157,4880.615930028305
g10ae,137.0,448.0,195.0,194.0,children,143.2,245.8,243.33878739380344,921.1559949404008,2610.536608329948,3398.513591389103,4893.350951291909
g11ae,132.0,485.0,195.0,226.0,children,152.3,268.7,234.5450439230929,689.5224545521415,2453.9602609335143,3748.380825605954,5021.643947040711
g12ae,88.0,410.0,160.0,176.0,children,114.9,221.1,255.65213544969717,763.0346588826923,2552.4151280793394,3540.014379329439,5103.628728952496
g13ae,172.0,473.0,243.0,272.0,children,207.8,307.2,251.96301840980215,749.2831405336792,2519.2559760300815,3500.6857090448357,4289.848393528415
g14ae,150.0,456.0,207.0,219.0,children,162.5,263.5,194.41580037120826,711.827948372346,2365.734526082844,3478.04554616566,5136.384344370642
g15ae,144.0,498.0,204.0,251.0,children,169.1,285.9,228.52616776071193,902.2098328340597,2566.4255033435825,3717.9979108274297,4958.830847698219
g17ae,83.0,391.0,128.0,144.0,children,85.2,186.8,223.34318902008482,722.7483263138892,2484.5361623990775,3772.3406625285907,4674.4945108823595
g18ae,149.0,466.0,198.0,182.4,children,149.0,242.5,219.6371435046733,591.3926663317807,2644.7634969619694,4018.7562760897613,5235.593228567686
g19ae,111.0,349.0,145.0,135.4,children,111.0,179.5,255.69555762217632,713.4316291683741,2720.2931040959197,3685.941383664085,5265.777596294697
g20ae,88.0,378.0,122.9,136.3,children,88.0,177.5,230.52264523138928,754.0572996369912,2718.7633213365,3603.6152093892224,4755.830321081005
g21ae,194.0,444.0,230.4,216.0,children,194.0,264.4,233.28748052667302,649.4724556070387,2859.6388482044435,3688.3420266156345,4667.306124687459
m01ah,204.0,520.2,254.0,268.0,men,208.8,313.2,159.782222557613,780.5715128519798,1277.2770490018113,2328.9531136686264,2772.916269321686
m02ah,136.0,385.0,172.0,218.0,men,153.9,236.1,103.4222446134946,761.7970298505384,1168.142753231193,2737.041306072009,3724.9962592255156
m03ah,100.0,473.0,220.0,185.0,men,141.0,264.0,98.37273033355866,741.5081566692292,1142.524934871782,2696.311397685704,3298.1905482590646
m04ah,98.0,400.0,214.0,168.0,men,141.2,240.8,126.78006849713888,815.8263849902207,1221.025638153107,2597.480550739289,4011.769981800267
m06ah,82.0,312.0,145.0,187.0,men,128.1,204.0,113.93719876945144,871.2165532570896,1269.8592704417565,2601.346602346214,3498.9944301445003
m07ah,86.0,351.0,129.0,128.0,men,86.0,172.2,99.1828869662213,748.616537772294,1311.0534463140837,2356.8284351508705,3509.8836393459037
m08ah,107.0,409.0,159.0,162.0,men,110.7,210.3,115.99213023950338,742.9078326222342,1309.8873176808218,2419.1088163716217,3488.9755464407403
m09ah,132.0,462.0,216.0,231.0,men,169.1,278.0,119.89795417062034,754.6452795134334,1425.470276330643,2540.154832400796,4417.135309646207
m10ah,97.0,368.0,152.0,161.0,men,111.8,201.2,153.34875228994252,787.0076247921547,1278.4820926774153,2636.3837610987675,3474.7697854526978
m11ah,110.0,431.0,229.0,190.0,men,156.5,262.5,144.57428085043594,808.9039891542639,1409.9806555924179,2215.145074622722,3902.0314901563934
m13ah,73.0,329.0,182.0,152.0,men,124.8,209.2,105.0772434010083,810.2743302353831,1435.3782155985837,2679.014715537066,3472.0172410360296
m14ah,109.0,387.0,165.0,204.0,men,138.6,230.4,100.04327875596849,733.7110571166194,1333.4801804056085,2355.562310854645,3642.280375315483
m16ah,84.0,276.0,118.0,126.0,men,90.3,153.7,146.71672043463298,669.8065007108584,1219.1404350066218,2574.7198806360043,2825.9998553857026
m17ah,197.0,440.0,288.0,277.0,men,242.4,322.6,136.77761980960778,661.3943040471503,1034.1850507738225,2281.498811253295,4079.3121001864038
m18ah,117.0,459.0,154.0,179.0,men,117.0,222.9,135.98549047409955,713.7195717009542,1275.7958894843605,2387.5160993415734,3508.203283509131
m19ah,141.0,410.0,267.0,236.0,men,207.1,295.9,148.9959168791896,790.9469768263292,1353.7414660528457,1897.687828913923,2643.9348216961503
m20ah,82.0,354.0,144.0,168.0,men,111.1,200.9,133.0755817359429,746.6628403916825,1499.3382246000087,2312.150050649363,2632.779440667242
m21ah,143.0,349.0,176.0,174.0,men,143.0,209.0,117.9314652835006,776.93507445633,1387.0746128054466,2460.347685010212,3652.4564466611123
m22ah,167.0,454.0,273.0,240.0,men,209.1,303.9,117.3686637773662,803.1466948077943,1394.0757875398854,2527.5412419405925,3860.037867868544
m23ah,112.0,390.0,175.0,198.0,men,140.6,232.4,106.55599967773125,793.5729702939509,1326.1416002668009,2716.0965622546446,4069.884811022092
m24ah,108.0,366.0,151.0,172.0,men,118.9,204.1,128.536415589484,800.6851995449033,1262.6838743792039,2452.102191062791,3798.5014484025614
m25ah,92.0,348.0,216.0,188.0,men,159.8,244.2,113.51033865620413,677.7448332853008,1236.7207938661636,2429.8019838007976,3851.4764640677186
m26ah,53.0,324.0,137.0,185.0,men,116.3,205.7,122.24607488189216,702.1509679333076,1370.1032983786301,2465.5238601711235,2880.818562678417
m27ah,94.0,306.0,124.0,137.0,men,95.5,165.5,106.45445507671296,722.1593947617913,1398.8308285375279,2493.1778424855333,3701.2171368743852
m28ah,154.0,308.0,178.0,186.0,men,156.6,207.4,174.59086417966816,785.9358316019378,1148.9140553437185,2312.0008154127268,3262.155113670504
m29ah,113.0,333.0,182.0,203.0,men,156.2,228.8,122.7076172052005,831.5289021359043,1425.5326604608722,2259.503615889266,3065.700038015276
m30ah,92.0,382.0,163.0,174.0,men,120.7,216.4,100.74046175990543,681.0280399712177,1332.0162178322578,2442.7251135328197,3549.6592838198676
m31ah,143.0,327.0,158.0,160.0,men,143.0,189.4,158.5445797738202,711.036442787526,1434.4947860055777,2395.3879748717313,4215.617356187032
m32ah,86.0,302.0,110.0,110.0,men,86.0,145.6,146.76693704241853,722.0391859921141,1290.6188856414192,2460.382491892788,4246.26671452632
m33ah,73.0,345.0,158.0,158.0,men,113.1,202.9,131.36360080111444,814.4454514879669,1379.1890440859343,2505.9706583400293,3958.0505780358703
m34ah,114.0,364.0,179.0,164.0,men,130.2,212.8,114.06036183220642,707.9402654514746,1354.091423605901,2011.466835030488,3435.7162772138126
m35ah,93.0,362.0,145.0,152.0,men,104.1,192.9,111.14564593466946,743.7427811649197,1279.7727740702285,2393.2804982402963,3242.7690966752593
m36ah,96.0,348.0,138.0,163.0,men,108.9,192.1,115.88734878417141,731.013806595503,1395.7880978473502,2502.4772714650644,3008.9709346311315
m37ah,60.0,279.0,93.0,91.0,men,60.0,128.1,129.53375511608277,708.813027741515,1344.7045102903269,2324.382464568652,3673.7789796655757
m38ah,82.0,274.0,130.0,146.0,men,106.3,169.7,147.00680239212184,691.9026800245489,1306.9765968891109,2494.072489728039,2646.3447820236024
m39ah,85.0,372.0,204.0,232.0,men,170.6,265.4,138.9709883244738,914.8463492389526,1401.1981112558287,2304.988744122071,3412.2201510454383
m40ah,109.0,363.0,169.0,163.0,men,124.1,207.9,122.36184500285145,744.5099634272699,1361.1552335951474,2283.250187319566,4029.053062912035
m41ah,78.0,291.0,128.0,144.0,men,100.9,171.1,137.491267610994,704.526194908502,1343.0276993093971,2600.363536344249,3399.714222474387
m42ah,114.0,406.0,177.0,179.0,men,129.8,226.2,139.93948801006042,812.9074203497589,1322.535192946902,2434.353444812385,3555.010564811284
m44ah,113.0,399.0,215.0,167.0,men,143.8,238.2,97.2843734578461,804.4175775850598,1321.588748484954,2469.6539798656104,2755.706042916017
m45ah,92.0,377.0,99.0,142.0,men,92.0,167.5,179.17740052343592,846.2889217740966,1288.6255790209636,2722.1174365641755,3595.4755901622116
m47ah,115.0,416.0,141.0,164.0,men,115.0,202.2,120.26243456545681,672.1910114997838,1203.7777800680572,2339.645615279921,3965.54745484049
m48ah,92.0,299.0,128.0,177.0,men,118.3,186.7,120.6569778426305,692.0748216163176,1326.651210995787,2646.8305234223076,3824.278953317475
m49ah,62.0,332.0,103.0,117.0,men,65.4,154.6,126.48324823207155,790.3721370451975,1315.2907841858157,2708.7932019367818,3559.7273916404924
m50ah,95.0,345.0,136.0,122.0,men,95.0,170.2,108.00248574055324,693.2113558237517,1454.683415149642,2508.516606650761,3345.0177334981463
w01ah,97.0,362.0,120.0,129.0,women,97.0,168.2,215.06124181050615,968.3372592982303,1422.794450034864,2489.3875592912286,3921.0928156789423
w02ah,132.0,575.0,268.0,279.0,women,200.4,346.6,210.33375157152025,902.8253840692513,1703.277498180344,2965.5290369555714,4098.190463689499
w03ah,88.0,345.0,131.0,138.0,women,92.1,176.9,200.63772972049114,1007.8203392856857,1597.4428519184758,2350.9812680644554,3551.50811646868
w04ah,110.0,460.0,251.0,249.0,women,192.2,307.8,215.8555654668685,815.9683611308579,1494.5268595946002,2818.2360687857363,4360.131511939716
w05ah,126.0,491.0,178.0,189.0,women,126.0,243.7,229.59810991902452,911.2277445376845,1456.440607403171,2604.8321160411087,4834.1078117482175
w06ah,95.0,424.0,195.0,187.0,women,136.7,245.3,211.94708557721194,818.4701131531821,1437.1397744512847,2814.829169156742,3264.255212030216
w07ah,120.0,426.0,264.0,242.0,women,202.5,303.5,176.47953044454783,904.7471654197669,1222.0412100887463,2691.7940573591654,4087.450644042792
w08ah,98.0,415.0,191.0,220.0,women,153.2,257.8,242.96005082085838,848.957380369367,1721.6055526511177,2032.4210014507605,3050.8098274516033
w09ah,67.0,349.0,123.0,110.0,women,70.0,163.0,238.68200807887166,919.4837255347632,1493.9756477849303,2631.6582058663694,4054.4573618750774
w10ah,103.0,470.0,225.0,195.0,women,149.4,270.6,224.58518657059477,866.3611828519225,1525.7437669600974,2648.157302795357,3987.9432055816364
w11ah,120.0,500.0,264.0,261.0,women,199.8,325.2,194.31471244273183,905.5112889803836,1454.4355100381645,2821.320777387521,4175.854201987455
w12ah,169.0,512.0,324.0,202.0,women,206.4,319.6,222.73207565201372,919.638044946139,1698.803468138646,2409.4293700290823,4129.565930577514
w13ah,124.0,453.0,199.0,237.0,women,163.7,272.3,227.37933795976969,903.2694098699866,1535.25946930579,2738.303729761438,4016.953628779252
w14ah,120.0,395.0,170.0,180.0,women,129.6,220.4,211.10209041790867,909.4043011349495,1516.5644756411577,2862.8986404654543,3659.9201319974172
w15ah,156.0,496.0,276.0,314.0,women,238.9,351.1,226.7336389659409,921.9552665499576,1620.9586273530929,2676.0196750311156,3807.969233029693
w16ah,147.0,452.0,272.0,229.0,women,200.2,300.8,193.35396151129962,997.4444801456939,1735.6458404096481,2818.9902395549825,4523.2486624954145
w17ah,103.0,370.0,155.0,168.0,women,117.4,205.6,205.9778404459241,934.777350413859,1641.4812014167906,2862.8798992459892,3926.8587913971546
w19ah,129.0,445.0,285.0,267.0,women,223.9,328.1,240.29462943800672,930.7855693356458,1654.6709072183164,2820.052098231601,4252.912229026996
w20ah,138.0,503.0,230.0,265.0,women,187.3,307.7,195.37005726079926,802.2546417563516,1342.2838338903418,3048.4154539524015,3970.8442487783727
w21ah,114.0,516.0,288.0,312.0,women,233.7,366.3,215.68643950412357,773.234970801249,1478.0283610577987,2870.3769560059714,3962.1270182080266
w22ah,189.0,539.0,333.0,343.0,women,280.2,395.8,177.36283908071923,985.8457297641647,1495.646646443233,2995.835953264594,4180.574607868163
w23ah,128.0,457.0,232.0,248.0,women,185.7,294.3,208.60131470443676,913.0290291462838,1570.4375675980673,2852.1800891489856,4486.328996711186
w24ah,127.0,430.0,220.0,206.0,women,163.0,263.0,260.4185710648842,1048.6029204411477,1686.4414473710526,2804.7960824710144,3796.844407737316
w25ah,151.0,581.0,276.0,249.0,women,191.6,333.5,216.0257202315198,926.2365945436818,1323.9968919427379,2368.905017064681,3780.79167107304
w26ah,133.0,466.0,272.0,288.0,women,225.1,334.9,175.77328920543016,822.2772869424006,1419.7669203813546,2837.891167662597,4193.514841921932
w27ah,96.0,380.0,144.0,160.0,women,105.1,198.9,251.73365258151543,886.9357912043686,1754.3191830751955,2830.3173991117774,4177.59908258977
w28ah,75.0,292.0,123.0,142.0,women,96.7,168.3,233.54416458152127,888.9896286952338,1586.8079100201453,2992.510396298667,4347.826984426613
w29ah,102.0,405.0,120.0,136.0,women,102.0,178.0,249.84299278504093,936.4591781782804,1453.7550347598958,2818.0832662601756,4688.133285259802
w30ah,120.0,413.0,150.0,184.0,women,120.0,215.3,232.47081691156396,952.8288602310793,1629.9778756556827,2737.5924856488728,3650.8500670975964
w31ah,108.0,423.0,240.0,246.0,women,191.0,295.0,198.50217318773173,878.3217481665794,1608.3851030466308,2920.389322709809,4362.842294203239
w32ah,179.0,419.0,248.0,264.0,women,216.4,295.6,214.88409646497024,706.6227589994462,1374.008678153552,2453.8251447063512,5147.747259862925
w33ah,122.0,405.0,164.0,201.0,women,135.8,229.2,242.55854845484805,961.5905107758632,1231.4642453415304,1723.9409647688797,3384.362333345234
w34ah,116.0,363.0,178.0,217.0,women,156.7,238.3,208.5760188259614,965.6464973343993,1583.0428461057709,2814.4114366923977,4309.18767308898
w35ah,156.0,466.0,233.0,260.0,women,195.3,297.7,201.03977287429288,994.2563710531787,1514.4596947633515,2517.8129142270727,3801.557157563805
w36ah,149.0,604.0,185.0,228.0,women,149.0,281.6,207.73872929439105,938.0180470908784,1640.8472992820778,2863.8356434636894,4147.560452214859
w37ah,189.0,608.0,348.0,335.0,women,272.4,410.6,175.15619761592572,829.6588910516688,1329.2749856658622,3133.0389380251004,3541.9705715722134
w38ah,109.0,445.0,200.0,216.0,women,152.6,263.4,216.14755920117943,977.3979013339876,1670.4081409837654,2763.6652963070555,4561.298916934801
w39ah,204.0,542.0,312.0,287.0,women,243.7,355.3,212.6607679094409,934.8348502136919,1400.3923579489592,2655.188352433914,4474.896487867439
w40ah,144.0,441.0,206.0,257.0,women,182.5,280.5,198.1925356152804,802.8097352978513,1426.800867165568,2270.7229371387543,3315.012496047032
w41ah,145.0,443.0,245.0,176.0,women,161.3,259.7,202.94937833407784,913.7680006325915,1564.8122997457463,2967.086690156976,4242.395325933848
w42ah,125.0,393.0,225.0,247.0,women,191.8,280.2,227.49799436124704,876.7535950677734,1582.3138297355936,2682.4695161017075,3524.1183701465775
w44ah,120.0,460.0,174.0,178.0,women,120.0,232.1,213.941350501929,926.7125969747241,1539.8121805316066,2656.8542429110435,3972.389745852976
w45ah,101.0,413.0,199.0,203.0,women,149.5,252.5,196.80624977545096,924.4264926048825,1430.1652835333362,2190.3949448159256,3596.170409882187
w46ah,100.0,434.0,115.0,144.0,women,100.0,184.6,148.1851747774221,942.7504583928086,1539.1013449959823,2754.1461984442294,4352.277797555706
w47ah,149.0,451.0,299.0,300.0,women,249.7,349.3,207.45217773041932,964.4273902180496,1542.4617383793225,2660.1354252992205,4117.932877729219
w48ah,133.0,479.0,306.0,226.0,women,208.9,323.1,218.91471254135897,812.2610738230023,1504.5987897014859,2782.8631489503855,3825.7282952747955
w49ah,151.0,477.0,201.0,252.0,women,172.7,280.3,221.14216765172552,983.7138696437945,1163.52586016286,3146.2268775736507,3783.991935737265
w50ah,112.0,469.0,193.0,162.0,women,118.6,236.4,236.20017830644602,876.9581058876929,1427.3784860991211,2846.4582105066615,3294.2327801231163
b01ah,88.0,300.0,143.0,144.0,children,108.5,178.5,239.3028391533115,953.5278602027671,1759.7411533513737,2590.797250261353,5545.610219246614
b02ah,151.0,479.0,243.0,310.0,children,222.4,330.6,272.7004359012197,1042.1296409467304,1707.2960535323502,3029.3465733263783,5857.235828278819
b03ah,132.0,430.0,211.0,206.0,children,159.3,257.7,215.75121509699073,1225.4721866835575,1830.4596680041875,3197.302363074853,5540.763493092558
b04ah,137.0,494.0,228.0,232.0,children,171.1,288.9,246.97608766664996,1051.6429086367903,2043.686270490619,3373.147793360526,4826.9765788273135
b05ah,63.0,333.0,90.0,88.0,children,63.0,133.6,227.74792989930506,1066.888585000301,1991.7308855955498,4364.554788399439,5123.651040752331
b07ah,101.0,395.0,263.0,248.0,children,207.0,304.0,303.99293036107673,968.0848349745405,1706.6823111895314,3148.9269592486753,4487.636250462861
b08ah,176.0,516.0,232.0,244.0,children,181.9,294.1,184.26627073528206,1013.1801775975673,2369.674300840478,3864.230386066784,5485.1877147796295
b09ah,148.0,433.0,187.0,195.0,children,148.0,238.0,233.90886485508932,990.36494014993,1591.4280787165994,3476.455426492403,5275.670815434006
b10ah,181.0,594.0,294.0,260.0,children,208.9,345.1,207.23652331055618,1183.054828925276,1898.656391068815,3877.393898912327,6032.520439232968
b11ah,116.0,398.0,163.0,186.0,children,128.0,221.0,201.48403548806434,901.7185248931125,1666.064491569985,2910.6684551061303,4970.356510384426
b12ah,108.0,533.0,268.0,212.0,children,169.9,310.1,259.2421734846669,983.8536592274133,1886.2568990986556,3923.753730823209,5290.231110153329
b13ah,135.0,408.0,201.0,214.0,children,162.5,252.5,210.9258797139797,1045.7760619514786,1765.210279906743,2905.3535062478036,4654.105400007518
b14ah,104.0,367.0,181.0,175.0,children,134.6,221.4,200.8420092030293,997.0068948353334,1571.6889096270706,3409.4956392693657,5752.9335630524765
b15ah,97.0,437.0,360.0,302.0,children,274.9,387.1,285.5399296599403,881.1519731147469,1979.4546444653504,3419.886567918888,5166.677507652507
b16ah,117.0,481.0,242.0,225.0,children,173.4,293.6,186.4565654958447,898.1004745181691,1684.0009393281641,2997.721069518846,5428.085484704062
b17ah,72.0,399.0,116.0,175.0,children,91.5,199.5,245.11804940277605,978.2000775740494,1642.3786229862176,3107.306664043872,4410.89393499892
b18ah,116.0,397.0,203.0,204.0,children,157.1,249.9,255.7811309995062,1079.0003580431253,1759.8974521490522,2920.8452096418673,4091.0055469433987
b19ah,100.0,392.0,182.0,188.0,children,136.8,233.2,225.0274769851052,959.0206942757155,2051.0554141124253,3095.933131495025,5122.288144185601
b21ah,147.0,510.0,243.0,268.0,children,195.6,315.4,225.0833995293054,1151.3126099606172,2083.813674387697,2535.6453291544353,4744.2976178211775
b22ah,99.0,449.0,135.0,147.8,children,99.0,199.2,262.98208850300404,1208.7606794373223,1831.2913837938233,3399.3485595609022,5009.102976587375
b23ah,133.0,425.0,186.0,182.4,children,136.0,232.4,279.09428980249015,1133.9976135141026,1691.522818052279,3180.0605300295256,5324.842776995839
b24ah,119.0,357.0,164.0,144.0,children,119.0,193.3,228.12453027738255,1122.8308759984288,1571.24105499204,3811.560242947749,4917.075678061601
b25ah,155.0,450.0,224.0,217.0,children,171.8,269.2,222.81253229364307,921.7542077107246,2188.434366296606,4482.801700571643,5730.504054838135
b26ah,83.0,397.0,191.0,144.0,children,115.7,219.3,210.5724154268986,813.5632923093624,1491.4651973936964,3827.844596386915,5243.17750999934
b27ah,102.0,372.0,142.0,121.0,children,102.0,176.1,224.31094266945007,1293.0962123607935,1794.3067062446198,3701.5747647553717,5364.9454236682905
b28ah,135.0,406.0,220.0,175.7,children,153.1,242.6,221.60454042241682,1089.2717422401877,2142.0818621164335,3499.5441393602737,5196.827821759481
b29ah,131.0,416.0,179.0,164.2,children,131.0,218.6,231.4996279877846,1112.8248500021664,2178.44890367885,3214.1918327554395,4670.700334161884
g01ah,114.0,390.0,174.0,200.0,children,141.5,232.5,238.29302185959887,1099.0354003597217,1946.343223285185,3591.1242792872226,5030.848869565916
g02ah,106.0,404.0,153.0,164.0,children,109.3,207.7,216.30736956431846,1070.4800409837355,1868.1082913326172,3327.8326292181837,4906.928705710126
g04ah,197.0,521.0,377.0,335.0,children,302.5,409.5,250.1132395065628,997.8393329687016,1755.8321633277358,3105.490488614785,4431.911590284641
g05ah,129.0,504.0,312.0,294.0,children,241.1,364.9,206.46438535231997,984.2762946009154,1862.9894084588984,2960.1725538893875,4692.972122544702
g06ah,142.0,417.0,223.0,206.0,children,169.1,259.9,225.31413485418557,1035.992267494548,1541.9646921845529,2610.504763275928,4593.171080839313
g07ah,158.0,542.0,264.0,280.0,children,208.6,335.4,227.42631980348466,868.2070719725202,1830.5258037865813,2723.5126324208136,4353.972579090295
g08ah,181.0,588.0,273.0,306.0,children,222.3,356.7,250.08114195389746,942.4226624998064,1864.3044194141944,3430.1734167760746,5158.38310370881
g09ah,110.0,431.0,153.0,162.0,children,110.0,210.5,247.82078936923418,1168.7404206305712,1698.6224875099963,3273.6917878441895,4837.918128289996
g10ah,109.0,391.0,168.0,176.0,children,125.5,218.5,227.34840976147498,957.8113181407396,1854.4679482874265,3607.586008288234,4757.7530947748655
g11ah,107.0,405.0,163.0,194.0,children,129.3,227.7,241.10933710898803,1117.26259344535,1540.0970782836155,3022.7620822152494,5525.984548598872
g12ah,127.0,444.0,271.0,286.0,children,226.2,330.8,205.02255757797218,1031.3108154211093,1835.8958841493206,3041.9743084524175,4785.2145821047
g13ah,160.0,494.0,331.0,289.0,children,254.9,365.1,248.46932775495728,921.5909920009857,1772.7751700675324,3473.3223892807196,4880.421098522387
g14ah,98.0,406.0,222.0,204.0,children,162.2,263.8,191.2692476163211,927.4903827964737,1434.4509023723983,3022.146090072038,5174.929669720021
g15ah,108.0,407.0,192.0,205.0,children,149.2,247.8,235.56324578701188,1547.9806130808483,1879.0020885495428,3622.365156552542,4674.279327756313
g17ah,108.0,412.0,192.0,176.8,children,134.2,234.6,247.8144208629732,1072.0468845187477,1739.6597984253194,3656.2104162988167,4958.33500858721
g18ah,128.0,544.0,163.0,169.0,children,128.0,234.6,215.00833810288557,927.7322862744073,1879.6637061210347,3724.926705953274,4630.419638792424
g19ah,114.0,334.0,145.0,145.9,children,114.0,181.8,235.38610725653612,1062.1750180894226,2083.5098027686386,3320.9906179185446,5022.3259638499685
g20ah,117.0,376.0,229.4,176.0,children,160.0,245.4,239.62954112800242,979.1833895336263,1490.6778794183783,3474.843471864146,5017.948886794183
g21ah,108.0,294.0,149.8,184.3,children,136.4,197.7,215.49773001962012,948.7238117619373,1553.9160566625521,3752.046854145286,4958.259681687391
m01aw,210.1,540.4,291.0,289.0,men,235.5,344.5,173.99738856180008,674.177327474255,1020.6490290812154,2504.939828768104,3133.102091828237
m02aw,99.0,388.0,166.0,184.0,men,127.3,222.7,105.30041105231665,629.8695907629082,898.0637981219959,2632.278067505943,3422.1345477768323
m03aw,153.0,508.0,198.0,232.0,men,156.4,273.6,92.5002640833667,651.9845142768332,949.6868638522592,2778.4902026343807,3344.992760896755
m04aw,124.0,471.0,206.0,227.0,men,159.2,273.8,130.16731048713658,669.2672113978908,979.2643924189762,2718.308355860821,3765.879500477069
m06aw,73.0,323.0,169.0,150.0,men,118.2,200.8,119.00853040864015,783.4081198216319,964.8559234288152,2690.7802990307905,3691.7187733895616
m07aw,109.0,401.0,163.0,172.0,men,119.3,215.7,95.43956113798046,650.431237784899,973.3364314879524,2392.274341209852,3558.473784083545
m08aw,81.0,375.0,109.0,108.0,men,81.0,157.0,119.93944990487776,650.1300082503749,1072.62868658557,2450.2180052437734,3552.573356317928
m09aw,166.0,508.0,241.0,220.0,men,174.1,286.9,120.86315307146296,619.6073415416057,1067.491786850861,2591.8995452606673,3378.604000391284
m10aw,176.0,472.0,288.0,328.0,men,259.2,356.8,149.97081804094032,647.1857886800184,962.8250129982873,2707.390930010931,3259.0916848983293
m11aw,143.0,506.0,239.0,231.0,men,175.1,294.9,159.45127456881937,703.7016267884025,1125.6410708826295,2384.6520252855466,3675.5416707920563
m13aw,107.0,390.0,220.0,240.0,men,183.3,276.7,103.6404463030982,651.0880442923414,1017.6612855595567,2640.180076299255,3410.3623554165415
m14aw,88.0,336.0,162.0,143.0,men,111.6,193.4,107.31045776356478,657.3001366071452,1037.1921355047375,2580.6555364639435,3526.0713300218563
m16aw,68.0,291.0,124.0,120.0,men,85.2,158.8,142.29867134986702,632.8672602277277,1086.976898727865,2672.5632933192865,2921.780526841148
m17aw,116.0,394.0,179.0,181.0,men,134.1,225.9,144.17320786672582,633.7342342892166,973.9893695387573,2238.5986689071847,3921.470805298578
m18aw,129.0,449.0,225.0,222.0,men,170.7,276.3,144.71986834326395,650.9823961628052,988.3716768986807,2640.8985129317666,3183.0599487882955
m19aw,114.0,388.0,142.0,158.0,men,114.0,195.2,154.37062131007332,652.6243748807722,1033.310279242185,2793.6967936840983,3825.2149609998205
m20aw,75.0,362.0,125.0,137.0,men,83.6,178.4,137.34629491213894,692.2838608570092,1100.5209714515754,2421.746972227053,3431.444062968311
m21aw,98.0,351.0,161.0,170.0,men,123.8,207.2,106.07059026361962,642.2767405911874,1049.196824321626,2261.949443299757,3256.4687065863345
m22aw,136.0,452.0,173.0,230.0,men,149.4,253.6,119.533030788008,703.110577739168,1152.1795411403807,2521.1797476795114,3757.7035348832815
m23aw,134.0,426.0,253.0,251.0,men,203.8,300.2,109.32132797413264,676.0164025694411,1004.0982875593274,2582.885129603765,3860.6871013589853
m24aw,134.0,382.0,186.0,180.0,men,142.1,223.9,126.5687430976509,688.8639124102642,1103.7409559035066,2414.511350358663,3593.792928128558
m25aw,120.0,369.0,169.0,202.0,men,144.4,226.6,107.56400111749323,602.9413183044752,962.5944426563989,2356.2483172375414,3452.9028626656404
m26aw,107.0,389.0,187.0,193.0,men,143.5,236.5,111.64827700784511,648.2388295912915,1040.908924065925,2226.8142155694727,3101.0024965168163
m27aw,96.0,267.0,168.0,156.0,men,133.8,190.2,101.95583707870078,667.1099096691069,1053.6945142149539,2428.27607625405,3374.4734221236863
m28aw,117.0,339.0,135.0,154.0,men,117.0,181.1,122.22742075954625,646.9767748784072,1032.3468575213083,2883.842131001695,3749.687701413496
m29aw,103.0,329.0,161.0,179.0,men,132.7,207.3,118.65992974857363,706.4776646208721,1076.1222389084555,2345.9179630929375,3386.9818307462538
m30aw,107.0,451.0,160.0,180.0,men,113.2,226.8,91.47186598836352,618.6375768460435,1048.6601449855787,2462.4033821444887,3646.567401843638
m31aw,126.0,322.0,168.0,171.0,men,137.2,201.8,153.7506281731024,631.524474727499,1108.0234604167827,2149.4501154836535,3356.3642005262745
m32aw,95.0,290.0,176.0,107.0,men,109.3,173.7,143.21282559497607,623.7449722662543,994.4454479868036,2491.6102272747235,3475.0980963567667
m33aw,89.0,357.0,136.0,135.0,men,91.3,179.7,132.11527423896106,648.6184355421569,1054.1343272167903,2421.8569749672733,3178.9339933154665
m34aw,120.0,359.0,159.0,221.0,men,150.6,229.4,113.92461460077305,615.9730929898387,1004.6077288904636,2472.227678392615,3434.3393670940936
m35aw,99.0,403.0,137.0,210.0,men,123.3,223.7,107.59715679518044,657.9550377951366,1069.544006777141,2489.230283998831,3484.774499008726
m36aw,103.0,403.0,165.0,149.0,men,107.5,206.5,113.9757805696305,655.3202264115898,1079.0353846681714,2565.8377430701635,3319.5811608492286
m37aw,72.0,274.0,105.0,111.0,men,74.7,141.3,130.20023058494598,603.0212626990493,991.273435920895,2153.7164416438914,2798.8686379063624
m38aw,91.0,320.0,153.0,156.0,men,116.7,192.3,142.52212336710429,635.1635678555449,1098.8247778149425,2593.0447444125048,3584.1195357015454
m39aw,114.0,310.0,149.0,168.0,men,126.2,190.8,124.31101489383279,657.8968220632984,952.2512894035966,2220.2213453430063,3094.7503417261864
m40aw,82.0,363.0,144.0,112.0,men,82.0,174.4,133.0226010441124,628.0782265343812,1135.0508914585594,2308.2360790565685,3876.025165013232
m41aw,82.0,331.0,170.0,181.0,men,134.4,216.6,133.54525277782886,685.4995847972135,1086.4355622109626,2528.3052338097855,3428.5423756951895
m42aw,178.0,506.0,279.0,239.0,men,204.9,313.1,124.03761650698284,662.374543411916,1005.2622834112473,2396.6731979978326,3545.3598871945564
m44aw,74.0,375.0,103.0,167.0,men,85.3,184.7,99.1338114824184,680.0069533087483,1023.9611041022001,2819.9245950662025,3092.7804247866356
m45aw,120.0,413.0,223.0,287.0,men,206.7,303.3,183.10959054470135,699.5980080799051,1051.963433289219,2790.1810553241603,3525.43943250558
m47aw,102.0,402.0,169.0,178.0,men,124.0,223.0,119.99256528295386,598.2559809168795,1011.1293446680663,2340.0321033520718,3309.5302853014846
m48aw,90.0,332.0,119.0,175.0,men,107.1,186.9,117.77974123200185,606.6407573090203,1072.8087829660885,2430.8305964495185,3663.2179961419506
m49aw,92.0,385.0,201.0,240.0,men,172.2,268.8,121.91029896552807,646.9081117882805,945.6031725011486,2562.3876202601446,3340.768721362526
m50aw,83.0,360.0,138.0,173.0,men,109.8,201.2,108.04609326114999,671.5511952837201,1148.6428613162138,2412.103719470076,3577.9858794170273
w01aw,91.0,396.0,152.0,132.0,women,91.7,192.3,219.20179736474566,784.0857221877344,1190.999860573915,2771.1536756471264,4042.0113150594984
w02aw,132.0,596.0,240.0,235.0,women,160.9,314.1,213.75076172682256,772.7149222784685,1273.5285633884946,2814.5745114496353,3996.1741715791177
w03aw,101.0,427.0,200.0,203.0,women,147.7,255.3,144.5027604093147,775.7097986330002,1080.262834532586,2854.8248478248515,3287.8846573675864
w04aw,126.0,505.0,336.0,284.0,women,247.5,372.5,205.62520971097368,779.5230324498344,1266.3401017666895,2805.764956898803,4061.2904129658396
w05aw,120.0,483.0,233.0,214.0,women,163.6,283.4,229.68794258361598,857.2637149803131,1320.5388318614034,2500.9913502100767,4819.055439771356
w06aw,85.0,448.0,259.0,254.0,women,196.6,316.4,215.05021613207202,799.9499201648488,1258.0468299771828,2830.4661706144743,3775.475254461659
w07aw,117.0,431.0,224.0,240.0,women,180.2,283.8,175.6438081189362,773.2641042917614,1118.7448029508905,2705.8871087448815,3945.624883576827
w08aw,110.0,430.0,240.0,202.0,women,168.2,273.8,242.18971487858335,838.0593894956787,1446.1966425741525,2972.405872630379,3874.4361517386465
w09aw,106.0,415.0,247.0,235.0,women,190.0,292.0,239.31140483475318,833.3346883622925,1110.6801433591563,2505.814433496646,3779.0379721951863
w10aw,64.0,480.0,176.0,208.0,women,123.4,260.6,223.80023416036735,780.7851398375087,1219.3710496286985,2779.7379870750547,3827.80231936293
w11aw,83.0,463.0,197.0,141.0,women,106.3,231.7,203.14367895942817,732.0944979489652,1121.1935269895569,2780.1667004728433,3784.710094918921
w12aw,128.0,525.0,224.0,272.0,women,182.5,313.5,226.6507730142068,819.4929118904328,1251.6214769252758,2462.6462844471166,3877.9703302512066
w13aw,133.0,496.0,160.0,200.0,women,133.0,239.9,232.78460973468168,730.6838322588943,1201.356106186347,2556.5379152810424,3983.064327075656
w14aw,114.0,380.0,130.0,137.0,women,114.0,177.4,224.88502674431635,735.1989503820647,1116.9532991881265,2866.008675360687,4270.004941592716
w15aw,185.0,579.0,235.0,226.0,women,185.0,295.5,241.2741547116007,765.9887891711834,1202.5514406474751,2634.2216692409943,3756.2210502807498
w16aw,149.0,491.0,304.0,331.0,women,261.1,373.9,201.4808816069332,887.8183771074987,1242.5186936608236,2985.4183676112757,4134.498006355473
w17aw,124.0,465.0,308.0,294.0,women,244.7,357.3,211.18138440207795,783.0065250466381,1183.3694115907908,2872.1884929977364,3729.185904732412
w19aw,118.0,445.0,168.0,226.0,women,143.0,251.0,242.04290942286852,805.7638621341357,1189.762949661759,2955.859172041915,4102.021342258925
w20aw,149.0,493.0,319.0,283.0,women,244.2,357.8,190.24496543568523,703.2215239612391,1135.734584796656,2996.1772559950423,3942.703581055037
w21aw,141.0,606.0,243.0,243.0,women,166.3,319.7,225.8143452257609,714.4288893194296,1179.3729866886156,2895.9556678144227,3994.9286712693647
w22aw,128.0,446.0,252.0,268.0,women,207.5,312.5,190.62890909673607,741.1602915511256,1140.7657086978431,3053.3474858019154,4006.3337520933683
w23aw,120.0,482.0,233.0,195.0,women,154.3,273.7,176.33448443543114,811.6282640416754,1281.2861236984995,2645.0441056087116,3436.639278409588
w24aw,126.0,492.0,316.0,329.0,women,262.1,382.9,247.12846722393422,904.9759742662967,1505.9233473335344,3068.5175023192596,4032.2079631554084
w25aw,147.0,561.0,352.0,325.0,women,270.2,406.8,204.5036086757559,817.3814612667746,1308.0371198481903,2801.8574840181645,4097.342507189104
w26aw,149.0,527.0,285.0,304.0,women,232.1,356.9,187.4178175353336,675.746454623061,1078.9384296928797,2729.7151988797527,4033.1059661579925
w27aw,130.0,414.0,209.0,203.0,women,159.1,252.9,247.99811266843523,833.514450079839,1233.487853696313,2783.128283263366,3198.9164511653526
w28aw,67.0,329.0,156.0,143.0,women,106.3,192.7,220.01142791007763,852.7816699672072,1499.645024307978,2800.5104577951493,3954.9318461030216
w29aw,131.0,458.0,184.0,208.0,women,142.0,250.0,213.63113715313474,712.5213332792574,1050.7903741941386,2701.5966392518612,3631.975892893079
w30aw,98.0,417.0,129.0,146.0,women,98.0,190.1,233.53099407376357,866.0045363698322,1253.154512374341,2729.674647161334,3698.6866468080943
w31aw,141.0,525.0,315.0,264.0,women,226.1,352.9,197.9650986798574,781.4885994519773,1271.9651948592987,2797.7006955571637,4010.062405091579
w32aw,121.0,408.0,195.0,210.0,women,155.1,249.9,224.81735591835937,750.3748297099578,1205.504316838448,2545.428315032893,4952.400504175292
w33aw,137.0,465.0,171.0,199.0,women,137.0,239.1,239.75324003555676,909.0761920768466,1408.5582719683632,3051.209297282727,4312.5491040753905
w34aw,144.0,397.0,168.0,184.0,women,144.0,217.7,216.6021055601566,798.4521802034185,1166.5401005979163,2747.6455576259577,4268.28175056403
w35aw,204.0,535.0,300.0,310.0,women,250.4,359.6,207.81841124397516,788.2635615101163,1207.3753118436396,2933.2840531610896,3563.11741949822
w36aw,193.0,615.0,331.0,383.0,women,287.4,426.6,212.1620671973672,831.5217444909102,1226.571522415258,2954.5955644354863,3832.9125190970803
w37aw,120.0,533.0,223.0,236.0,women,161.4,297.6,196.47232508509651,780.995886277636,1081.4738280609283,3286.0552690052573,3593.350706764571
w38aw,137.0,464.0,189.0,208.0,women,144.5,252.5,224.07220343378046,832.0688967594465,1260.9789336218864,2639.411877453694,3543.062659356181
w39aw,181.0,550.0,377.0,354.0,women,304.6,426.4,209.26512963241436,756.583438141794,1106.6429524223365,2633.22267310874,3717.731997439892
w40aw,166.0,469.0,185.0,203.0,women,166.0,244.0,198.389707097798,708.6328062681719,1045.2882388194162,3135.599333558253,3600.4922183032972
w41aw,141.0,473.0,233.0,254.0,women,188.7,298.3,198.90815739780982,795.555006582512,1034.4013020825662,3032.934187584584,4017.9633195831684
w42aw,126.0,513.0,171.0,192.0,women,126.0,245.4,242.54093999480486,842.5170375248719,1254.1700528482772,2811.3783850657815,3997.0919090595403
w44aw,122.0,512.0,220.0,191.0,women,141.2,269.8,224.12932638523796,761.1418751787977,1087.2591308412143,2475.157525140804,3774.1481353574313
w45aw,115.0,466.0,248.0,192.0,women,162.1,277.9,204.08816157023887,792.94447907417,1103.1088036995552,2630.1621946114496,3320.8387512590975
w46aw,87.0,483.0,128.0,160.0,women,87.0,209.3,162.66112570240242,806.3627250207635,1173.5337463605872,2919.94536852504,3888.3744246673155
w47aw,125.0,435.0,247.0,263.0,women,203.8,306.2,208.33420382792735,776.994021362819,1138.2203540692265,2567.113622305016,3679.2672397340752
w48aw,77.0,432.0,172.0,143.0,women,98.9,216.1,222.94415805641748,730.4127496643056,1159.296804161135,2772.3693161588744,3504.104077221287
w49aw,130.0,448.0,174.0,182.0,women,130.0,230.5,223.4103764951835,674.0536701150654,1058.3423606560382,3244.9502234220417,3955.399935437
w50aw,89.0,450.0,138.0,166.0,women,92.4,211.6,245.826842084747,892.7487711912082,1138.470128192646,2890.9463520125432,4062.8896985023835
b01aw,81.0,323.0,130.0,152.0,children,101.1,180.9,246.21057803197402,873.4963858711944,1557.1461533303018,2984.615071213999,4739.080101151605
b02aw,254.0,581.0,375.0,306.0,children,286.5,394.5,264.1155449288639,833.9479182798676,1301.3902045151744,3436.7145513230716,5886.890478593073
b03aw,77.0,411.0,216.0,212.0,children,158.9,269.1,207.0186465827437,1012.4955349605381,1879.418965900077,3654.373064362735,6221.060032496945
b04aw,184.0,488.0,266.0,294.0,children,229.8,330.2,244.52052083387034,922.2937297888409,1471.2545289681275,3213.1045408408568,4940.2952001848025
b05aw,70.0,306.0,96.0,117.0,children,70.0,145.4,202.3793669024958,864.1348146320097,1935.2991532051685,3968.762503703727,4963.323782043948
b07aw,151.0,529.0,214.0,245.0,children,167.1,291.9,302.71103374915924,963.2800888612742,1431.0236283960655,3306.2627023845275,4657.868204797952
b08aw,268.0,621.0,372.0,393.0,children,324.3,440.7,205.2056854362465,876.4694375836524,2882.5516041155474,4246.355287477093,6021.07969986122
b09aw,137.0,450.0,210.0,244.0,children,175.4,278.6,237.2962946857301,974.3327345759964,1311.8705302130945,3592.53438477374,5500.839376659228
b10aw,145.0,461.0,249.0,220.0,children,182.4,286.6,209.31907096428785,749.5651529750706,1331.203276373032,3492.2240268579567,4822.0860039485715
b11aw,122.0,453.0,218.0,170.0,children,139.4,248.6,203.51327111478275,915.2982031475494,1711.8327092042853,3381.465937339116,4854.4883688789505
b12aw,108.0,477.0,175.0,151.0,children,108.0,223.9,252.3413294080063,953.1855468656489,1922.3147762226793,3973.863506596326,5436.957623384805
b13aw,117.0,439.0,209.0,207.0,children,154.9,261.1,213.04627230402014,912.3696761137497,2662.1512085219806,4304.800161165803,5345.538026433168
b14aw,115.0,358.0,202.0,166.0,children,143.9,224.1,205.23208384807612,932.1046767814502,1291.6009642496574,3302.4860842242806,5581.888410168666
b15aw,76.0,388.0,128.0,117.0,children,76.0,174.0,258.94688486396734,809.1722016271676,1359.4584496492841,3423.4303242034816,4948.737326212208
b16aw,160.0,527.0,254.0,247.0,children,189.9,311.1,204.78595358780746,767.3906265237848,1599.1120805358119,3780.767839282509,5450.419573035847
b17aw,72.0,387.0,195.0,165.0,children,128.0,232.0,260.7706547678256,886.4475999488262,1277.6835621323166,3174.7093409165604,4558.279693006069
b18aw,105.0,374.0,223.0,211.0,children,172.6,261.4,246.48696693084852,1002.494353469285,1845.0073494218798,3193.89574499311,4346.482309708711
b19aw,80.0,374.0,128.0,144.0,children,87.5,184.5,225.76555312344345,968.2412013378037,1936.7629263569222,3060.067471286693,4588.037327403045
b21aw,106.0,482.0,256.0,241.0,children,186.5,310.5,240.24048986926772,903.1256833610157,2579.301635078588,4704.840325659414,5228.318386885312
b22aw,133.0,517.0,208.0,188.2,children,134.7,261.5,252.0909402916985,816.2825805936864,1949.0553050381504,3178.8732948715106,4817.420084850991
b23aw,168.0,481.0,229.0,203.5,children,168.0,267.9,274.43718523989475,1025.0479202799224,1115.8197679579694,3538.5641221392934,5100.250690118781
b24aw,114.0,310.0,176.0,145.9,children,128.6,193.3,209.21106716634108,890.3335628337991,1956.3146654585332,3630.654673886474,5213.040779403317
b25aw,115.0,455.0,179.0,146.9,children,115.0,219.0,218.468831936262,806.179663090951,1382.4606823621207,3809.7855412450085,5516.667158752155
b26aw,87.0,449.0,160.0,133.4,children,87.0,206.4,221.08890804364384,711.3183336490633,1303.838640936305,3453.2639983618865,5114.1512332885995
b27aw,103.0,353.0,127.0,126.7,children,103.0,168.1,216.02892127279222,835.9485010527527,1292.9677531139575,3399.0384843455786,5189.58923363605
b28aw,93.0,360.0,144.0,122.9,children,93.0,177.5,187.04280951121203,778.8567129615789,1716.5407912838255,3848.13558933913,5122.521511823772
b29aw,92.0,397.0,157.0,135.4,children,95.9,196.5,218.45483953571858,982.4127112111365,1729.630810030207,3561.2891180515567,5298.870512913407
g01aw,126.0,475.0,176.0,184.0,children,126.0,237.6,242.5175626674042,944.0190718505568,1431.2527271816698,3761.2318879945433,5131.754333617112
g02aw,111.0,360.0,152.0,176.0,children,122.9,205.1,219.36608363539455,833.0781439755262,1472.1134901902717,3534.909736239453,4404.95463133347
g04aw,128.0,558.0,299.0,287.0,children,222.0,363.9,244.18281324459764,982.673998512348,1446.2507912934484,3395.7124608116933,5055.431264202271
g05aw,174.0,542.0,235.0,254.0,children,183.8,305.2,209.75503551009555,1012.1163444343522,1710.916762398258,3570.08828122763,5104.009270681607
g06aw,150.0,450.0,247.0,250.0,children,199.0,298.0,225.00181191465853,1045.8530528555796,1219.9299606442016,2768.1597423334874,4301.407027178903
g07aw,127.0,469.0,305.0,326.0,children,259.1,371.9,233.09253420062984,787.957154363981,1473.8171827727147,2628.041070734053,4121.258883540805
g08aw,187.0,564.0,322.0,360.0,children,278.8,403.2,269.153456262418,855.4402912828239,1455.0692122192677,3497.325231003589,4348.405676348272
g09aw,72.0,497.0,160.0,168.0,children,93.9,234.1,298.9969454612511,984.1867004451411,1470.094940733866,3314.8173479048282,4806.098691682384
g10aw,99.0,384.0,170.0,170.0,children,123.0,217.0,230.21294457072054,880.552217246864,1508.0728354694402,3863.989615177876,4302.9771491757165
g11aw,153.0,533.0,260.0,293.0,children,213.8,339.2,231.7650115849369,1003.9413755466769,1434.6117958386167,3229.925312111846,5199.308336837565
g12aw,95.0,418.0,266.0,249.0,children,204.2,310.8,238.0997646636077,968.8110924147823,1670.5115550913688,3546.6871335973688,4645.638807875235
g13aw,133.0,472.0,269.0,257.0,children,207.1,318.9,237.07502412576278,839.5840652686214,1350.6738109867208,3561.742767923653,5330.088643771189
g14aw,100.0,432.0,210.0,290.0,children,195.2,304.8,210.16364679770157,934.885157216238,1154.4029017694388,3128.5821332677374,5024.184172494761
g15aw,83.0,443.0,197.0,232.0,children,155.1,273.9,238.5821798662429,1146.4594293579355,3236.038340828747,4021.0451418212288,5752.792034757794
g17aw,141.0,432.0,177.0,172.8,children,141.0,222.9,236.44238573580668,901.832598930315,1504.4782253574979,3631.5797212461302,4959.518626070917
g18aw,153.0,594.0,230.0,211.2,children,153.0,293.4,214.7348853887499,892.6575008579225,1320.5043227963129,3609.6669741640294,5271.400810684253
g19aw,100.0,318.0,136.0,122.9,children,100.0,165.4,220.10456693697805,875.8126810230668,1290.747905689864,3710.756768447878,4654.799445831599
g20aw,120.0,394.0,178.6,141.1,children,120.0,205.1,257.43144383682187,957.7357797995573,1236.5195698648713,3561.065317470476,4321.631211043319
g21aw,116.0,375.0,165.1,154.6,children,117.1,202.6,218.36616756528446,819.237928892847,1403.0652711596804,3791.3014632539757,4736.777713063676
m01eh,172.8,438.3,226.0,257.0,men,197.7,285.3,170.32063115318869,609.4882880223074,1911.6354024144182,2589.9971576701314,2799.3448383884247
m02eh,144.0,311.0,164.0,176.0,men,144.0,197.6,108.93233747390627,539.6875220967868,1874.2806916940715,2418.3893929249575,3415.4888379453773
m03eh,154.0,438.0,279.0,256.0,men,220.6,314.4,94.23113417448707,554.0304630884392,1705.4364160485172,2401.5334611796216,3594.812398056033
m04eh,78.0,307.0,151.0,209.0,men,142.2,217.8,126.6546748825457,681.2210945054344,1589.7644488248852,2591.396792825905,3735.2836941102432
m06eh,63.0,240.0,119.0,122.0,men,91.3,149.7,121.11836112022932,560.2517952909492,1812.243096071875,2590.732234167606,3558.9250740232224
m07eh,88.0,285.0,128.0,192.0,men,127.5,192.5,104.32066709683396,577.2045622658172,1894.1243334286535,2676.642758162037,3916.089881508825
m08eh,97.0,336.0,122.0,144.0,men,97.0,172.4,127.55254528384587,607.1236840074865,1755.286737323892,2448.930430010165,3666.0239578061337
m09eh,127.0,366.0,212.0,210.0,men,171.6,250.4,124.99835214035477,574.4117915900235,1727.3915132105863,2655.5345470698803,3587.8514271196036
m10eh,117.0,303.0,150.0,152.0,men,120.3,181.7,155.58443774701394,609.1299425921983,1745.6766141602825,2704.0788126002494,3776.436059765761
m11eh,131.0,392.0,237.0,270.0,men,210.4,296.6,145.80251636521487,587.0889908414953,1718.8824149239974,2517.519510459599,3731.4566225537073
m13eh,82.0,285.0,144.0,124.0,men,100.5,167.5,102.58458125787222,599.4119077803088,1841.2109521480634,2627.691580336287,3565.220090630149
m14eh,80.0,311.0,128.0,139.0,men,95.4,171.6,110.27427176465012,588.4696145095724,1818.3389337505876,2619.8100126157387,3749.994686507367
m16eh,58.0,214.0,85.0,84.0,men,58.8,110.2,147.99055570105352,542.7624121830404,1716.3402349792689,2498.7029237281804,3010.7651372707423
m17eh,84.0,265.0,190.0,189.0,men,159.6,219.4,137.95144636644497,540.8607174593013,1780.4453278774,2429.1568410795685,3924.6253930465355
m18eh,142.0,312.0,170.0,188.0,men,150.9,207.0,134.7483290981086,618.265453292641,1832.18936540301,2720.4808249694674,3495.5080962010998
m19eh,98.0,283.0,110.0,136.0,men,98.0,153.5,150.10753386052247,572.9375248472576,1826.017612490621,2684.223411815932,3657.1450680816556
m20eh,58.0,257.0,135.0,157.0,men,113.2,178.8,135.94001054872774,600.461072913659,1759.6761746978316,2662.276081405805,3074.4787336042677
m21eh,65.0,203.0,118.0,112.0,men,92.2,137.8,124.91604856945078,588.4335086886765,1613.3397399120965,2261.255719163324,3423.9208046895606
m22eh,139.0,323.0,166.0,212.0,men,158.6,219.4,123.19824122515526,635.8305206474853,1786.0692379056945,2615.9053480839452,3553.652077809607
m23eh,97.0,324.0,144.0,161.0,men,115.0,190.0,111.2142737827449,631.5191796470488,1784.989558442747,2603.477023849721,3666.2737624464544
m24eh,169.0,322.0,213.0,232.0,men,197.3,247.7,118.82927689631146,619.5637662549902,1863.1249521952748,2396.204711058666,2779.995526839506
m25eh,77.0,267.0,124.0,121.0,men,91.1,153.8,105.71744909894304,561.1343400532113,1730.637945840397,2475.667454801553,3427.797478516667
m26eh,124.0,331.0,144.0,152.0,men,124.0,182.2,114.15126509557956,612.5334876244082,1673.2428477082494,2500.7161834166413,3423.0023865811495
m27eh,92.0,307.0,131.0,133.0,men,96.5,167.5,105.53600318462236,641.5583533790156,1860.3398446276215,2572.5641698605214,3378.165356413047
m28eh,111.0,236.0,156.0,144.0,men,129.4,170.6,129.5792216449157,660.8073554345585,1865.3467062085506,2743.001560835562,3472.8758809113656
m29eh,116.0,293.0,175.0,192.0,men,154.3,212.7,117.23632631236892,612.2896935505223,1824.4911304385435,2523.6200982733963,2692.0857440398504
m30eh,78.0,275.0,127.0,134.0,men,98.0,163.0,99.3881138495655,569.1376199266311,1762.862902351106,2575.8921832619053,3456.885079247223
m31eh,94.0,240.0,137.0,149.0,men,118.9,167.1,145.31903104267127,579.5950847964428,1751.7249829878717,2685.1215689477494,3686.803591105724
m32eh,66.0,232.0,96.0,96.0,men,68.6,123.4,148.36855217002645,606.0257349473678,1827.1314191976387,2451.8120489949406,3664.4860812534594
m33eh,73.0,278.0,128.0,138.0,men,99.2,166.8,130.56090324779254,585.9320723829065,1761.0481848615475,2567.685863805109,3671.335050272563
m34eh,93.0,278.0,120.0,166.0,men,112.5,173.5,120.77378828319463,539.9422192444107,1714.5772100430636,2537.3456351457944,3581.546739284538
m35eh,93.0,337.0,149.0,161.0,men,114.7,195.3,111.36920739571671,523.9102521521801,1773.7319809270714,2464.0750729419615,3276.7364948660556
m36eh,74.0,291.0,108.0,112.0,men,74.2,145.8,116.7144038127481,577.1955773639176,1858.2168964440182,2658.105419864519,2846.3205895143165
m37eh,61.0,200.0,86.0,83.0,men,61.6,107.4,131.76834254016154,585.8121862560126,1692.3507322905177,2444.035861892845,3469.96526535067
m38eh,81.0,239.0,119.0,99.0,men,82.9,135.1,135.61327741789762,599.3333452091198,1775.6848103729924,2533.4711390141674,4077.1793197039005
m39eh,86.0,287.0,183.0,179.0,men,147.8,214.2,148.4750608601386,633.3657112678573,1850.9711059073202,2727.322351461503,3694.8355187736524
m40eh,72.0,276.0,166.0,158.0,men,128.3,195.7,136.04819066529086,616.2522125142186,1936.9890723673238,2648.5512323315706,4118.123044763696
m41eh,81.0,269.0,158.0,155.0,men,125.5,187.5,137.43117250862733,567.7080836510723,1611.518365229686,2555.0469943691674,3428.4258853647166
m42eh,107.0,314.0,211.0,144.0,men,143.3,211.7,151.04140637576558,602.6262290224911,1781.2225127849524,2817.3419668091306,3717.8498129187165
m44eh,75.0,275.0,104.0,128.0,men,83.0,149.0,97.32869520892275,562.4529922292353,1721.8283095568215,2355.488044469407,2867.5615367834075
m45eh,100.0,300.0,112.0,118.0,men,100.0,148.0,185.95504711927708,706.4758049533334,2286.2495139175053,3055.1333841200044,3825.5212923088743
m47eh,88.0,297.0,168.0,186.0,men,142.5,211.5,124.74136409569073,529.9991361104957,1601.413369993299,2519.6715431276402,3482.117606536079
m48eh,76.0,274.0,181.0,189.0,men,152.3,217.7,121.92202005274073,581.5020376203872,1814.0487360991024,2481.4221521021504,3980.7700141702385
m49eh,78.0,250.0,127.0,144.0,men,107.1,163.9,112.54458460847877,555.2238977320204,2001.122272878498,2879.7139960099926,3734.435604354249
m50eh,62.0,240.0,87.0,108.0,men,68.1,126.9,113.23606017699589,574.1260618852907,1889.820103272585,2573.0363489660576,3453.4770642078197
w01eh,96.0,313.0,121.0,132.0,women,96.0,162.3,230.94980354956436,750.7547685914642,1961.8952419921213,2861.7754690285788,4436.677094122741
w02eh,158.0,590.0,312.0,328.0,women,248.7,391.3,198.3297531838479,748.0043978386796,2168.8288311057468,3046.308864743934,4397.346823879622
w03eh,62.0,264.0,126.0,162.0,women,110.7,177.3,221.4242105566603,724.0487398964949,2016.879271548529,2879.0215019846833,4035.3568696639545
w04eh,96.0,411.0,307.0,264.0,women,233.5,337.5,217.18398053776482,712.3470701585618,1994.7479607979585,3104.7164127821957,4498.41296790206
w05eh,102.0,362.0,277.0,223.0,women,207.1,292.9,229.0466035027068,771.148622923943,1900.8665357893212,2795.6335698536327,5032.368403518752
w06eh,88.0,368.0,166.0,174.0,women,123.8,216.2,214.9694134658352,717.098829586026,1888.528874144026,2798.254865475541,3909.8065808469228
w07eh,200.0,438.0,288.0,304.0,women,256.7,335.3,199.05257846547397,736.5385885341492,2092.035914176923,2681.430886717414,4159.940043874303
w08eh,93.0,292.0,177.0,210.0,women,160.7,226.3,241.38658479777442,747.3588526074939,2107.534121516509,2609.6822081172836,3649.8792702529104
w09eh,61.0,294.0,103.0,101.0,women,63.6,140.4,247.6551168829127,708.633093625761,2131.2448691207182,2841.5585676584096,4333.203366265083
w10eh,72.0,343.0,112.0,128.0,women,75.3,164.7,232.89052623164375,703.1787049487918,2028.292840335875,2860.3784072990125,4058.1923111500478
w11eh,82.0,399.0,216.0,181.0,women,146.2,250.8,197.94571068455625,757.6567896475331,1937.9058803756686,2918.2498843462195,4115.54585828333
w12eh,116.0,350.0,219.0,212.0,women,176.9,254.1,210.2231099072663,693.1011426724785,2332.210239101333,2936.1864617476085,3989.511445418516
w13eh,109.0,340.0,237.0,265.0,women,212.9,289.1,215.4800105922272,672.7705452580858,2127.231760305199,2743.394983184358,2895.8095214198056
w14eh,99.0,340.0,127.0,162.0,women,104.7,184.3,229.95895424533225,837.4711542830345,2246.5768504689013,3112.865145191894,4636.477791415289
w15eh,170.0,387.0,302.0,297.0,women,263.7,335.3,222.7177848643204,711.8958535289801,1985.760963942505,3002.02222272208,4146.728246930077
w16eh,149.0,402.0,297.0,254.0,women,233.8,317.2,198.60998551774915,771.1918350136411,2084.0610085775975,2471.9758597704135,3339.4108196840807
w17eh,128.0,316.0,219.0,197.0,women,177.0,239.0,216.9589855067852,755.2946176743889,1925.1596346648314,2923.684637619397,4215.815768576848
w19eh,158.0,475.0,341.0,289.0,women,262.7,367.3,238.3456964535502,762.9622093312792,2002.5747184896447,2609.497955456394,3821.6930052953508
w20eh,188.0,451.0,287.0,283.0,women,241.6,328.4,177.7526142517779,712.1773495190666,2156.1114902042737,2836.465955389098,4153.587386293702
w21eh,128.0,409.0,202.0,188.0,women,148.6,241.4,236.4192443531023,737.6204590022822,1869.6191909050758,2898.911714854633,4109.739300806944
w22eh,153.0,392.0,184.0,192.0,women,153.0,227.4,184.051719658149,612.3985887041746,2161.710000237187,2953.8700998203376,4366.921558274846
w23eh,121.0,415.0,232.0,256.0,women,195.5,292.5,209.74616686445833,760.8966420756718,1877.129836959111,2867.2410639355485,4303.975993437939
w24eh,126.0,357.0,192.0,208.0,women,161.9,238.1,253.3546325522144,840.7404293835184,1687.8778546706612,3001.2266966437555,4267.244212986327
w25eh,139.0,525.0,316.0,289.0,women,238.8,366.2,209.40706188345487,799.7100482470466,2029.3556578863465,2954.3020754337385,4510.6463473591275
w26eh,198.0,381.0,272.0,288.0,women,249.8,310.2,201.95379677153028,615.9542387577351,2059.195822819377,2935.69013569855,4083.2016389750215
w27eh,107.0,343.0,232.0,203.0,women,178.6,256.4,248.36724182791613,749.823355792332,2032.9506486637447,2644.171706182936,3146.4608514801293
w28eh,87.0,264.0,120.0,144.0,women,102.8,161.2,222.44998584018686,698.7048076970626,2018.9988445154597,2992.942595765815,4329.09503228942
w29eh,62.0,255.0,80.0,92.0,women,62.0,117.8,205.42058747169003,598.1757294096423,2385.6234365769565,2963.5796405258334,4263.385551862859
w30eh,108.0,329.0,124.0,167.0,women,109.0,182.0,242.088311854905,887.5035915863145,2065.1103203889074,2862.5462796896495,3658.955860215622
w31eh,191.0,439.0,232.0,264.0,women,207.1,288.9,217.6468413894349,588.8367504542466,2133.4096756198805,2989.208746045043,3788.217147814139
w32eh,124.0,315.0,200.0,196.0,women,166.5,229.5,189.53884145369875,735.0784575689628,1587.8811116943903,2507.528355190522,4020.6861340246687
w33eh,106.0,300.0,176.0,192.0,women,152.0,216.0,238.10195979170788,884.0357449434839,1652.2303903135107,2318.834462917718,3635.6172980256606
w34eh,173.0,352.0,231.0,243.0,women,207.5,266.5,214.89948261666984,804.3048241978428,1977.2585564893716,2790.771810286324,3744.656443941303
w35eh,136.0,359.0,254.0,262.0,women,221.2,294.8,202.603100880025,708.5977211578861,2036.4707038801985,2901.18912920787,4084.2876106319263
w36eh,180.0,548.0,212.0,237.0,women,180.0,285.2,205.94460189612545,772.1148504832717,2021.045457902044,2987.0962296983603,4262.64998085732
w37eh,226.0,569.0,435.0,433.0,women,377.4,490.6,193.5180876167883,702.8100530893098,2157.7566525820143,3113.1989074126013,4485.124582216248
w38eh,96.0,364.0,278.0,257.0,women,223.3,311.7,209.7630237613873,719.7201546492602,2080.176148983696,3087.729693118704,4359.691327163328
w39eh,195.0,454.0,226.0,251.0,women,195.8,281.2,195.468394955408,718.5395583957237,2015.9704222694277,2767.7283182163237,3993.7650406033927
w40eh,146.0,383.0,259.0,284.0,women,232.4,310.6,186.0941228644901,720.3284817748329,2091.9742860925835,2983.625161202871,4300.340701287324
w41eh,118.0,321.0,160.0,162.0,women,127.5,194.5,221.2476605833543,703.2368012180904,2278.8633894881464,2999.3268074386838,4279.3423347972985
w42eh,103.0,353.0,234.0,255.0,women,203.2,285.8,209.28418383467152,622.0131163414192,1873.3685176291901,3010.1409031184385,3471.3619068487305
w44eh,118.0,373.0,218.0,226.0,women,179.9,264.1,220.9667422086568,724.0494910367761,1950.9801004285364,2818.131993747416,4050.5461089774512
w45eh,108.0,355.0,232.0,240.0,women,195.2,276.8,198.54824230522127,765.5198052224197,1973.7500935554401,2770.352496146146,3992.91346242313
w46eh,101.0,385.0,187.0,186.0,women,139.6,233.4,169.45971673524704,697.2723830089844,1687.8157294659438,2467.7677176827374,3352.288724745876
w47eh,74.0,318.0,192.0,190.0,women,150.7,231.3,216.43244412846428,754.0679840530157,1911.7502527292247,2589.723835483183,4273.618433067402
w48eh,110.0,354.0,219.0,223.0,women,180.7,261.3,214.30504646506745,675.8479367801613,1834.0421456151207,2850.854508804053,3893.5126674558446
w49eh,131.0,352.0,152.0,168.0,women,131.0,196.5,221.07806817861524,735.8052782038998,2236.878849085863,2970.603982159094,3915.153130391652
w50eh,84.0,354.0,265.0,251.0,women,213.4,302.6,221.99580345332654,824.7582098526077,1958.0838841870273,2961.997374954126,3855.460411674072
b01eh,89.0,273.0,167.0,170.0,children,138.1,198.9,214.41318175192396,695.5907668770951,2103.5306367612725,3183.4397797143934,4623.622030315977
b02eh,147.0,342.0,190.0,193.0,children,159.3,223.7,279.54025669841457,665.1805538631428,2299.9354483579987,3427.9507372793023,5057.162330475355
b03eh,166.0,426.0,280.0,256.0,children,225.1,310.9,193.4032810421639,742.1650665065555,2347.7812654949316,3596.779215320416,4861.686463619851
b04eh,180.0,544.0,279.0,264.0,children,211.4,331.6,245.30128846544625,725.9342306550817,2467.075778135763,3487.478020887232,4922.595764055629
b05eh,68.0,275.0,126.0,123.0,children,90.3,158.7,217.82256641515391,753.4515710879376,2220.6555972536785,3717.528349156469,5162.780454954075
b07eh,120.0,392.0,208.0,240.0,children,179.1,268.9,295.79836484933935,876.3541871174706,2121.818005616966,3238.8943631156612,4464.8338289055255
b08eh,198.0,333.0,276.0,254.0,children,242.7,287.3,207.82520526605708,608.3507224366665,2567.9657227678717,3673.5877347675887,5474.883742621122
b09eh,130.0,323.0,192.0,215.0,children,171.7,235.3,236.99647739657942,719.201707413199,2273.371546803201,3546.6475639587215,5119.694817085854
b10eh,144.0,378.0,255.0,234.0,children,205.9,283.1,213.44797979487782,653.2514654140928,2532.3768480198464,3491.908650226632,4948.35323977741
b11eh,89.0,371.0,168.0,170.0,children,122.5,215.5,218.34219669026305,814.4420157966281,2194.808987389625,3432.6602723417336,4782.620264571353
b12eh,114.0,477.0,241.0,174.0,children,147.6,267.4,246.34656958802725,735.7419188279137,2359.1792760978806,3420.454632709598,5129.576649719959
b13eh,78.0,336.0,112.0,134.0,children,80.4,165.6,229.62737257021945,675.0499378165482,2329.6882774163146,3277.8533967053336,4966.568760893736
b14eh,113.0,281.0,152.0,168.0,children,132.3,187.7,150.1516065960301,764.0829231141147,2244.355037612349,3619.006929502521,5972.580453433105
b15eh,92.0,404.0,246.0,204.0,children,173.5,276.5,276.98676193651755,728.5042401686133,2231.185988536504,3739.204038480009,5162.271068825891
b16eh,136.0,427.0,240.0,288.0,children,216.0,312.0,200.63442163209828,622.50051090184,2385.772568860767,3368.598109067927,5097.816908693107
b17eh,89.0,278.0,119.0,110.0,children,89.0,145.7,242.03600655762136,735.5719609428525,2012.462392304001,3196.6309644447288,4991.691288533823
b18eh,111.0,306.0,166.0,180.0,children,140.8,205.2,240.84551436902257,742.7971658729826,2044.1301566730556,3237.512996207123,4525.086320132056
b19eh,91.0,318.0,120.0,135.0,children,91.0,165.0,216.23658000198247,638.5547843780485,2510.0906953000886,3434.861418786284,5207.852326509564
b21eh,141.0,415.0,216.0,261.0,children,193.3,283.7,203.29311456589716,692.557895995801,2167.7004266769045,3566.1186242498575,5159.914082239828
b22eh,120.0,332.0,148.0,149.8,children,120.0,183.9,244.80901595555565,718.2558773666107,2235.0287325523686,3840.134701868517,5147.045159763332
b23eh,162.0,400.0,204.0,189.1,children,162.0,235.8,271.86677220280075,1022.5114106562472,2381.7597012704637,3486.1792910702793,5041.814725942616
b24eh,99.0,264.0,136.0,131.5,children,106.5,161.0,214.86979761443877,709.181172962195,2272.077295653593,3180.9828333816754,5213.692398010723
b25eh,113.0,328.0,144.0,156.5,children,114.8,185.7,234.3542702373913,730.0988673985814,2330.806500562315,3400.2485990105897,5196.733920520399
b26eh,155.0,486.0,243.0,183.4,children,158.6,267.8,213.54174804873674,680.487084023922,2265.331636421782,3839.3684856664304,5379.440103248602
b27eh,93.0,285.0,136.0,129.6,children,101.1,164.5,232.9045603944426,731.6171923726943,2322.507114305628,3472.5213012531644,4890.020680696088
b28eh,133.0,343.0,169.0,157.4,children,133.0,197.8,225.7428523609519,735.1553488366802,2289.8560173674186,3950.805006995583,5338.995841237152
b29eh,155.0,367.0,213.0,190.1,children,166.6,236.5,250.58323406008805,827.244745568154,2360.6341483370684,3492.929332630349,5350.018511214597
g01eh,119.0,321.0,207.0,207.0,children,173.7,240.3,226.66002648558765,713.2340039578578,2382.5330819737815,3734.8331811468643,5326.592033345046
g02eh,126.0,344.0,194.0,184.0,children,153.0,225.0,228.53154561711213,906.1719149236667,2223.957439309633,3478.659773372099,4833.767732898303
g04eh,194.0,471.0,270.0,248.0,children,213.3,304.7,252.46001699365493,767.0225182024076,2392.822494148289,3353.9235070501345,4563.439064334757
g05eh,150.0,478.0,267.0,277.0,children,217.9,326.1,226.3333319816666,790.4024688643605,2277.0657025738137,3354.2755259531605,4693.772227262867
g06eh,118.0,292.0,194.0,173.0,children,154.8,212.2,222.60194332649436,692.4639336725671,2245.9319836168092,3459.546773786937,4975.337344635786
g07eh,122.0,406.0,258.0,286.0,children,225.1,318.9,230.8411054293545,628.9204052873754,2333.892155693965,3265.7723648093,4633.998281828419
g08eh,179.0,473.0,216.0,250.0,children,184.5,281.5,247.714198697173,715.386716732711,2437.4213099524018,3847.7161168065845,5389.846803718254
g09eh,74.0,366.0,189.0,228.0,children,160.3,256.7,237.45800171799414,773.0407833580314,2403.707585322977,3329.3826249657823,4880.21985739089
g10eh,83.0,361.0,160.0,184.0,children,126.1,217.9,228.79429152280142,804.8352099573231,2424.0546527005295,3521.9151685093443,4899.171405445688
g11eh,106.0,333.0,170.0,180.0,children,137.5,212.5,225.63817774511676,735.2538297726842,2220.915094124457,3584.8161671186713,5285.005690009732
g12eh,88.0,338.0,228.0,203.0,children,174.2,256.8,241.24682946630796,769.8738587667501,2347.7594287887578,3623.591181947304,5198.552688082997
g13eh,134.0,384.0,185.0,208.0,children,155.2,237.8,265.3558804967804,767.2046025802197,2448.135169707764,3494.686171730189,4796.049328211189
g14eh,73.0,370.0,128.0,159.0,children,94.5,192.5,211.25766198643788,597.4666279519063,2401.8181651623267,3436.2437706456526,5082.482505752764
g15eh,153.0,419.0,249.0,245.0,children,203.1,290.9,226.95186670439156,894.2642159106126,2647.6170100609215,3707.090836198775,4975.135451507092
g17eh,78.0,282.0,104.0,121.9,children,79.3,146.6,257.31326810699727,867.6528818432295,2261.677533666105,3802.5675365786906,4940.110511839342
g18eh,114.0,372.0,160.0,145.9,children,114.0,195.5,205.0369383984468,713.7006802836391,2476.3835791128963,3390.361755080047,5056.660378925461
g19eh,127.0,349.0,186.0,153.6,children,133.2,206.4,233.37489906234325,803.6780885624257,2283.9500300552436,3667.202917700511,4499.979586609865
g20eh,121.0,349.0,183.0,153.6,children,130.7,205.9,236.47299390124914,850.6048859671264,2524.9019040241933,3258.434093059066,4329.4714760957195
g21eh,94.0,321.0,172.8,144.0,children,120.9,195.9,230.3969850015531,729.0614744627054,2432.9056645875376,4310.837383262741,5270.114977987867
m01ei,165.3,484.1,224.0,243.0,men,180.9,286.1,164.7454057624715,496.53381182079266,2117.4092738156364,2645.0669120223806,2845.341568457534
m02ei,231.0,492.0,256.0,272.0,men,231.0,307.1,110.13373204633103,466.6001201004657,2051.01046594052,2509.162300338368,3401.7409191754696
m03ei,110.0,463.0,167.0,189.0,men,119.8,236.2,92.31465177056462,447.23284705214036,1997.3528819749706,2503.154866726842,3418.0921665349038
m04ei,89.0,342.0,128.0,144.0,men,94.3,177.7,133.51337991272177,504.69543195748406,1820.094705538212,2864.448676041761,3779.3068022315992
m06ei,50.0,291.0,83.0,83.0,men,50.0,122.8,121.61571692610401,500.01715956519354,2008.4482269301448,2631.7617350318674,3497.5524359480232
m07ei,73.0,354.0,96.0,120.0,men,73.0,154.4,101.42161529506743,536.84534114475,2179.4645482541455,2728.5149758649845,3831.2855017944385
m08ei,68.0,396.0,88.0,104.0,men,68.0,150.1,134.1009889167947,538.9527042414219,1950.1301028276275,2638.522792244264,3572.656501419519
m09ei,105.0,423.0,139.0,158.0,men,105.0,201.0,121.6237551584266,465.55375540431885,1941.7925824701201,2681.9325886805623,3604.0170263690807
m10ei,87.0,360.0,180.0,171.0,men,130.5,220.5,150.07476221422473,450.1186571892837,2041.9159549784956,2683.1751448025584,3516.2040703224257
m11ei,76.0,436.0,136.0,163.0,men,90.1,208.9,138.9948996153306,437.29856384503563,2082.365481545174,2605.600821552685,3015.5809485555014
m13ei,94.0,337.0,217.0,172.0,men,154.4,234.6,94.97099126548294,459.3351679537499,2075.4470886260624,2724.8275366271923,3428.966461447192
m14ei,110.0,366.0,148.0,159.0,men,111.3,195.7,108.07185886315365,519.1528359766571,2157.562258640583,2690.2538762858508,3909.6799307319993
m16ei,57.0,275.0,80.0,88.0,men,57.0,120.0,146.64545280550738,485.4137732032238,1863.311862159877,2472.5897599953814,3037.7450597822367
m17ei,68.0,327.0,152.0,145.0,men,105.8,191.2,144.93836002042968,445.11189298772825,2033.8743240019403,2561.078394852168,3568.153377904866
m18ei,86.0,424.0,193.0,165.0,men,123.2,234.8,149.10467533549632,474.6620440907741,2052.99150852724,2650.3186551312842,3382.2473105335816
m19ei,121.0,367.0,151.0,164.0,men,121.0,198.1,156.32786892963597,497.16046724429737,2169.994513513081,2627.388099793091,3329.2171610869664
m20ei,76.0,313.0,104.0,120.0,men,76.0,151.1,139.9159171950582,544.1205414252745,1953.3248323865864,2281.357469067304,3085.758522346053
m21ei,93.0,289.0,248.0,183.0,men,183.2,247.8,123.4741313597735,424.62210310530554,2072.250005074701,2812.5638794189645,3367.377798209588
m22ei,128.0,379.0,174.0,211.0,men,151.1,233.9,122.43398732811991,500.77853614759374,2053.529244334587,2680.1787444024335,3282.5355331802157
m23ei,95.0,406.0,168.0,199.0,men,132.2,234.8,115.80749504478962,470.79280382032954,2082.2219946335977,2551.247669995232,3348.9706095192873
m24ei,89.0,363.0,135.0,156.0,men,100.3,190.7,129.89111461442613,536.2199366806329,1712.4494288952228,2212.782153081015,2973.7035091953935
m25ei,62.0,329.0,96.0,120.0,men,63.9,152.1,111.89554821082832,479.21807733410463,1959.0435121159337,2584.3033479219957,3640.44882654366
m26ei,76.0,338.0,104.0,120.0,men,76.0,155.2,110.8068065300198,512.6351538183254,1886.4856480065307,2580.97639864838,3129.268143616294
m27ei,73.0,325.0,126.0,152.0,men,97.4,180.6,114.36841371626818,474.5359825129201,2110.5385267362753,2545.1693247254634,3301.3897495529823
m28ei,87.0,318.0,184.0,222.0,men,164.9,241.1,122.41379456044498,475.1535616344507,2205.9606646187603,2750.1560958549835,3408.1083953848956
m29ei,106.0,317.0,240.0,223.0,men,196.7,266.3,135.80984114617286,406.73389828234855,2248.6449239259637,2597.756692849711,3287.484122971195
m30ei,127.0,465.0,289.0,290.0,men,233.7,345.3,94.8872761916647,382.5579146692112,2366.1365176695326,2749.5299049192945,3516.066869356826
m31ei,74.0,313.0,161.0,135.0,men,108.6,187.4,151.52527030779666,469.6216998203215,2072.176343746639,2614.8888764228464,3570.6891053142517
m32ei,90.0,309.0,126.0,104.0,men,90.0,151.1,149.6564269940698,526.9166071197794,2143.062167902102,2622.5189577758983,3820.49429153392
m33ei,69.0,380.0,88.0,96.0,men,69.0,143.3,140.8201563563386,472.04185120510783,2068.043578328675,2580.087009543755,3720.5008704960924
m34ei,99.0,360.0,126.0,162.0,men,100.9,187.1,113.78669023396547,469.01292922054586,2059.6376303210277,2682.1199326150218,3592.638566129276
m35ei,85.0,397.0,204.0,167.0,men,134.0,237.0,107.75986602555395,450.1513024577726,1966.7697396031756,2563.749160051685,3184.6090619850165
m36ei,94.0,363.0,162.0,131.0,men,102.1,190.9,118.73139609377661,475.49195613878277,1990.6764310518147,2641.064476260829,2892.164374744976
m37ei,78.0,271.0,88.0,96.0,men,78.0,123.8,138.6055204183396,499.2434461755629,1923.643794047034,2527.703606362254,3357.8253333717475
m38ei,70.0,325.0,108.0,107.0,men,70.0,149.6,154.28285273182112,475.88315876387765,2060.5740026836197,2634.3400878881585,3527.396257463721
m39ei,116.0,402.0,249.0,208.0,men,181.3,275.7,150.69450527829105,454.633010427531,2209.750986481437,2954.633745375441,3582.212948773848
m40ei,74.0,304.0,88.0,104.0,men,74.0,134.0,140.65003616572668,527.1274953640005,1988.0535831045315,2643.1446413178255,4278.622703135566
m41ei,91.0,308.0,128.0,145.0,men,100.7,172.3,140.11654165719963,499.2436714145594,1908.4568385224795,2622.284231442277,3615.793568217334
m42ei,99.0,418.0,120.0,146.0,men,99.0,185.6,137.45772357572068,546.661527619824,1916.9769811160213,2616.901332106352,3309.358315300733
m44ei,79.0,348.0,120.0,128.0,men,79.6,168.4,101.53679901416845,503.4871258181537,1982.5628088905312,2425.054987286974,2893.503277266538
m45ei,90.0,345.0,112.0,128.0,men,90.0,162.1,182.3853259055444,541.9580851522985,2452.9988045056925,2970.2029912404982,3625.211246308646
m47ei,78.0,360.0,88.0,96.0,men,78.0,138.5,123.11521140333747,478.1512513952621,1835.5860691759392,2572.63591329218,3613.634879370184
m48ei,65.0,312.0,78.0,90.0,men,65.0,124.8,120.85320394798494,500.24014873547,2043.694017754602,2675.574119029268,4158.997167149641
m49ei,52.0,281.0,153.0,171.0,men,124.2,199.8,133.76682072316845,447.75635484381576,2227.195845532676,2625.5741885609546,3288.2396909300787
m50ei,69.0,325.0,86.0,115.0,men,69.0,142.7,109.62930369795194,485.3553885688758,2116.7155614184007,2630.350611909001,3275.7263446671045
w01ei,85.0,324.0,80.0,96.0,women,85.0,127.4,228.66642071773535,496.29984295784925,2444.091590794606,2881.478362740783,4436.324070913705
w02ei,141.0,594.0,247.0,268.0,women,182.8,332.2,221.161766247582,482.9296710818814,2654.7983387023705,3085.0533175018395,4394.193490382638
w03ei,92.0,355.0,96.0,104.0,women,92.0,143.4,215.590060306066,628.192625440913,2451.4645846290023,3016.7453864604418,3986.4546777910173
w04ei,101.0,538.0,136.0,144.0,women,101.0,212.1,226.8261864536213,610.7586394275069,2405.8088260896398,3069.870781064557,4575.489712334621
w05ei,124.0,426.0,256.0,223.0,women,189.7,289.3,240.39771377730509,482.5415379760655,1980.785619227038,2584.712180900601,3289.79675920681
w06ei,99.0,417.0,163.0,240.0,women,149.0,254.0,212.6666880996804,463.49639167370566,2447.2022417802154,3019.9911154670963,3126.9233546086684
w07ei,106.0,436.0,216.0,240.0,women,173.6,282.5,185.37797711800792,546.2944091894719,2480.018372063121,2844.2006018942575,4120.22950907458
w08ei,90.0,364.0,120.0,136.0,women,90.0,173.2,239.81430174236746,519.184394876273,2641.693581694318,3224.1025570117968,4418.811415565168
w09ei,57.0,279.0,146.0,175.0,women,123.9,197.1,261.28679891629326,522.4617309865736,1809.2705726733284,2706.7315582382125,3221.487542047558
w10ei,72.0,419.0,132.0,152.0,women,84.7,199.3,223.11787201353354,465.43101770338916,2440.876900396171,2863.71694210739,3579.768680128716
w11ei,66.0,479.0,152.0,183.0,women,99.4,235.6,215.08298123622532,583.7733301381357,2283.609854186832,2900.4535959817704,4052.0365035364534
w12ei,113.0,442.0,160.0,176.0,women,113.7,222.3,242.6965770711671,527.7249981817957,2398.745890935832,2957.3766999219365,3825.8317629648127
w13ei,97.0,415.0,144.0,168.0,women,103.5,208.5,240.3620216731283,617.9231986444534,2441.0998547000613,2674.265828634473,3356.048804509947
w14ei,130.0,360.0,173.0,179.0,women,138.1,213.9,208.8046038711093,584.0056962194683,2507.3711785084233,3136.0633599389207,4532.930248231503
w15ei,156.0,481.0,208.0,210.0,women,156.0,262.6,253.23283256846628,518.1595968388425,2452.044659370034,2882.7772641197403,3611.8086773723694
w16ei,141.0,477.0,224.0,240.0,women,176.6,287.4,208.7381207515368,609.1758641645029,2637.6216382650746,3202.9549964681187,4573.113095086196
w17ei,144.0,405.0,200.0,176.0,women,144.9,231.1,217.55736078092013,547.3161866840335,2467.891529874559,2978.2062922295354,4375.0483401371675
w19ei,128.0,462.0,235.0,162.0,women,143.4,253.6,247.28957483792155,646.5820386761129,2414.2548353895486,3185.2514075816484,4544.400329209785
w20ei,96.0,401.0,179.0,183.0,women,130.7,231.3,204.44908580275552,575.5743673693461,2406.027401469242,3119.551595803983,4142.927725608248
w21ei,139.0,485.0,176.0,184.0,women,139.0,237.1,239.3997689211072,515.091001397193,2190.3500141351624,2935.7844086167124,3867.49521436308
w22ei,156.0,425.0,184.0,208.0,women,156.0,240.4,168.55023143134275,539.4047554569871,2483.810023452266,3049.786793011637,4374.52056134004
w23ei,91.0,433.0,112.0,128.0,women,91.0,176.4,217.33516271440718,523.0633474930619,2440.668646515636,2984.9790768220255,4458.525649269025
w24ei,96.0,445.0,144.0,168.0,women,98.4,213.6,265.83976265216285,614.7743988510891,1991.967169600397,3074.2951447866853,4249.314340476627
w25ei,130.0,529.0,289.0,268.0,women,212.7,344.3,214.48984926190403,612.9681460767749,2458.2487606017007,3146.3095320229795,4592.041030712243
w26ei,151.0,571.0,368.0,391.0,women,310.2,448.8,174.90647512915342,467.74532164999783,2389.0776397848035,2925.667889288076,4070.0558918002434
w27ei,89.0,373.0,112.0,120.0,women,89.0,162.9,250.56581735678787,564.0143679822484,2474.141489670478,3074.680497930395,3939.6653651705087
w28ei,76.0,307.0,113.0,106.0,women,76.0,147.6,240.74416035433944,545.5182177761146,2486.3327670110734,3075.3424364470384,4299.521770988224
w29ei,85.0,365.0,144.0,168.0,women,109.8,202.2,246.9595871250554,539.5175445842422,2237.5532802655443,2737.726903766551,3767.805394217389
w30ei,89.0,402.0,310.0,295.0,women,250.9,354.1,240.35193871768922,491.8069649611565,2648.179630266161,3094.6194711223275,3920.7451238997874
w31ei,88.0,426.0,198.0,216.0,women,151.2,262.8,211.04815035868862,488.6588244639229,2427.4871022695816,3233.9559239254504,4236.158608994444
w32ei,103.0,380.0,182.0,180.0,women,135.3,226.7,156.40657054828966,583.6544376423014,2208.132715786992,2687.978617888225,4862.776113012743
w33ei,111.0,407.0,224.0,256.0,women,191.2,288.8,246.3711171973228,519.7508473179518,1916.7656156123085,2931.24119110584,3647.2614438999394
w34ei,142.0,409.0,284.0,282.0,women,238.9,327.1,211.4905829886749,439.4500702020508,2622.008466119654,2752.3644206809176,3334.036177365725
w35ei,154.0,468.0,219.0,224.0,women,169.7,273.3,216.91053661676222,611.7458093705317,2522.193226533818,3126.452638882954,4244.223424279433
w36ei,158.0,560.0,228.0,256.0,women,175.7,308.3,211.17541182717414,583.8632201840193,2283.2832019992816,3102.896736144052,4368.485100219573
w37ei,149.0,516.0,292.0,256.0,women,213.4,334.6,194.61775872100463,527.0576981744215,2593.2319926977966,3283.472893800158,4396.72636162486
w38ei,71.0,381.0,103.0,115.0,women,71.0,160.2,224.7367643424167,633.1109568162947,2494.453096706317,3026.63355238889,4356.621977242806
w39ei,160.0,504.0,272.0,296.0,women,227.2,340.8,198.2088081015971,442.0166619525878,1980.4043379434722,2760.297780338478,3594.381878465581
w40ei,169.0,465.0,200.0,208.0,women,169.0,252.8,203.2845525163753,572.6277957176003,2289.4360046855127,3133.169032863856,4394.4659961781545
w41ei,119.0,417.0,152.0,160.0,women,119.0,205.2,218.90711865281713,558.0859643070127,2713.984627207805,3198.9338215902517,4162.304603304062
w42ei,54.0,397.0,112.0,128.0,women,63.4,176.6,237.17298775887954,484.8733750089102,2117.1916062954147,2771.23079734849,3375.217759744453
w44ei,134.0,434.0,189.0,207.0,women,148.5,247.5,218.15903198044907,467.9273388004199,2337.6414492607773,2766.35318321019,3539.0652248035103
w45ei,107.0,426.0,217.0,214.0,women,162.9,268.1,207.421604294155,589.020211929848,2390.302507418171,2643.204475007313,3312.1343482204234
w46ei,112.0,489.0,160.0,176.0,women,112.0,230.2,162.75424436543787,497.114960135549,2621.0654818187527,3027.3514436800633,4133.589504952353
w47ei,160.0,473.0,240.0,239.0,women,187.9,291.1,218.00382564197068,486.5489534362807,2673.148178406345,3096.3199527740044,4554.550082945789
w48ei,93.0,402.0,184.0,162.0,women,122.0,224.0,225.2117236149191,539.9181453833377,2202.698405294115,2862.6866962259533,3948.5474446434528
w49ei,86.0,391.0,171.0,154.0,women,112.2,212.8,213.47394008632338,469.3824014920636,2744.950802456662,3107.0329114139067,4210.027561715145
w50ei,78.0,439.0,112.0,128.0,women,78.0,179.6,251.077497081571,630.7974310851711,2463.9187190901785,2817.1196129126606,3198.3869073533383
b01ei,72.0,294.0,160.0,133.0,children,109.9,183.1,242.837031556704,573.3299672448852,2708.846308345394,3573.0975671492088,4949.080436845456
b02ei,201.0,525.0,224.0,270.0,children,201.0,300.5,275.80884304261116,553.0397469863796,2641.061924355384,3711.818857964236,5209.221978562806
b03ei,110.0,396.0,145.0,180.0,children,115.3,209.7,202.47349378267677,586.0936796057229,2796.015269036923,3631.957164102498,4767.815695310614
b04ei,99.0,422.0,188.0,182.0,children,131.7,238.3,250.16062073334277,603.1035766645556,2547.5379095359913,3862.821840854046,5006.190926556334
b05ei,82.0,329.0,160.0,136.0,children,107.2,188.8,213.7191690611544,593.3214550963198,2766.7997743829706,4169.905505919488,5301.891138862873
b07ei,114.0,475.0,288.0,288.0,children,228.4,347.6,312.0035059397566,627.1973028451201,2717.244746728836,3423.9643791666854,4497.165327809835
b08ei,156.0,441.0,168.0,184.0,children,156.0,223.0,226.6414228357048,668.9262052337111,2519.523813288325,4109.896541216046,5592.3110760965355
b09ei,126.0,384.0,149.0,155.0,children,126.0,194.6,243.35773533350866,831.4100369904334,2653.9627073343695,3766.892830420848,5415.8292536275185
b10ei,136.0,450.0,192.0,192.0,children,140.2,243.8,200.32811480410592,709.297097340657,2868.366849798611,3698.8927127782695,4980.314608665048
b11ei,162.0,471.0,168.0,176.0,children,162.0,223.0,210.26157940476511,582.8060505283933,2653.632886510674,3641.1972072835665,5143.259883205824
b12ei,114.0,471.0,144.0,160.0,children,114.0,210.9,260.6157652127356,588.1018868886222,2714.3479748338627,3683.9640169614695,5192.4331252396605
b13ei,95.0,375.0,133.0,141.0,children,95.0,183.2,242.05046081911527,574.2968806482614,2670.2586566721725,3928.9237540092904,5409.3440124432755
b14ei,145.0,405.0,168.0,176.0,children,145.0,214.9,205.39926957312028,508.2371078362186,2900.9891250245637,4061.7811055044817,5185.096308564293
b15ei,128.0,510.0,180.0,170.0,children,128.0,238.0,267.80240801903705,558.6572451086205,2796.1366666933914,3562.4385595442236,5523.6346779520745
b16ei,156.0,502.0,239.0,247.0,children,185.9,300.1,194.69164728816114,573.7764957808109,2584.734153993015,3546.960199029711,5129.389544010772
b17ei,84.0,329.0,160.0,179.0,children,129.1,209.9,249.34461769078285,512.5595256275401,2549.8258321734484,3687.4533617529178,5262.742941903807
b18ei,86.0,351.0,140.0,144.0,children,98.3,185.7,257.9711228584586,637.5997375213166,2471.367484179872,3219.52499648762,4391.278639693551
b19ei,57.0,342.0,80.0,88.0,children,57.0,131.0,223.53207316483198,610.886238995541,2705.0797248272343,3545.5112109082884,5167.650906453002
b21ei,139.0,604.0,293.0,308.0,children,223.8,377.2,230.1459078533009,498.7833201813198,2738.1005568564788,3538.893999493448,4842.695111382849
b22ei,115.0,437.0,176.0,154.6,children,115.0,218.4,260.91578216140266,573.8300659465832,2668.1135674484317,3833.1558778031012,5055.928946860836
b23ei,108.0,444.0,157.0,152.6,children,108.0,210.2,274.4367104714783,585.5843005130445,2812.241517252266,3740.2765425755747,5015.012232672856
b24ei,89.0,288.0,133.0,134.4,children,100.9,166.5,211.7286477225965,571.349875768155,2658.868912613429,3839.5146775010753,5087.466546948176
b25ei,112.0,406.0,236.0,153.6,children,146.3,243.3,217.65263075609113,517.7354976091156,2713.017552571032,3836.05586457033,5271.475661423086
b26ei,191.0,617.0,230.0,232.3,children,191.0,301.4,232.14025335607096,623.0615800497559,2661.12347224317,3762.7799273167752,4834.347644407221
b27ei,156.0,449.0,276.0,304.0,children,241.7,338.3,238.4262260079764,503.788233238857,2908.8888936332046,3930.14702091324,5128.34853015482
b28ei,162.0,471.0,260.0,195.8,children,176.9,278.9,237.6142197890851,540.1035984767927,2562.752840718797,3761.1892807799086,5365.511211147314
b29ei,86.0,375.0,104.0,112.0,children,86.0,155.7,237.54663577211872,662.3354861097624,2782.739712884551,3902.073865037954,5289.030106969685
g01ei,119.0,439.0,176.0,195.0,children,132.7,238.3,245.31001984101604,495.83713376678276,2737.2875039515247,3812.613652657908,5088.921997203498
g02ei,117.0,403.0,184.0,192.0,children,140.8,235.2,223.10167737726132,647.8596132370116,2757.9214587687093,3703.6529116533275,4932.872857964128
g04ei,156.0,506.0,224.0,256.0,children,182.2,297.7,267.7101570206058,562.1138845602131,2679.6081881255504,3736.582055687671,4978.447455908136
g05ei,164.0,485.0,192.0,208.0,children,164.0,253.0,223.60203467240035,653.2610118435226,2662.1859311659996,3714.557829386967,4677.30930838382
g06ei,155.0,416.0,237.0,216.0,children,183.4,269.6,228.86457407939892,571.3306052735395,2734.8906880964205,3442.448909069002,4909.369491491326
g07ei,143.0,564.0,299.0,252.0,children,206.0,345.0,240.19552054506542,588.3458099238109,2526.969898250151,3411.5902506611187,4489.78549001132
g08ei,187.0,625.0,375.0,362.0,children,296.2,440.8,258.2253290169179,525.2397676350433,2840.4911678691874,3825.320163850939,5266.888151501503
g09ei,59.0,423.0,183.0,152.0,children,107.4,227.6,262.33671786394785,567.4062305857408,2803.7594024296586,3579.8060206308164,4891.267811953976
g10ei,88.0,398.0,136.0,144.0,children,88.9,191.2,242.44605285248662,659.988549074799,2869.9358109246186,3516.7567862444034,4971.542545080384
g11ei,90.0,405.0,133.0,135.0,children,90.0,186.0,244.7837076900393,533.7687373377696,2676.5308546127753,3686.7259119368514,5209.227608336005
g12ei,108.0,401.0,153.0,172.0,children,114.2,210.8,276.9402038270895,614.0649146422286,2819.1438385669135,3719.197434854382,5171.415600245769
g13ei,89.0,434.0,168.0,176.0,children,115.1,228.9,258.11290162302174,550.6505710100245,2747.3875069767614,3551.445492976834,4745.626588553816
g14ei,113.0,464.0,160.0,176.0,children,113.0,225.9,220.110829433947,607.8323959254807,2648.882424726127,3901.678442116961,5125.162173588281
g15ei,151.0,537.0,216.0,240.0,children,164.3,291.7,240.38274851799494,543.1876906034333,2838.425601875086,3925.019665496438,5381.176091500946
g17ei,83.0,363.0,133.0,126.7,children,83.7,176.0,262.12650766300015,594.4913237457855,2611.7320929939024,3826.4178990832324,5131.655296482346
g18ei,128.0,453.0,168.0,168.9,children,128.0,222.1,208.5937556242387,559.3860699221191,3114.6131383272614,3851.4589255367223,5017.323696482343
g19ei,101.0,324.0,139.0,128.6,children,101.0,170.6,233.35223449759724,590.3010635422501,2732.3075542491288,3848.8945799153994,5152.906896050713
g20ei,110.0,404.0,140.2,169.9,children,110.0,203.6,252.75555942640958,609.9449673066131,2807.259715644567,3717.3675200762787,4900.971114516737
g21ei,129.0,388.0,158.4,152.6,children,129.0,198.2,238.82295524478172,804.6920113991283,2902.591229705761,4134.813736028596,5541.281892779209
m01er,209.9,533.5,274.0,329.0,men,248.1,354.9,172.68620128153938,513.815039691232,1393.8076726667707,1861.7609563674725,3232.3279548983487
m02er,155.0,451.0,271.0,255.0,men,214.2,311.8,107.17298647456396,445.86069679896553,1309.0453097863515,1453.2008900643436,3354.8686550142047
m03er,107.0,475.0,160.0,245.0,men,141.8,263.2,93.73876409810993,473.23231618378446,1227.4644470399214,1636.4287436452623,3464.191079887967
m04er,133.0,465.0,332.0,289.0,men,255.7,365.3,133.50830414616215,475.12662414005194,1231.2141141017134,1479.8708559437214,3367.7525021493416
m06er,69.0,286.0,172.0,142.0,men,121.2,192.8,120.33437547124021,493.5570430699396,1531.0115005475895,1883.37784641199,3110.2307082622983
m07er,114.0,386.0,180.0,191.0,men,140.6,230.4,96.811747828761,484.5982190227517,1210.63473948409,1627.7259620627985,3569.617024863868
m08er,86.0,368.0,141.0,162.0,men,105.0,198.0,130.24535531385976,500.7926644332626,1333.8045883017735,1635.6183765189162,3287.5254633394106
m09er,164.0,506.0,218.0,218.0,men,164.0,274.4,135.4882251318074,478.02542733255603,1369.784006794799,1682.2869956722923,3377.291013490487
m10er,90.0,339.0,149.0,149.0,men,107.9,190.1,152.80171139329397,469.13670242348326,1341.0270938432286,1738.6769694918844,2798.5787446122663
m11er,94.0,434.0,268.0,242.0,men,198.9,311.1,140.8154715752166,447.76530538829303,1362.8869035677503,1731.2745544882644,3168.1747806852472
m13er,92.0,360.0,204.0,202.0,men,158.8,247.2,110.82737933112911,446.13051960293774,1239.5856489892722,1728.289526915751,3345.788927087511
m14er,95.0,382.0,197.0,227.0,men,164.6,259.4,106.11300645245528,506.1694442661037,1413.189284385665,1689.8358915665751,3280.3210181767245
m16er,148.0,352.0,242.0,231.0,men,202.8,270.2,145.95132042948234,453.9806787918824,1427.9071297744524,1839.0827058231591,3107.3601123757276
m17er,105.0,361.0,174.0,185.0,men,137.3,221.7,139.461269358885,419.21546729405753,1332.3639879701382,1810.3088030162855,3188.5254741434073
m18er,67.0,365.0,198.0,193.0,men,146.3,244.7,139.4461125754667,512.0452508225138,1305.4267328948902,1783.155412461979,3492.620012562487
m19er,98.0,341.0,120.0,130.0,men,98.0,165.1,152.98900264782694,506.0179093630918,1326.9831892251907,1926.9240115023927,3264.886793456049
m20er,68.0,424.0,222.0,187.0,men,145.8,263.2,151.80716491026922,474.11327274877107,1438.8218315796723,1653.6606011935721,3406.8096074563123
m21er,82.0,267.0,147.0,126.0,men,106.0,167.0,123.0877779418779,472.7191184611199,1358.7006026717368,1689.8090783277153,3012.417803289342
m22er,143.0,399.0,193.0,217.0,men,162.8,247.2,120.26193632764122,483.4667528294455,1396.2722402601419,1844.9486555667318,2751.5282592967797
m23er,96.0,370.0,140.0,184.0,men,116.8,207.2,116.61622943432717,506.6977425016941,1226.3643906587063,1621.8346657642742,3730.815071946553
m24er,105.0,363.0,144.0,164.0,men,111.4,196.6,133.04851459396826,521.2276392240896,1301.9039316951907,1938.3941339964902,3082.094287632582
m25er,77.0,337.0,129.0,120.0,men,81.6,167.4,115.22187746909383,468.053609315921,1267.5369603826812,1730.46733111149,3119.835765939524
m26er,97.0,349.0,130.0,251.0,men,148.9,232.1,117.2193946116473,477.76475310933597,1428.0740590458408,1816.9689927601448,2821.7622717548657
m27er,79.0,310.0,178.0,207.0,men,154.4,230.6,114.77139583472683,460.3078744749493,1502.0435052193316,1753.8445069910445,3528.2315126052736
m28er,84.0,285.0,122.0,125.0,men,90.3,156.7,138.20005320615846,506.18920126051023,1403.2966284461884,1703.4502179423337,3193.753769708532
m29er,79.0,285.0,193.0,215.0,men,170.0,238.0,118.77684678102261,463.9326055355098,1378.2056259240865,1603.8771133959815,3389.324766575823
m30er,111.0,421.0,197.0,183.0,men,138.8,241.2,103.61255271220398,442.51888185818444,1426.9569756686155,1509.7776045283927,3618.5768929538713
m31er,97.0,307.0,145.0,115.0,men,97.0,164.7,145.73896172251375,438.523312758045,1270.2165162886945,1606.3077563951297,3010.8269925785908
m32er,122.0,324.0,222.0,241.0,men,198.2,264.8,151.06759122251518,500.73580908660915,1313.6388234833944,1650.146983323089,3472.2972006650057
m33er,61.0,331.0,176.0,169.0,men,127.9,217.0,128.90142349541804,477.60629589340107,1259.0681176283026,1685.0566322171844,3101.2185355012048
m34er,137.0,389.0,279.0,278.0,men,236.9,320.1,114.84743590647261,456.6958530193226,1391.3847889461945,1767.4407810070948,3139.732763682695
m35er,85.0,356.0,216.0,252.0,men,189.3,278.7,111.60174035460986,453.5478126232483,1479.0716768741906,1760.1120933334146,2935.934311765179
m36er,92.0,382.0,168.0,168.0,men,120.2,215.9,117.78731472494592,488.7465423368544,1442.9895695564733,1773.7064570033865,3539.238897444228
m37er,72.0,284.0,144.0,203.0,men,138.5,208.5,130.32270710628117,448.93784265551403,1339.4833866714253,1652.0855442513628,3260.533394441503
m38er,81.0,287.0,143.0,153.0,men,114.0,182.0,142.6789286500287,468.4607623241318,1261.3902605122857,1732.6268824131969,3309.9841032986733
m39er,94.0,354.0,162.0,151.0,men,113.6,199.4,139.98137691415144,486.1964789151691,1195.9420836056584,1626.0641250535432,3172.3491461297194
m40er,93.0,359.0,124.0,120.0,men,93.0,165.9,128.87879472573482,519.7675413421991,1406.8706603352398,1812.4118852787315,3729.322341145449
m41er,87.0,301.0,179.0,187.0,men,147.7,218.3,149.09946373466045,491.2987639053781,1491.5852993019644,1611.1968543775843,3205.4913641492403
m42er,126.0,452.0,248.0,288.0,men,214.2,321.8,142.05172435528377,546.5688590646255,1264.3630166620771,1597.7263811247137,3598.317563968839
m44er,69.0,321.0,120.0,144.0,men,90.4,173.6,104.30055511708336,490.9143135163704,1346.2704222887446,1763.7505566979344,3236.086043195076
m45er,96.0,351.0,144.0,160.0,men,109.9,194.1,192.64132498089873,490.50401380751373,1304.302459023908,1715.913082240183,3320.1660739672584
m47er,108.0,367.0,193.0,208.0,men,157.8,243.2,131.7074049168145,462.4559232023804,1295.0446255554257,1581.8606223885429,3475.021413289547
m48er,75.0,323.0,136.0,164.0,men,109.1,190.9,115.59227882016921,480.3120275305548,1422.9628515872319,1777.9445369414973,3554.0035695466595
m49er,77.0,315.0,207.0,172.0,men,150.2,228.8,147.56288757194477,452.1618232411994,1317.0933246589075,1582.7941539758435,3439.8387732937435
m50er,103.0,361.0,168.0,196.0,men,139.4,224.6,122.76640847461434,518.2341536629308,1295.296189693499,1731.4764683575552,3475.3515589755402
w01er,86.0,386.0,128.0,136.0,women,86.0,181.5,225.42941179220801,477.2003383045825,1342.1741524182962,1799.3490752280075,4509.377704399172
w02er,149.0,567.0,199.0,224.0,women,149.0,280.5,221.47261534941595,508.1298292172081,1392.386436889543,1906.251261600987,4126.570221525219
w03er,116.0,394.0,232.0,247.0,women,193.6,285.4,184.40538254141066,565.7861604720231,1335.8808056728108,1543.3628575124353,3893.283556760266
w04er,101.0,451.0,196.0,196.0,women,138.2,253.8,215.73062591797176,607.4397995436349,1665.0389648082455,2091.137083984847,3760.5842466052086
w05er,105.0,422.0,226.0,166.0,women,143.7,248.3,236.7097012538822,538.1891456798901,1438.8927087707768,1902.9279472034555,2981.3643536740433
w06er,97.0,439.0,147.0,173.0,women,103.6,216.4,228.01409757531334,542.4151806135695,1569.109174103526,1950.425617663712,3838.7025740985523
w07er,132.0,452.0,336.0,192.0,women,211.2,316.8,195.25792038532424,570.1913251289178,1541.1549736533452,2089.2823233272097,4397.5618888916815
w08er,68.0,340.0,125.0,120.0,women,77.6,167.4,248.86132863319276,537.6602515284611,1949.3132754525973,2314.70273780662,4299.866484499137
w09er,76.0,337.0,168.0,176.0,women,128.9,215.1,244.74471671163747,511.3018638291294,1434.6223178866587,1788.468035313861,3971.6538533600637
w10er,90.0,432.0,230.0,209.0,women,163.1,275.9,228.41499666368773,499.63270454988145,1565.7327623484387,1945.6456515926918,3326.347607800035
w11er,96.0,485.0,192.0,216.0,women,139.8,268.2,195.55646676228963,561.2183741927995,1346.4899774964351,1778.3696836051727,3612.2778100802457
w12er,131.0,479.0,228.0,239.0,women,176.1,290.9,220.5955674065968,553.5681131210571,1506.6560498869896,1867.9521856454546,3921.288260944155
w13er,105.0,380.0,181.0,225.0,women,157.6,248.4,244.9209397602051,559.7879112705361,1640.8945593511592,1933.5682988308326,3655.813628149651
w14er,145.0,412.0,231.0,232.0,women,187.4,275.6,159.5413472071119,565.6119760374394,1551.4975289409028,1844.4668725516178,3657.7333680596294
w15er,137.0,492.0,283.0,293.0,women,229.4,346.6,236.70696311411973,489.81205512972923,1620.8020334945084,1947.2954757492305,3525.3926893781463
w16er,136.0,431.0,209.0,219.0,women,165.3,262.7,219.65123052581112,614.1670888261447,1601.967713000984,1959.7482809869325,4031.0999852606355
w17er,107.0,415.0,212.0,198.0,women,154.2,255.8,213.55066501617713,523.2223468441827,1418.2376324968186,1699.2878898630306,3624.9484540677063
w19er,136.0,455.0,273.0,292.0,women,229.9,335.1,246.98702757643449,563.4344958377277,1368.7275031954875,1917.9982142530937,3678.419857172128
w20er,164.0,489.0,373.0,354.0,women,309.9,417.1,176.36391441857782,523.5337954701489,1498.5013924197947,1726.858221497651,4004.9138113254116
w21er,153.0,523.0,396.0,379.0,women,326.5,448.6,222.0778537036348,467.2977625754019,1394.00701348282,1613.7424877355286,4006.5174412463966
w22er,135.0,414.0,195.0,172.0,women,137.5,229.5,173.3841746524546,522.9790062911474,1581.9526127459908,1789.1552768897623,4195.76716415679
w23er,96.0,441.0,216.0,240.0,women,171.1,284.9,212.95903316265552,533.3660960854904,1654.5206518620805,1943.448012321719,3855.304714256659
w24er,104.0,431.0,319.0,271.0,women,241.0,349.0,262.99131944597116,553.5181644711629,1752.6331630154725,1975.0140657537863,3732.724303876059
w25er,126.0,529.0,320.0,344.0,women,265.5,398.5,215.07836043431806,611.0938414200774,1435.1104448509748,1879.011606542454,4110.4425748275435
w26er,120.0,460.0,276.0,276.0,women,219.9,332.1,188.4866293074373,533.7956027926937,1467.391068562387,2104.358256639964,3741.9848832547577
w27er,96.0,338.0,171.0,152.0,women,121.6,201.4,259.2000290637397,532.7605800483659,1632.7861981424621,2002.2382801181657,3829.0715344959112
w28er,51.0,274.0,155.0,136.0,women,108.7,182.3,236.62358516912116,526.0594810671755,1745.401878551821,2172.4767189251825,3737.061674610481
w29er,180.0,491.0,238.0,216.0,women,180.0,278.3,275.9854999394671,606.2412476346651,1369.7652605791354,1900.6945382913993,4251.93813448923
w30er,96.0,428.0,170.0,182.0,women,121.2,230.8,246.16753383891245,575.1157164883812,1483.8496938680603,1966.6456553270907,3905.563515019711
w31er,152.0,487.0,255.0,245.0,women,194.7,305.3,184.96032108552694,550.2645809699394,1475.8317246308382,2010.7215556716822,3773.275920980864
w32er,96.0,368.0,168.0,184.0,women,131.1,220.9,211.49067087572155,593.9175339444781,1385.177442678848,1612.6233169931572,3596.550579812693
w33er,134.0,479.0,214.0,245.0,women,172.6,286.4,251.21626703585756,633.2883828872829,1732.8131924024449,2218.9985083584193,4522.32362050211
w34er,123.0,363.0,217.0,200.0,women,168.9,248.1,215.0768312230834,517.3356686539847,1422.0424920032785,1753.547528974122,3343.507832939398
w35er,170.0,470.0,245.0,239.0,women,192.5,291.5,218.48862097203374,526.3729685700498,1409.4971657162864,1710.0351656666305,4362.934334760691
w36er,187.0,625.0,344.0,392.0,women,295.7,440.3,206.1208939172931,525.9192256974177,1472.520508266853,1856.8763129188526,3932.6456976048535
w37er,206.0,577.0,348.0,323.0,women,274.3,396.7,201.36412627347923,483.4986071071436,1732.1954327930907,1982.0179698274833,4101.418477202001
w38er,95.0,398.0,176.0,149.0,women,112.5,212.5,234.52084542139195,642.5304224406948,1572.0369591835988,1923.611105048559,3987.80923241125
w39er,162.0,502.0,300.0,325.0,women,256.4,368.6,187.79136676787013,525.2577415239056,1272.0538409692408,1587.8236967156029,4027.7011925713355
w40er,156.0,460.0,252.0,285.0,women,218.3,318.7,206.90873389376705,576.5907842149634,1384.4383485750313,1765.7169265646874,3777.0013444014753
w41er,153.0,415.0,237.0,240.0,women,195.3,281.7,207.0330109989745,552.5195661820097,1657.1432825175427,1757.6205874469774,4154.951451595979
w42er,53.0,384.0,192.0,197.0,women,139.9,249.1,239.12217581864869,479.8650104228666,1570.1265635852653,1713.625857599225,3119.252905238691
w44er,124.0,443.0,274.0,258.0,women,213.4,318.6,236.31089431596072,488.2719877151818,1358.5188185959078,1825.2439045975734,3896.9758665797654
w45er,86.0,396.0,216.0,197.0,women,155.3,257.6,205.64539443295777,543.4050304935588,1640.4993290635264,1758.3383433545503,3590.539233099995
w46er,132.0,514.0,297.0,272.0,women,221.5,347.5,166.61504907766647,508.1900067227875,1546.320068067128,1847.1661174306923,3750.1851386974117
w47er,110.0,437.0,183.0,212.0,women,143.5,251.5,213.46027437308365,501.0001199429194,1433.2774046485256,1769.847672703897,3976.7887956340473
w48er,101.0,447.0,155.0,152.0,women,101.0,210.6,236.4024176141732,652.3760674857513,1486.2589143470543,2059.5435929475357,3720.7693375228832
w49er,107.0,408.0,282.0,310.0,women,246.3,345.7,180.13983119434684,505.3542351204828,1542.8167277975656,1924.189468048157,3709.05701260602
w50er,89.0,445.0,256.0,296.0,women,217.3,334.7,223.80718099462362,551.226211440858,1606.7684606501025,1890.5793518674466,4150.501891310889
b01er,86.0,313.0,166.0,180.0,children,135.5,210.5,244.7733402232426,672.2424988042626,1788.5667806954275,3355.3122843610945,4339.577747268779
b02er,128.0,523.0,308.0,329.0,children,253.3,383.7,283.43723150396426,567.6722954428392,1839.7640407313436,3905.4861775643544,5354.822016331159
b03er,96.0,376.0,195.0,189.0,children,145.8,238.2,201.35928038310593,645.0399522855379,1929.4370602917163,2173.8696776805555,5111.01211924854
b04er,123.0,509.0,312.0,268.0,children,226.3,353.7,234.2201398878027,610.1847716635303,2070.5830967434695,2746.8176507035905,4633.032081695245
b05er,63.0,291.0,105.0,98.0,children,63.9,139.1,226.80842962503084,639.7443191450558,1839.9831656916217,2968.2435652791783,5149.405264771066
b07er,108.0,483.0,312.0,333.0,children,260.6,384.4,292.82002035173474,684.9214802249038,2173.947620381021,2411.2526949899857,4542.769356011186
b08er,160.0,421.0,280.0,259.0,children,226.4,312.6,208.36925279918367,520.4917648444585,1774.7988446201928,3091.852065060964,4932.650302221221
b09er,149.0,411.0,235.0,226.0,children,187.3,273.7,234.03564497097452,588.781248914081,1897.7602865627014,2619.797056145609,5618.592125851255
b10er,164.0,490.0,234.0,211.0,children,168.7,276.3,218.43733496387327,612.7708994241085,1988.0051143997712,3003.761306949735,5435.906750273439
b11er,100.0,422.0,152.0,159.0,children,102.4,208.6,210.3248838568539,633.3393267792878,1838.0634686850224,3396.03135676652,4974.826855321902
b12er,126.0,492.0,325.0,289.0,children,246.6,367.4,261.99321211691165,616.1966260312086,1947.8529998195859,4092.423588221867,5568.848181715173
b13er,113.0,368.0,263.0,265.0,children,221.9,306.1,200.66850472669896,592.6036807360929,1928.6757754684759,3130.235117522241,4910.565805890027
b14er,108.0,391.0,289.0,270.0,children,232.8,326.2,214.5845490074787,671.8738578519793,1620.237182226206,4247.477826001557,4942.059499737716
b15er,141.0,512.0,272.0,312.0,children,230.8,353.2,280.5126778377453,566.5387988163359,1871.9559766203852,4128.138820257676,4961.120981113832
b16er,143.0,477.0,329.0,344.0,children,281.4,391.6,200.68548445590378,591.5759682826558,1760.0424662498215,2516.6661803231314,5175.361630651233
b17er,109.0,413.0,130.0,142.0,children,109.0,186.2,250.19910364799352,614.6070714540074,1955.6754230616573,2903.0844266339695,5593.3427503663215
b18er,95.0,399.0,235.0,211.0,children,172.8,273.2,269.9623250115682,622.2628282232237,1970.1151836521067,3470.6133642654877,3947.289075245732
b19er,79.0,357.0,220.0,183.0,children,155.6,247.4,217.51636455613797,596.8272471226576,2053.250150420245,3020.3676098758674,5316.844524589231
b21er,128.0,506.0,328.0,329.0,children,266.1,390.9,246.57924795232685,531.6426407796505,1795.0078308463842,2604.583657086294,5129.781541661958
b22er,120.0,456.0,157.0,155.5,children,120.0,211.7,258.8875128332242,827.0523763009087,1903.6875341078066,3833.423097408698,5203.554649311914
b23er,143.0,475.0,307.0,205.4,children,201.4,311.0,251.8002931159467,692.9572994487493,2204.2591656025556,3257.7197166589453,5399.634115814172
b24er,124.0,394.0,167.0,148.8,children,124.0,202.5,251.87339619059014,735.8609962842859,1660.2393290769064,3065.9833849404554,5113.553819232902
b25er,128.0,405.0,198.0,161.3,children,133.9,225.4,230.00555007502226,538.5153723603835,1698.9535963423173,2641.1806018809084,5974.497613849119
b26er,112.0,459.0,150.0,145.9,children,112.0,205.2,225.45817662123582,584.6319716927507,1693.317033912456,3539.8194441831947,5134.770284432359
b27er,97.0,348.0,173.0,117.1,children,103.6,186.5,214.3388900591657,629.6522699014781,1871.8258854799742,2524.0331121410904,4258.195165193571
b28er,107.0,370.0,202.0,224.0,children,169.6,256.4,201.7183523693973,529.0326799191265,1696.0775161857791,3406.812156418745,5646.6782990275005
b29er,101.0,491.0,232.0,264.0,children,183.6,312.4,247.73647917135753,666.116711488769,1881.1795963069524,3697.4373662194685,5338.876549395316
g01er,132.0,429.0,244.0,270.0,children,208.0,306.0,227.78984565490245,770.489642370494,1937.1961449343933,4605.15598763406,5093.159350209842
g02er,113.0,371.0,207.0,219.0,children,170.4,255.6,235.92381968087614,642.6484847599557,1898.0063389955935,2699.0059000452316,4602.459466649623
g04er,145.0,504.0,281.0,233.0,children,197.8,316.2,283.84740341045347,592.1377588538342,2090.052007565527,3744.186881033326,4692.240358706723
g05er,128.0,476.0,201.0,227.0,children,156.6,271.4,224.5799004163674,628.8841535059352,1923.7168986536792,3335.7022224017164,5070.476603100838
g06er,157.0,456.0,262.0,262.0,children,212.7,311.3,229.25825911003977,686.2055610048835,1740.2446707255863,2241.65213841418,4757.421491600503
g07er,96.0,461.0,176.0,202.0,children,128.8,249.2,236.06901312231852,574.9833201714602,1856.144949233557,2818.466446381468,4102.798888925146
g08er,151.0,497.0,283.0,308.0,children,238.4,352.6,258.99863527761585,582.0643637795523,1584.7532208890589,3239.4392229746663,4668.5148595243545
g09er,77.0,490.0,146.0,203.0,children,106.4,242.6,287.3623643280888,650.9162600578993,1877.8310995896215,4078.0109706164208,4875.722755109465
g10er,137.0,457.0,312.0,332.0,children,269.2,374.8,215.58182111632593,662.5581195229694,1934.6569806173104,2144.3713766159713,5230.57172208517
g11er,102.0,398.0,153.0,168.0,children,111.7,209.3,234.8279676245865,658.8241595555792,1783.7069988260967,2836.2141078403347,5190.662149903495
g12er,113.0,383.0,201.0,223.0,children,167.4,256.6,253.05280728145686,652.0496654753464,1912.7636642256475,2891.4863007057465,4725.424028194269
g13er,139.0,427.0,170.0,186.0,children,139.0,225.5,275.798191991566,664.599730404532,1710.9563872309027,3057.696012835651,5306.65888310876
g14er,104.0,416.0,168.0,192.0,children,128.5,231.5,213.3930809005745,622.3464619044036,1769.2638268495284,3872.450913379334,4901.117333931248
g15er,129.0,460.0,184.0,197.0,children,135.9,245.1,253.2532715400673,1024.3554975181398,1836.0183219551443,3155.785356482346,5044.10490000796
g17er,78.0,347.0,123.0,125.8,children,80.0,168.8,234.0421254964093,673.0080276460518,1974.2484394334538,3330.0372792670523,5077.8027953638975
g18er,163.0,450.0,240.0,256.0,children,200.6,295.4,218.53013062695248,607.1016531948411,2324.3139567134644,2848.648782207173,4756.530587860516
g19er,110.0,307.0,120.0,137.3,children,110.0,161.2,235.5750256275356,768.4105755052091,2079.03228384746,2517.247117389408,5446.986376945907
g20er,92.0,378.0,147.0,127.7,children,92.0,184.5,239.18453352533342,650.8044138457476,1647.3876009088872,2002.337551876933,5522.020829355116
g21er,117.0,379.0,135.0,145.0,children,117.0,183.2,223.95027252310584,686.206953311548,1842.8721371569177,3869.2416883056844,4930.777616924215
m01ih,177.9,445.7,216.0,232.0,men,179.8,268.2,179.28091082100906,378.2459822098569,2156.0165805535203,2746.1470628201537,3180.6998721400832
m02ih,174.0,357.0,208.0,216.0,men,181.8,242.2,110.36915353080568,407.33728575737314,1985.5912635751988,2489.7130360897904,3369.786899903676
m03ih,110.0,372.0,200.0,148.0,men,130.8,217.2,103.82359178404438,419.8669590020415,1916.7487527882492,2542.699449837457,3330.550824547582
m04ih,96.0,323.0,111.0,121.0,men,96.0,153.5,136.9253393187955,463.2829262181738,2047.9522205284557,2592.887408372233,3844.936262486521
m06ih,68.0,227.0,92.0,106.0,men,72.8,125.2,114.62355157251432,456.20664648280336,1967.4978467290466,2672.9814398803496,3532.8776505069186
m07ih,69.0,259.0,88.0,104.0,men,69.0,127.4,112.5626365915205,421.98863711271684,2147.92909813694,2767.776572451868,3939.7817802056184
m08ih,96.0,331.0,155.0,130.0,men,103.7,181.3,129.9207777412043,407.4135626980632,1956.9233866279374,2570.0466638950616,3588.443837240535
m09ih,162.0,383.0,212.0,203.0,men,171.0,244.0,132.091214285339,407.7745567322464,1862.5604661598654,2709.023786763568,3591.199922860401
m10ih,111.0,297.0,139.0,152.0,men,114.8,176.2,154.30349445513775,449.4558189714495,1902.551398353837,2533.670484848847,3361.5236499927987
m11ih,124.0,425.0,208.0,232.0,men,170.3,269.7,163.08455710956542,479.5485217112062,1955.880189863407,2702.099024290256,3647.1596784905696
m13ih,111.0,275.0,120.0,128.0,men,111.0,151.1,108.97939746994429,420.7274714723988,2005.0992014401133,2731.441195712864,3322.030123036874
m14ih,76.0,325.0,95.0,112.0,men,76.0,144.6,120.51332779063789,456.28439966700216,2142.489998298962,2666.1404378907696,3679.438701958774
m16ih,59.0,193.0,94.0,87.0,men,68.4,112.6,145.29465071963477,418.71282121230917,1898.8605725161349,2537.7022188620963,3283.405092973101
m17ih,86.0,255.0,120.0,117.0,men,90.6,146.4,145.8362094912385,410.6194281173957,2027.8515721500753,2580.4359528755867,3690.0962715334695
m18ih,110.0,289.0,162.0,193.0,men,148.0,207.0,142.05426402648163,496.68576133736866,1953.99720793353,2705.3201461530266,3356.0901114540447
m19ih,144.0,338.0,176.0,168.0,men,144.0,204.0,160.39623498118803,472.73408530176874,2075.6268794703874,2749.051453222581,3423.4237903870094
m20ih,86.0,307.0,112.0,129.0,men,86.0,157.0,139.38135085794482,432.56073411542656,1570.3444913348856,2019.6915821923658,2934.3884480615743
m21ih,84.0,229.0,96.0,112.0,men,84.0,127.9,125.25376198439858,422.7495939320029,1968.7545310128494,2524.763626499509,3531.7771033668796
m22ih,135.0,355.0,160.0,167.0,men,135.0,199.8,126.91379034098208,464.0387032239797,2063.7964414439193,2744.8706312869886,3553.6611813954873
m23ih,67.0,274.0,107.0,139.0,men,88.8,157.2,114.55460186096299,461.21612317822525,1964.4274467506343,2622.1068471650315,3435.1914028301894
m24ih,98.0,300.0,144.0,144.0,men,110.7,177.3,139.46796631800387,515.9793132335574,1944.7032992067445,2729.0995159535037,4043.5399821417027
m25ih,70.0,246.0,92.0,78.0,men,70.0,114.0,106.10171871173961,420.16949464552965,1965.7194145697745,2573.751575285866,3733.026014173254
m26ih,119.0,316.0,167.0,142.0,men,122.0,187.0,130.30780807525832,443.67220877102073,1958.658390841735,2633.6580868897586,3314.891199251682
m27ih,101.0,289.0,160.0,168.0,men,133.0,195.0,114.22012213323134,459.6308067935123,1996.3514174610773,2627.356556947007,3404.5387414302545
m28ih,96.0,256.0,112.0,129.0,men,96.0,146.9,189.37381242641618,481.5009915588521,2122.7582235844557,2769.7778846322853,3979.816050889058
m29ih,106.0,251.0,144.0,160.0,men,128.1,175.9,130.91168093374958,410.7261232364087,2071.0915862855145,2406.878058684044,2874.910696728832
m30ih,108.0,286.0,140.0,145.0,men,113.1,171.9,106.24242510723813,401.6374619377823,2139.7326450063442,2737.993673171124,3565.63063090938
m31ih,102.0,236.0,128.0,142.0,men,112.9,157.1,161.63484337640767,448.95545572224034,2122.4023922388737,2758.2165413257144,3812.2351219625402
m32ih,86.0,240.0,109.0,112.0,men,86.0,135.9,147.16700687047032,439.636543558577,2023.037540872622,2608.65650788103,3873.174658918396
m33ih,70.0,274.0,88.0,104.0,men,70.0,129.7,147.9803093071077,446.0605756303357,1963.1803275970676,2598.426095348686,3727.6136384961683
m34ih,103.0,275.0,121.0,138.0,men,103.0,157.9,127.54966057593306,393.9577223679592,1912.5346437432488,2642.81119082298,3454.836744252032
m35ih,77.0,303.0,104.0,112.0,men,77.0,145.3,112.70013662290434,416.3067293831414,1999.2901601692859,2609.7423580712566,3256.8515934190923
m36ih,120.0,294.0,137.0,146.0,men,120.0,170.2,130.39099877162866,433.36678036794416,1959.1295731460114,2623.8325873521017,3037.948240894087
m37ih,60.0,207.0,83.0,81.0,men,60.0,106.3,140.58096904052212,436.8647704739186,1847.5036369491615,2569.8351075199644,3299.69354256816
m38ih,79.0,221.0,94.0,94.0,men,79.0,117.4,138.37091469922063,420.6679195891765,2143.9079312345157,2612.7801339698854,3705.6758236148307
m39ih,91.0,259.0,118.0,116.0,men,91.0,144.7,150.92309031522035,441.6355633839291,2081.530243496312,2787.370625705086,3516.2847329956007
m40ih,98.0,292.0,144.0,168.0,men,124.0,188.0,140.6288909297665,426.01055136238074,2044.965307413245,2660.8065027986054,4183.183215840029
m41ih,62.0,247.0,97.0,96.0,men,66.0,127.0,145.1620117375126,443.4037398545567,1850.2590862726665,2655.440455589291,3745.7757778096347
m42ih,143.0,334.0,191.0,217.0,men,172.5,235.5,159.2990055978451,474.9476032242246,1941.1458735104145,2780.9931488030275,3588.5129762544966
m44ih,94.0,298.0,111.0,130.0,men,94.0,154.2,110.12370448294979,435.00251231248455,1974.1481486654648,2659.6117016579783,3262.914366915776
m45ih,108.0,332.0,160.0,184.0,men,135.0,209.0,192.62856372583195,461.9315567542808,2460.743453984973,3015.079720483268,3923.138238349199
m47ih,43.0,287.0,64.0,80.0,men,43.0,112.3,130.7386505406345,410.4839272795031,1799.3289227864402,2518.0371662491443,3439.9286222056908
m48ih,51.0,233.0,92.0,67.0,men,51.0,109.5,135.1471006807688,412.9439414162271,1992.458097786391,2622.354025369329,4013.173678592848
m49ih,72.0,249.0,104.0,120.0,men,82.8,141.2,137.72969701920377,416.2350237564986,2252.758253020534,2911.8346942976714,3185.006440279516
m50ih,63.0,261.0,74.0,95.0,men,63.0,117.2,131.2299371698047,462.90823098682944,2085.433954188129,2693.502551047545,2948.0642127075803
w01ih,75.0,251.0,128.0,127.0,women,98.5,156.5,244.03277474391163,492.4876793515726,2249.0136359116564,2996.802669827254,4539.378333964798
w02ih,110.0,466.0,174.0,195.0,women,125.8,243.2,221.8157580327982,472.07231761128355,2453.8526548157647,3002.5741037945395,4371.402333841287
w03ih,54.0,251.0,86.0,98.0,women,59.5,124.5,208.95490107102614,515.9339428629019,2325.2271736866196,2946.379569741348,3861.85263380047
w04ih,91.0,447.0,180.0,200.0,women,131.3,248.7,224.55181895231408,531.0868408602149,2374.376282411988,3117.8459534411945,4676.630024261087
w05ih,178.0,444.0,216.0,220.0,women,178.0,261.9,249.33532182742414,503.1324381471095,1927.3307455311765,2783.288411865786,4177.491877384794
w06ih,123.0,389.0,235.0,202.0,women,174.6,262.4,214.38303903858576,526.9006553722179,2160.4162989338065,2950.499020542943,4079.987216885182
w07ih,105.0,390.0,160.0,152.0,women,109.0,203.0,205.27881395823005,541.11782419205,2383.2800191355145,3020.787322334979,4254.712937125954
w08ih,179.0,359.0,212.0,212.0,women,182.3,241.7,249.41288238691368,493.9637354769388,2321.9864593368097,2831.564140057255,3673.0684172394463
w09ih,57.0,275.0,117.0,136.0,women,90.5,162.5,251.63284231909535,506.7759149944462,2202.046890399707,2917.957608817792,4136.1692098214735
w10ih,62.0,311.0,126.0,142.0,women,92.9,175.1,231.3367473389107,483.38854693327653,2276.8320052767713,2898.9559873315707,3869.6104991719185
w11ih,74.0,394.0,88.0,104.0,women,74.0,148.8,210.25853044211533,498.8540753050821,2362.6319419145807,2956.603960775628,4091.681306773163
w12ih,118.0,364.0,160.0,168.0,women,123.4,204.6,240.48155572057627,483.31888614139746,2572.761812190714,3266.3525727368306,4272.5235967975295
w13ih,86.0,305.0,199.0,191.0,women,158.9,231.1,241.91868015630763,549.1117192566354,2236.316463053221,2855.25645348308,3351.089549880258
w14ih,112.0,321.0,193.0,185.0,women,154.5,223.5,226.93793644746853,495.0980852117539,2313.70692137144,2967.374674107896,4394.850592597822
w15ih,113.0,331.0,171.0,183.0,women,141.0,213.0,237.4985852453833,480.35252077886616,2130.3018985434487,2960.604720120431,4348.917534366414
w16ih,143.0,433.0,200.0,208.0,women,156.1,251.9,216.77227335577126,492.20914690112994,2563.5312720132074,3144.6477586754,4594.065366233245
w17ih,113.0,316.0,152.0,168.0,women,126.5,193.5,226.1655976735571,492.4097449436611,2311.012560271931,2859.20806086504,4442.692000145009
w19ih,127.0,383.0,168.0,176.0,women,129.8,214.2,253.00852269306884,507.1669289673279,2335.858525420795,3157.5191066606467,4457.038444568932
w20ih,190.0,430.0,232.0,253.0,women,202.9,282.1,220.6885637275377,497.39249511657124,2224.034914953064,2955.6838730740437,4093.0185697243055
w21ih,147.0,492.0,256.0,288.0,women,215.1,328.9,231.52631536918932,467.5295063069809,2150.124710874988,2973.4683090334547,4181.69024386772
w22ih,92.0,263.0,113.0,133.0,women,94.8,151.2,193.26819975773853,458.48751577087086,2406.230160472949,3119.4870873288473,4515.297055295958
w23ih,88.0,315.0,216.0,148.0,women,144.5,219.5,214.20843754233084,546.7029699208755,2127.6528527415758,2900.9020136430645,4336.373101392002
w24ih,114.0,372.0,208.0,224.0,women,173.4,258.6,256.7250377615848,527.6045862098055,1513.9188022734625,2564.1587318531256,3477.335218177055
w25ih,158.0,460.0,208.0,232.0,women,170.2,269.8,222.8741136249029,594.2825061484938,2408.273633940149,3356.0763993049104,4595.828004970969
w26ih,128.0,337.0,160.0,176.0,women,133.5,202.5,226.1037340251913,460.02459017538786,2299.3777659625457,2988.7021778863295,3892.693350650901
w27ih,80.0,277.0,96.0,104.0,women,80.0,132.5,256.33099269663245,508.4867776272724,2440.6575373608725,2953.038693230366,3894.125622847614
w28ih,54.0,221.0,72.0,80.0,women,54.0,103.6,250.742232794284,518.9385806373251,2336.3835079580267,3067.6519467486114,4495.716439580409
w29ih,83.0,302.0,120.0,128.0,women,87.9,160.1,267.67441341806295,529.108255843131,2526.8010462761786,3009.820466694365,3851.318462294833
w30ih,104.0,312.0,136.0,152.0,women,109.7,178.3,249.1117562821069,510.0595778143449,2445.7493384630498,3168.6495328318365,4038.336126773161
w31ih,218.0,479.0,247.0,272.0,women,218.0,302.6,209.27163905056332,422.7850227594647,2190.4148314478066,3038.0581831641944,4106.159029734288
w32ih,86.0,299.0,148.0,143.0,women,110.4,180.6,182.424432379915,510.4721615244862,2072.5378767892826,2686.938448363266,4957.805543851633
w33ih,76.0,303.0,154.0,193.0,women,136.0,211.0,251.78652559963666,568.9958884398613,1427.5070400188267,2535.5806637778405,3716.915843640902
w34ih,112.0,287.0,139.0,162.0,women,121.6,179.4,235.9334496481318,476.6232602867128,2448.3357430462,3059.1110667594453,3779.161690812198
w35ih,142.0,318.0,160.0,168.0,women,142.0,193.0,222.30383173760697,455.4730355719856,2459.715972239062,2990.3304228816414,4202.223088882507
w36ih,155.0,508.0,385.0,395.0,women,331.8,448.2,224.3368247479024,487.20471487392155,2235.6960857016347,3161.84443608889,4363.143709398438
w37ih,145.0,508.0,184.0,200.0,women,145.0,251.9,201.51962760231999,455.67873108097905,2445.5911415816563,3131.138474491841,4412.843339670715
w38ih,97.0,336.0,152.0,173.0,women,123.1,201.9,233.13372710761138,483.0732329445482,2268.5489186127584,3132.0967497513457,4361.110458938635
w39ih,140.0,387.0,160.0,168.0,women,140.0,204.8,215.01004255276197,445.15079207309867,2545.163577455231,3051.787720996473,4238.204460324335
w40ih,136.0,363.0,176.0,192.0,women,146.5,221.5,206.94291183142718,504.6072002398876,2324.577001388088,3091.9095303035356,4257.742760454175
w41ih,109.0,309.0,160.0,168.0,women,131.0,197.0,222.98215734962955,458.8017707987371,2622.6140897962273,3279.4508221568017,4202.439786259419
w42ih,83.0,253.0,104.0,147.0,women,97.5,153.5,237.10977660706718,474.08003729337173,2117.2021612270014,2992.7880769683034,4044.347092873742
w44ih,118.0,384.0,155.0,178.0,women,122.6,210.4,227.72914387028277,472.8954290830636,2233.620403835455,2914.744211816055,3984.0203480357545
w45ih,127.0,414.0,176.0,200.0,women,140.6,235.4,215.28454905983708,459.81089793889004,2353.032619939541,2940.098759847081,4348.886280372845
w46ih,76.0,328.0,126.0,146.0,women,94.4,177.6,150.446820027949,469.3969485190945,2475.373997683368,3008.903440678819,4217.560477106455
w47ih,86.0,294.0,136.0,144.0,women,105.7,174.3,224.88287803030653,464.7638722612689,2254.0865410829224,2664.149977629062,4277.298718496319
w48ih,78.0,287.0,96.0,110.0,women,78.0,137.5,240.18786054477405,492.4937879134168,2194.807128869521,2879.7922430982594,4004.995514690451
w49ih,75.0,291.0,115.0,132.0,women,87.9,159.1,225.92286637432176,464.4124746786763,2556.626819787034,3017.715555104664,4443.570929618228
w50ih,96.0,341.0,128.0,136.0,women,96.0,172.4,245.7328328711261,501.12025971411106,2371.0776689108807,3084.526113243178,4073.658899195095
b01ih,81.0,278.0,112.0,157.0,children,102.0,167.0,263.7187911589709,546.519564414268,2480.795962758962,3577.995876490692,4936.043031772379
b02ih,181.0,420.0,232.0,248.0,children,200.6,279.4,288.64789261894396,573.5727394873796,2694.8071366716927,3863.927774340883,4849.048836778527
b03ih,148.0,432.0,294.0,251.0,children,225.6,319.4,221.31460154422885,580.0072523000752,2721.555038128564,3668.3066641157557,4836.484097433963
b04ih,124.0,392.0,169.0,207.0,children,143.8,232.2,251.2255833202577,533.8651966866454,2469.272187734102,3624.457082427354,4932.145835184816
b05ih,79.0,288.0,104.0,112.0,children,79.0,142.5,234.6054813131227,484.65741883703424,2560.0346686125567,3887.294769579345,5150.319003016119
b07ih,105.0,373.0,311.0,285.0,children,253.8,342.2,299.953587337304,616.1510825164371,2354.2446751176226,3685.955769913953,4376.17100378069
b08ih,236.0,441.0,259.0,280.0,children,236.0,303.3,219.43463891007556,454.7041320627858,2927.8938561037717,4176.33624635944,5259.851847387749
b09ih,158.0,390.0,279.0,256.0,children,229.2,305.8,235.01076114229886,542.7108186616725,2569.282134677047,3874.243660940034,5433.734332287614
b10ih,142.0,405.0,257.0,252.0,children,211.1,297.9,207.81807168563907,525.4082164336711,2708.667357839528,3638.843719619841,4730.165886035571
b11ih,93.0,320.0,200.0,231.0,children,178.0,253.0,197.6625328891074,547.333277284112,2475.448770184381,3695.514382741527,4840.782776698768
b12ih,118.0,423.0,299.0,306.0,children,252.2,352.8,260.8641746497455,547.8302175848188,2601.3195060441794,3541.5686069913572,4961.076367619565
b13ih,117.0,370.0,128.0,152.0,children,117.0,181.7,222.7242950961962,494.76104175105837,2502.3422620794736,3676.1968702294753,5121.3513866676585
b14ih,90.0,267.0,104.0,112.0,children,90.0,137.2,232.67186727559746,477.60252741934585,2701.542454235293,3746.9362262306554,5078.968151300362
b15ih,94.0,349.0,152.0,126.0,children,96.9,181.1,282.9783112679497,563.0298504987927,2553.831455870616,3675.72453854148,5164.007317930612
b16ih,155.0,445.0,270.0,304.0,children,239.1,334.8,197.6026769669834,562.5458209541317,2600.809339977327,3513.1114219793744,4927.648890671631
b17ih,122.0,398.0,180.0,158.0,children,123.5,214.5,249.74708616117817,499.0575356881708,2576.0151632342768,3635.0311370345153,5089.296818025354
b18ih,88.0,284.0,159.0,155.0,children,124.7,189.3,266.04591199471184,538.2770012453658,2396.733118355986,3346.256906730068,4402.0971633801255
b19ih,57.0,320.0,104.0,120.0,children,68.6,155.4,217.94321062819597,516.9255144024432,2748.792798949982,3700.6201027512816,5096.880900910724
b21ih,101.0,401.0,128.0,144.0,children,101.0,185.5,257.61628785143387,525.7331110448422,2659.928026296165,3349.8995402542573,5103.124915358843
b22ih,107.0,294.0,129.0,135.4,children,107.0,163.1,229.84224088807247,536.7529507202074,2604.315349735754,4064.3381593210106,5349.573030598601
b23ih,131.0,336.0,176.0,174.7,children,141.5,209.2,278.3460424424071,553.9419350014149,2816.751553180761,3690.5770418619477,4900.69843492975
b24ih,104.0,241.0,118.0,124.8,children,104.0,144.0,230.34748428714366,457.13054671977415,2847.33043971678,3778.3270610596846,5378.792436723088
b25ih,121.0,370.0,168.0,155.5,children,121.0,202.8,303.8766431288166,487.6035759177972,2627.9721155259685,3885.330303596719,5138.398003820386
b26ih,142.0,458.0,160.0,168.0,children,142.0,216.1,219.98456132391232,698.6339397864405,2778.4929873975016,3628.5967643780514,5287.025843135978
b27ih,91.0,265.0,131.0,112.3,children,92.9,150.4,232.1927786231243,554.0397447022227,2601.438968045882,3592.2837470986015,4980.499172567168
b28ih,151.0,345.0,184.0,169.9,children,151.0,209.0,244.53591505750387,487.7573410273914,2653.248660896515,3824.942357394731,5235.892970391408
b29ih,110.0,404.0,187.0,145.9,children,117.9,215.0,243.51355462884845,536.1875036931913,2589.1563927391967,4096.110006297289,5158.6203473905025
g01ih,114.0,347.0,170.0,180.0,children,136.6,213.4,243.49202997424808,494.2543655173483,2629.784187405776,3679.763680580691,4884.481117909456
g02ih,162.0,359.0,184.0,200.0,children,162.0,224.5,267.7700952065464,742.2359147445806,2726.7342359180284,3861.3507513423096,5115.280619048439
g04ih,218.0,531.0,387.0,364.0,children,323.9,427.1,271.9889528208641,558.1578356527517,2467.884822783846,3649.0612455357577,4820.518094852442
g05ih,163.0,486.0,216.0,232.0,children,170.7,277.3,221.29287361325822,458.9199937331356,2837.352954691781,3811.02067712178,5416.09139675671
g06ih,152.0,302.0,160.0,176.0,children,152.0,192.8,239.94160821522297,774.4797544477797,2752.5295972525932,3764.8648379664314,5201.0718436265015
g07ih,102.0,413.0,152.0,160.0,children,104.7,207.3,257.13553849384294,541.8377056408366,2576.7173895666756,3632.593209612784,5139.876264843031
g08ih,174.0,552.0,249.0,247.0,children,185.6,310.4,260.7067379901387,529.3793147467303,2757.698634886972,3820.015072046234,5311.533554763602
g09ih,91.0,399.0,112.0,120.0,children,91.0,166.8,263.94613634756263,522.8612634495403,2878.187175081317,3778.456599515378,5095.741650160079
g10ih,168.0,409.0,210.0,217.0,children,173.7,253.3,260.68460078778935,515.628712187678,2883.0829403630473,3744.298094574022,4963.940596482979
g11ih,97.0,347.0,268.0,252.0,children,218.8,301.2,227.78917362697652,510.43783067969616,2477.791359378796,3639.7849699725425,4970.695243465759
g12ih,127.0,367.0,178.0,197.0,children,147.9,227.1,258.2043912918509,553.3243709292799,2901.4033247004572,3660.252921707735,5055.271620931302
g13ih,95.0,368.0,147.0,168.0,children,112.5,202.5,256.2275333618812,532.4538870925569,2670.811093724457,3620.437941397204,4906.593449241925
g14ih,164.0,475.0,195.0,198.0,children,164.0,247.8,213.63887489592676,531.170535561383,2804.2072839111556,3830.2128946988296,5203.276104407533
g15ih,134.0,471.0,200.0,261.0,children,174.9,286.1,242.1395541470371,507.90366089517255,2835.450704629142,3804.9995342183806,5126.841287868515
g17ih,165.0,377.0,218.0,211.2,children,179.6,249.6,248.94505201788712,521.6244266990171,2609.969873449561,3789.082075175686,4882.633487303965
g18ih,107.0,374.0,174.0,132.5,children,109.2,197.3,213.65993500454465,520.8944043207684,2774.8623687531194,3635.048985610908,5013.887846427195
g19ih,108.0,276.0,140.0,149.8,children,117.2,172.6,238.92240184390243,559.1120800178708,2678.28404692312,3851.3060041600497,5071.548289537962
g20ih,116.0,336.0,152.0,160.3,children,119.9,192.5,243.2442701248433,519.1461799325698,2747.157998171303,4007.9477504226443,4894.636435756984
g21ih,94.0,264.0,120.0,128.0,children,95.9,152.0,230.29020138465685,570.26668903436,3031.678072192275,4062.3606676572767,4948.197031791272
m01iy,160.8,499.9,218.0,285.0,men,195.5,307.5,173.1188769212548,347.5295389499707,2413.7267999183155,2881.816262573078,3402.9844061040258
m02iy,187.0,423.0,240.0,258.0,men,210.1,287.9,107.97214337691702,332.2444615020962,2274.1093273478723,3035.797338935665,3258.0635173055553
m03iy,153.0,468.0,204.0,272.0,men,186.0,290.0,95.04491081695897,364.42036776641856,2242.481640260215,2590.196109977873,3024.2992699556007
m04iy,73.0,313.0,192.0,189.0,men,150.9,230.1,133.62788690827716,373.5320417989708,2352.476643983207,3382.5936664086503,3926.229671618413
m06iy,79.0,320.0,220.0,214.0,men,177.2,256.8,122.22365492559089,392.27631455772377,2359.3968446991225,2765.355272414893,3432.3327962436324
m07iy,100.0,359.0,156.0,173.0,men,121.8,207.2,101.90419965113324,372.4707243447391,2365.121374495333,3196.623153544617,3768.935374805607
m08iy,91.0,389.0,131.0,192.0,men,112.3,210.7,163.04131534785034,333.8471105878454,2339.8586720264475,2824.871136627449,3492.458240565262
m09iy,141.0,482.0,229.0,262.0,men,189.2,301.8,127.72988187549294,367.7502626134442,2058.620515730672,2912.9182929415692,3552.6011508025676
m10iy,206.0,429.0,262.0,239.0,men,213.7,287.3,166.76199184296792,338.7206712707998,2226.541420008953,2936.293972178417,3262.0800496928036
m11iy,235.0,558.0,372.0,414.0,men,339.7,446.3,160.25748419785126,335.9100239914851,2252.140028604114,2858.645037421528,3438.8916214124156
m13iy,115.0,344.0,251.0,280.0,men,227.7,303.3,105.40910456372077,355.20970805346525,2203.916665215257,2897.8429785923317,3314.6733634471757
m14iy,90.0,346.0,137.0,157.0,men,104.8,189.2,105.35088050353669,350.7549997087836,2474.9631170684465,2831.444826123297,3525.8082758230466
m16iy,85.0,264.0,141.0,140.0,men,111.0,170.0,145.42530948079548,320.40939106372514,2227.603069870352,2529.8370445042724,3190.0056130894736
m17iy,79.0,340.0,179.0,188.0,men,140.4,226.6,164.30639063914558,334.32564444817007,2284.298275221869,2815.2328036025156,3767.97008481884
m18iy,63.0,336.0,141.0,132.0,men,91.5,181.5,139.1073934859523,380.0088275521193,2347.0212965260935,3036.8017357108774,3420.8562653007807
m19iy,128.0,360.0,220.0,194.0,men,168.7,245.3,162.64023885420877,357.9097510675946,2414.0190701788656,2898.9712808947215,3516.7468726202824
m20iy,89.0,352.0,217.0,202.0,men,166.1,252.9,159.4311117721227,328.4569966764896,2315.4203890483805,3338.695047591715,3388.854836910974
m21iy,88.0,241.0,142.0,140.0,men,115.8,166.2,127.10269594624891,353.70501512155806,2118.561502828319,3043.2041884721766,3307.1202380417985
m22iy,147.0,398.0,271.0,266.0,men,227.1,309.9,125.19177211357604,380.0919642656142,2157.3863204020386,2761.7437679232553,3928.372161795456
m23iy,162.0,427.0,193.0,202.0,men,162.0,241.2,120.22595130298419,370.66055768087733,2207.312124652969,2959.4542878383118,3434.4528890966185
m24iy,104.0,345.0,156.0,150.0,men,113.2,192.8,132.67751818496214,392.49326032371795,2093.9142852269742,2520.0207010055556,3120.8836669335697
m25iy,91.0,359.0,177.0,167.0,men,127.8,216.2,116.11125038522033,360.39803716155535,2226.300906862576,2819.2447884213348,3417.984282723495
m26iy,89.0,360.0,211.0,210.0,men,165.8,255.2,117.57650314241268,337.2213061135536,2203.9085379444846,2625.860554944842,3021.2742153856952
m27iy,118.0,336.0,277.0,278.0,men,241.5,313.5,115.6120812246275,354.31268112767714,2260.202591868255,2793.168277630698,3560.6160496509747
m28iy,119.0,313.0,182.0,155.0,men,136.5,200.5,184.87259064412618,368.4516472390055,2330.1050755770766,2529.534397312102,2971.694989156159
m29iy,192.0,353.0,266.0,243.0,men,227.9,281.1,128.03094060840158,336.3412331092352,2369.6374807902034,3067.384786854124,3554.818314950742
m30iy,140.0,422.0,176.0,198.0,men,140.5,233.5,107.86728232533613,372.61588512644715,2418.553010090456,3033.3221249943113,3518.0687552065233
m31iy,89.0,291.0,168.0,174.0,men,137.7,204.3,155.5413947226351,334.304496579596,2332.934178488676,2915.619024134259,3777.0714622847113
m32iy,126.0,331.0,247.0,246.0,men,212.7,280.3,164.83029777576505,341.10233329114925,2222.2650898179713,2908.1702726384424,4301.706618456306
m33iy,80.0,334.0,146.0,176.0,men,119.1,202.9,157.16729805951172,325.40123813547564,2447.4551964876573,2947.3288621836027,3858.694919011044
m34iy,154.0,354.0,201.0,268.0,men,201.5,267.5,128.6722872385395,361.9249123345034,2117.5144043020337,2851.9298914382466,3168.6998962728344
m35iy,66.0,334.0,135.0,182.0,men,114.3,202.7,121.54080019054491,357.08104834871835,2102.7008232919693,2852.1064163152714,3300.9667839711137
m36iy,117.0,336.0,250.0,218.0,men,197.9,270.1,131.07402219400956,370.3402467108135,2078.2195657039797,2669.7118593863606,3107.996805261086
m37iy,81.0,276.0,152.0,152.0,men,119.8,184.2,135.9650083891088,417.62327854258626,2111.4731765325528,2848.9141603470985,3380.99584568357
m38iy,96.0,283.0,139.0,125.0,men,101.1,162.9,147.1695485832732,316.69337193038,2190.316019903118,2803.546592204698,3655.3940298624525
m39iy,190.0,425.0,255.0,256.0,men,216.7,294.3,184.5784683508963,375.78297974678514,2206.2347392476495,3122.041434263233,3597.6551125940014
m40iy,146.0,377.0,184.0,187.0,men,147.4,223.6,153.1728579939404,368.0286318289804,2423.293216225302,2881.1919808654893,3907.3651724638144
m41iy,82.0,303.0,187.0,189.0,men,151.5,224.5,140.56145090758784,413.14849213670794,2213.277346677006,2783.969630730013,3448.2640459576605
m42iy,110.0,396.0,184.0,160.0,men,124.8,219.2,151.78424322179785,401.66850607690014,2183.511336670702,3070.876848581182,3739.793583261128
m44iy,123.0,414.0,154.0,176.0,men,123.0,213.0,100.63414506482081,330.2685728916759,2260.478595998265,2770.164861108393,3206.741151193595
m45iy,92.0,326.0,127.0,237.0,men,143.4,220.6,221.6545528345962,430.3864923091669,2423.835952629086,3315.0158036606917,3741.016228164156
m47iy,87.0,315.0,180.0,174.0,men,139.4,214.6,154.3900618819862,324.92881242853565,2058.4980988309317,2995.4893982348485,3367.275053770425
m48iy,85.0,301.0,189.0,167.0,men,142.4,213.6,125.02449166906062,370.5662629959945,2502.7046584773752,2769.5620623980526,3902.7509674855974
m49iy,96.0,342.0,255.0,262.0,men,217.9,299.1,133.37041585901582,383.6100773160431,2525.7139081110295,3263.737775997855,3833.6031923553737
m50iy,161.0,389.0,288.0,325.0,men,268.9,344.1,113.74408151687015,356.29899027945095,2371.8685117616797,2582.345739416386,3229.13959156643
w01iy,69.0,301.0,208.0,210.0,women,170.7,247.3,234.576222245213,452.25086831529177,2807.962483096936,3345.1405898957514,4412.284733963632
w02iy,174.0,554.0,325.0,335.0,women,267.3,392.7,222.83589782290886,441.8408113333679,2889.750904635713,3655.0940843743515,4373.254427788215
w03iy,94.0,383.0,238.0,256.0,women,199.3,294.7,193.78079151345722,389.14215314295814,2673.191746693209,3026.628445109068,3875.8126151258975
w04iy,180.0,544.0,398.0,393.0,women,335.4,455.6,215.46052810839814,427.85995682712587,2742.8497688063862,3006.400958873879,3633.164673692757
w05iy,141.0,446.0,249.0,277.0,women,212.7,313.3,248.10278825191733,401.0687250544448,2705.1051058024354,3473.443396886464,4376.616158875912
w06iy,86.0,418.0,236.0,243.0,women,184.7,294.3,222.67885216953061,447.74111798295763,2582.3324952373487,3038.631917701088,3453.92299717601
w07iy,148.0,429.0,248.0,264.0,women,209.6,302.4,200.57095237282644,402.9113812720107,2641.615441541536,2888.807471700041,4063.0206495736406
w08iy,135.0,432.0,282.0,290.0,women,237.0,335.0,263.66768931943795,478.0906666601766,2709.803294636859,3253.7951064278886,4443.905092867326
w09iy,90.0,336.0,194.0,208.0,women,160.4,241.6,262.2943978733371,462.61923892253657,2793.5551324364046,3322.311329798301,4211.9453548494075
w10iy,107.0,431.0,282.0,251.0,women,213.0,320.0,238.0060518560569,477.4699705601402,2843.0949424827186,3202.333893536776,4257.89135005056
w11iy,102.0,535.0,365.0,342.0,women,282.1,424.9,203.76777524126047,409.1351356847453,2650.2183691922114,3080.9814723611134,3620.55607278053
w12iy,133.0,492.0,343.0,352.0,women,288.3,406.7,222.57876129482474,443.0212648139348,2793.898920912117,2970.0395631036113,3742.369030040975
w13iy,168.0,504.0,322.0,308.0,women,259.6,370.4,230.31579020632248,443.95152506947574,2792.070861136511,3347.9839648447673,3998.987917696817
w14iy,79.0,340.0,112.0,136.0,women,80.9,167.1,225.64268880866376,441.6425882959504,2703.8885839147106,3491.286632731206,4353.02825780617
w15iy,206.0,527.0,410.0,360.0,women,332.0,438.0,253.28442742451827,436.6759540252193,2819.252400432788,3245.943262698742,4187.6888244146285
w16iy,126.0,404.0,220.0,222.0,women,175.1,266.9,228.79584346646078,457.4652682711112,2923.422634007328,3595.787908504694,4038.5837930257126
w17iy,134.0,374.0,216.0,231.0,women,183.9,263.1,210.98049893433776,430.2585988204782,2647.4808615979964,3220.0325648550415,3567.077399663841
w19iy,96.0,398.0,291.0,259.0,women,225.2,324.8,248.81804546027874,492.3531880519462,2693.6093764671687,3319.9121740866262,4207.884024322851
w20iy,176.0,463.0,337.0,336.0,women,289.1,383.9,196.20422824419273,395.2294483452854,2588.263958019198,3264.4688041237855,3862.33921909282
w21iy,155.0,508.0,319.0,350.0,women,276.3,392.7,222.8966301612525,437.7783051669782,2481.687058413602,3004.1159017599075,3861.223969465938
w22iy,116.0,420.0,218.0,190.0,women,153.8,254.2,215.5838112748315,432.2784130721846,2590.762468421874,3140.5533066510498,4319.553340570167
w23iy,120.0,427.0,216.0,232.0,women,173.3,274.7,217.76178425209307,437.5235053705421,2588.2071510055557,3217.2382840865075,4137.5357028531935
w24iy,126.0,460.0,318.0,324.0,women,265.9,376.1,271.5500614171998,531.7232636276395,2944.335704192816,3835.4823933339744,4622.616319267891
w25iy,137.0,483.0,325.0,325.0,women,267.9,382.1,236.82484884624827,472.37413708155333,2899.831355889289,3113.0932733799204,3929.367459423552
w26iy,112.0,448.0,293.0,237.0,women,209.6,320.4,197.96894152575945,404.3907852592941,2580.8296203625496,3251.753661358669,4142.791087467817
w27iy,124.0,374.0,227.0,206.0,women,175.2,257.8,251.29254501025696,483.8247736743684,2733.7550078768527,3055.692067711778,3329.954502018331
w28iy,108.0,330.0,219.0,229.0,women,187.4,260.6,245.81419126845242,489.58173344131944,2658.653750088809,2963.135060047244,4124.479086773468
w29iy,112.0,396.0,176.0,178.0,women,130.1,223.9,275.53490706075183,512.7068604160861,2335.8569848280613,3146.6939674269856,3790.548564628208
w30iy,117.0,423.0,277.0,276.0,women,226.0,327.0,233.26394385944744,467.4755707080528,2758.311060295749,3407.9421986085463,3760.417854339039
w31iy,139.0,455.0,185.0,212.0,women,146.4,250.6,235.23462742336457,459.9802507670727,2332.1343250030427,3112.655420583801,3959.4916628154824
w32iy,119.0,380.0,192.0,224.0,women,164.9,251.1,214.66029763863497,433.52880808367445,2729.3618606564696,3015.8579547461018,4173.360190392917
w33iy,131.0,388.0,170.0,182.0,women,133.6,218.4,276.5396088401927,505.0613969738688,2220.311335352819,3148.8383595310324,4002.838269568858
w34iy,141.0,377.0,227.0,256.0,women,202.6,280.4,219.83121383378176,434.74308187486827,2841.2812622648107,3416.4809982256065,4090.207670030926
w35iy,157.0,433.0,326.0,299.0,women,267.0,358.0,213.15475062922164,413.9076908778305,2728.2113676676245,3608.0598992005844,3882.5098912106464
w36iy,153.0,477.0,312.0,377.0,women,291.0,398.0,219.38815777018627,437.87466863311624,2662.2372367685753,3333.057114716075,4218.35904865912
w37iy,160.0,556.0,439.0,387.0,women,347.7,478.3,200.3492778293474,397.6044243937786,2789.814093540842,3299.9462863998715,4320.427918561004
w38iy,149.0,425.0,363.0,380.0,women,326.0,417.0,224.64519346514538,449.4690023404968,2913.1059189091743,3241.0154330714818,4402.952345513425
w39iy,178.0,516.0,333.0,364.0,women,292.7,404.3,210.60928827098553,422.1159456340611,2619.549191270223,3221.8062164657263,3728.848089033321
w40iy,160.0,431.0,254.0,268.0,women,216.3,305.7,200.9429421398751,400.0431868560286,2718.302836359093,3294.325896362095,3935.499430815286
w41iy,135.0,398.0,312.0,319.0,women,272.1,358.9,228.94730537543876,443.17819259330946,2955.6717818375564,3586.803507938483,4172.186856771346
w42iy,156.0,532.0,316.0,335.0,women,263.5,387.5,248.71599565563352,448.29812196679126,2656.8754456066226,2766.9180872702173,3748.2172293107405
w44iy,203.0,571.0,400.0,412.0,women,345.3,466.7,226.97454615590607,442.318423528586,2546.6245309193155,3475.0272197147915,3982.2840041925647
w45iy,97.0,423.0,160.0,186.0,women,119.2,226.8,217.88234668299853,432.4320448976868,2490.328065341721,3002.6607768415897,3762.881881972823
w46iy,125.0,441.0,228.0,228.0,women,175.9,280.1,156.8043617033603,349.46942786433266,2071.1502611347273,3309.127957458398,4308.013546389222
w47iy,144.0,480.0,336.0,312.0,women,268.6,379.4,229.00039471759325,451.2337592941774,2763.697041586143,3258.9831334833816,4412.130872424514
w48iy,110.0,389.0,195.0,254.0,women,178.5,270.5,255.071437863424,493.4653176556568,2639.494894496125,2937.5402999766884,3762.9112617671794
w49iy,145.0,435.0,176.0,200.0,women,145.0,235.8,240.80416073027754,423.680956557166,2855.182426532997,3414.536444764804,4361.729986682514
w50iy,94.0,408.0,253.0,269.0,women,209.2,312.8,231.66167394325686,434.4048815330983,2806.507997653178,3264.015059067133,3917.2401217753913
b01iy,120.0,357.0,188.0,184.0,children,146.9,225.1,274.05373496030234,535.6904779745124,3112.5656120250705,4174.24496525567,5426.086867853738
b02iy,87.0,404.0,185.0,195.0,children,137.7,242.3,289.1737508910947,437.26281289093623,3179.1759009343255,4042.888249291464,4785.8863993911455
b03iy,110.0,387.0,137.0,144.0,children,110.0,186.2,220.6904351695112,440.09167239549146,3142.763405859072,4245.809571360305,5263.25528998218
b04iy,166.0,484.0,225.0,235.0,children,177.5,282.5,261.8163334602054,519.0829004215822,2904.2683521320737,3982.5254858248522,4874.136012828726
b05iy,154.0,396.0,210.0,216.0,children,173.1,252.9,243.9682663683265,441.79664342446847,3175.3022286501728,3942.915854722257,4876.419911888224
b07iy,112.0,422.0,282.0,307.0,children,243.3,345.7,306.959246170141,516.7614850155904,3021.6463622399547,4318.168394691889,4892.560310363991
b08iy,223.0,464.0,324.0,324.0,children,284.2,363.8,219.50013952630337,422.8286668030679,3192.2629011414133,4161.637266806356,5144.025227890667
b09iy,84.0,380.0,120.0,128.0,children,84.0,172.8,257.1775943410082,516.1461135089311,2912.148938593352,3828.2798802424536,5096.334098987911
b10iy,160.0,426.0,320.0,254.0,children,243.1,330.9,219.09625264295983,458.246460314021,3204.972163420559,4116.864768094964,4735.252083859144
b11iy,117.0,371.0,220.0,209.0,children,172.6,256.4,208.09339928044201,431.72142286652627,3052.3199936382584,4102.777224337532,4891.121055759374
b12iy,99.0,448.0,291.0,270.0,children,222.9,338.1,261.608862494153,521.1981771594607,3150.4611817177706,4189.287991624419,5309.812148984624
b13iy,89.0,323.0,122.0,147.0,children,95.9,173.1,237.82623781782,452.26698471794185,2863.045970462221,4216.866415387051,5057.263556267258
b14iy,148.0,475.0,320.0,257.0,children,234.5,342.5,206.37799721989123,422.7994299274864,3345.5804498253124,4215.020660851479,4998.643428958582
b15iy,109.0,438.0,139.0,180.0,children,109.0,213.8,264.27513962759974,474.5544715058304,3121.088317495565,4153.297765405549,5146.209380234697
b16iy,139.0,463.0,345.0,336.0,children,287.0,394.0,207.06898107529625,423.0411777797832,2997.727617970476,4403.907954396172,4752.737644449872
b17iy,92.0,423.0,195.0,163.0,children,124.4,233.6,257.52037877302587,493.9310654806071,2846.087010291081,4031.457616574461,4851.151831688054
b18iy,96.0,365.0,285.0,220.0,children,208.1,296.9,279.8648944846927,527.0057784682535,2818.7634982433606,3943.628590965551,4550.765824504545
b19iy,76.0,364.0,236.0,225.0,children,183.0,278.0,227.80819682548332,461.91815285443465,3198.203902248897,4554.724662592113,5251.034684618224
b21iy,108.0,506.0,327.0,322.0,children,258.8,390.2,245.0912055554548,409.11038506426854,2967.6128447442416,4160.200305450188,5011.000873504519
b22iy,133.0,458.0,168.0,170.9,children,133.0,223.1,263.7086385455812,537.6238787677587,3107.3586092264823,4312.839221792814,5220.126989747543
b23iy,139.0,416.0,204.0,264.0,children,188.3,279.7,288.7594368879212,414.78766144795,3220.388678496445,3992.1060142456167,4612.392238464133
b24iy,117.0,322.0,131.0,150.7,children,117.0,174.7,215.11254029530969,429.49404058572367,3253.3561134632214,4370.214378568301,5567.219906164391
b25iy,197.0,506.0,230.0,240.0,children,197.0,286.0,244.4420990767974,409.63133688978223,3091.1832755365767,3924.780009809659,4841.191951715319
b26iy,162.0,504.0,323.0,288.0,children,249.1,361.9,222.18268661355458,457.2261884924344,3196.2949574643812,4232.654379145737,4797.312854191604
b27iy,114.0,355.0,171.0,136.3,children,114.0,193.4,243.2115441213324,527.0241419954075,3052.739290841647,3862.6082293550494,5025.576042075352
b28iy,155.0,423.0,275.0,218.9,children,202.7,291.2,242.08618704443597,373.3007209566589,3075.902446984396,4292.962471839536,5027.71646736704
b29iy,97.0,366.0,200.0,168.0,children,139.6,228.4,256.97292684152563,392.47507183763054,3126.4800677975572,4441.104547543732,5216.513044930324
g01iy,299.0,613.0,435.0,423.0,children,377.2,480.8,221.29171375381318,387.3823252605685,3204.972415703394,4038.0629780064946,5193.736317142383
g02iy,114.0,362.0,164.0,225.0,children,153.6,235.4,238.89382716130774,480.5342286855891,3415.022099484703,4276.383325003996,4777.32539775306
g04iy,176.0,500.0,360.0,368.0,children,310.5,417.5,293.41506050551266,430.3831462789019,3300.279533722105,4139.261600986722,5265.269807351626
g05iy,166.0,471.0,224.0,240.0,children,181.7,282.3,239.51486238909638,459.09011956979026,3176.6474534877275,3811.4407238773706,4757.386504442141
g06iy,168.0,398.0,197.0,206.0,children,168.0,239.5,253.87971198518665,687.8267740573851,3086.763518180809,3965.6824912182256,5263.180838534269
g07iy,110.0,496.0,239.0,220.0,children,165.8,293.2,248.53213693481717,469.20162893612644,2806.8438305758195,4093.6480597682867,4936.944515990865
g08iy,183.0,573.0,314.0,300.0,children,242.7,371.3,261.95731947680747,466.8309058671115,3518.3187966766873,4376.377023869402,5154.60814883992
g09iy,130.0,529.0,238.0,223.0,children,164.7,296.3,294.9904721727721,485.67699391265216,3240.7695682285803,4263.571224250628,4994.372096764918
g10iy,131.0,423.0,273.0,289.0,children,232.8,329.2,226.37983868152946,450.64007384291716,3375.042039790198,4061.5485876536995,4869.791529417753
g11iy,166.0,448.0,260.0,364.0,children,265.5,358.5,234.51623199169245,448.0231302733265,2932.441659503471,4122.800239943525,4866.370776380617
g12iy,98.0,402.0,262.0,291.0,children,226.3,326.7,216.53340344376576,437.77681363820517,3416.157499112937,4476.663026374201,5165.576352922875
g13iy,112.0,508.0,358.0,368.0,children,297.7,428.3,279.35869541490575,436.4714263883124,3201.9581364530795,4035.8047604914887,4975.383682065635
g14iy,85.0,405.0,208.0,224.0,children,163.2,268.8,220.28976638483473,432.9775367116439,2819.867308347823,3905.386076908351,4859.054270481229
g15iy,147.0,504.0,274.0,256.0,children,206.1,323.9,255.18001387246477,453.9984791194459,3361.7266803423167,4233.422554778793,5304.702121608815
g17iy,86.0,352.0,155.0,134.4,children,100.8,188.6,277.2063916258178,462.41352953050693,3120.1528368583313,4009.2770603077506,4965.384829035513
g18iy,224.0,567.0,296.0,263.0,children,224.0,336.1,224.7503872370679,445.0410340876351,3393.8478870065815,4258.76703540183,5013.219703240937
g19iy,109.0,302.0,153.0,164.2,children,126.8,190.4,237.10126739211006,466.5036252266053,3099.538731976247,3864.3227910276364,5291.357389533417
g20iy,126.0,369.0,265.9,232.3,children,209.0,289.2,233.0804332561712,466.89677587973335,3314.550878983571,4217.597512502226,4952.37972494277
g21iy,156.0,414.0,289.9,240.0,children,222.4,307.5,238.82983179456562,470.4892401647393,3083.440910741908,3647.500310768684,4805.00254200539
m01oa,179.3,547.9,283.0,325.0,men,243.2,364.8,168.5136685419281,517.2472484308884,991.6455283041449,2557.1072678548076,3459.9657796300835
m02oa,158.0,419.0,206.0,187.0,men,158.0,239.6,102.78756599985326,540.1389330616544,926.8877995414745,2572.8572556338163,3056.076418285569
m03oa,122.0,539.0,272.0,206.0,men,170.2,307.8,96.6995231897799,504.8927931535151,890.7578603524491,2473.4459444705753,2972.053617321101
m04oa,132.0,432.0,259.0,257.0,men,208.5,307.5,144.86426959605757,456.70503188278263,857.2556021151061,2591.1377897098555,3474.7244263736334
m06oa,61.0,324.0,152.0,179.0,men,122.1,208.9,113.95588841285436,533.5426860027248,1007.0013567586835,2445.9047784221493,3433.5250947070576
m07oa,78.0,344.0,129.0,168.0,men,104.6,192.4,94.33327436042617,519.8412785874309,1094.1215725368504,2430.8753706283683,3548.766991091951
m08oa,79.0,364.0,172.0,178.0,men,128.0,222.0,125.53968516010403,505.6400232682921,896.6506559372104,2529.397173181104,3425.1277027109377
m09oa,114.0,454.0,193.0,224.0,men,152.4,264.6,131.21205021174225,497.78654773659633,958.7578434447532,2663.761502190896,3300.5745554464957
m10oa,117.0,386.0,195.0,157.0,men,131.6,220.4,152.12439177159757,500.71739686877623,1042.343719992561,2490.5628323556202,3195.4669416218157
m11oa,129.0,503.0,179.0,221.0,men,138.3,261.7,148.28921834112825,505.0764798276406,890.0709133058161,2405.5782334289124,3231.672082281398
m13oa,136.0,404.0,174.0,216.0,men,150.8,239.2,104.83776774102476,484.1991830399054,858.8505700470064,2636.3306553862253,3152.3121641453495
m14oa,119.0,388.0,184.0,179.0,men,137.1,225.9,105.79848712283959,491.1619294353186,1071.8981665761148,2347.5746009245045,3189.852139818439
m16oa,68.0,282.0,163.0,162.0,men,127.2,197.8,141.37744097913753,437.45231913597144,882.6100381084632,2547.58688071312,3105.540618968277
m17oa,115.0,387.0,226.0,218.0,men,177.1,266.9,147.33808129712182,440.0688432217485,779.8101037520261,2142.1156698870855,3482.901118246162
m18oa,140.0,477.0,323.0,327.0,men,269.4,380.6,137.6029541450268,461.9324361412689,801.581648331566,2597.776366021479,3457.1093315715093
m19oa,120.0,367.0,176.0,178.0,men,136.2,217.8,160.31784090019423,561.7826730301848,1024.5995629365195,2739.5336395575773,3550.470014680859
m20oa,94.0,413.0,136.0,113.0,men,94.0,177.1,131.12424905456837,548.2212067753201,1041.870934577001,2282.322800041285,3279.587015764296
m21oa,120.0,324.0,202.0,150.0,men,142.3,209.7,119.59231016002369,572.1734115080242,950.5463854016934,2200.3096841057663,3118.4612337843932
m22oa,112.0,399.0,200.0,174.0,men,139.6,234.4,120.22015604720559,539.3245283409917,1019.2744611242476,2562.9714383753358,3712.2513246360263
m23oa,138.0,417.0,261.0,264.0,men,216.5,308.5,116.45163409354282,469.46417897517495,813.7626560971718,2454.0408442987627,3334.854464970895
m24oa,78.0,311.0,116.0,152.0,men,95.6,172.4,125.32528621453858,536.3052034679065,1009.1898102494331,2307.6963256145555,3784.7454291831646
m25oa,72.0,333.0,114.0,104.0,men,72.0,152.1,111.42068883422203,491.42538201613075,951.3887458253471,2296.493121793332,3535.779900271251
m26oa,104.0,379.0,245.0,253.0,men,203.6,294.4,108.55349550134213,443.7953429441906,876.2339338125003,2406.461136745118,3078.8293923280685
m27oa,99.0,345.0,113.0,141.0,men,99.0,167.6,105.0791308626788,537.5896158376828,905.4421102526942,2437.8044899698584,3404.860286729546
m28oa,101.0,314.0,125.0,141.0,men,101.0,168.1,133.68376755755335,521.6245575038797,983.4050014909319,2681.3896602938657,3360.7920601589367
m29oa,92.0,330.0,160.0,176.0,men,128.7,207.3,118.31704236484427,523.2795824639509,902.5676228253417,2334.9400330810217,3169.5397486975435
m30oa,158.0,459.0,355.0,341.0,men,298.3,397.7,95.60194982174497,397.65243045072054,714.1239247471192,2590.147674236952,3370.229215292119
m31oa,72.0,247.0,86.0,94.0,men,72.0,118.9,149.70873052887205,467.26060268196943,866.7222041421328,2578.448135310079,3269.078329962999
m32oa,66.0,264.0,172.0,161.0,men,133.8,199.2,158.2202750022834,485.0153120966473,808.8697102361075,2485.1103153068543,3560.926379700181
m33oa,111.0,371.0,201.0,216.0,men,165.6,251.4,136.61644778486374,507.07987108401016,900.8767928046038,2465.6165754464582,3386.762590200049
m34oa,193.0,436.0,229.0,246.0,men,197.4,277.6,122.65401514610751,497.47755412957173,906.778912659791,2625.9079312054987,3659.4038835705933
m35oa,85.0,402.0,130.0,161.0,men,93.2,197.8,114.76319472442995,480.0407245961027,988.710944249361,2424.208096091771,3167.996197436345
m36oa,104.0,334.0,220.0,215.0,men,179.5,255.5,121.02878309417866,507.3367053437218,941.6907913015933,2489.3206158072453,3306.305944279068
m37oa,45.0,256.0,160.0,185.0,men,137.7,207.3,140.78951986444392,444.8904361750264,891.0272190401104,2214.780316661084,3161.227621760258
m38oa,81.0,290.0,98.0,98.0,men,81.0,132.5,138.02917181166836,546.7587680531338,1074.0541011695584,2476.361567288279,3494.117058147042
m39oa,93.0,345.0,216.0,208.0,men,170.4,253.6,147.97238983389332,455.63384684037385,818.427312918952,2353.3817542301,3000.0625484512857
m40oa,98.0,354.0,152.0,168.0,men,117.8,202.2,134.9123974906123,523.1228530348806,938.87374681509,2442.2356924244923,3807.0734788163336
m41oa,76.0,305.0,108.0,129.0,men,80.7,156.3,143.76992741256214,546.0536435559416,1016.7316105683084,2382.9799715100316,3392.953290454473
m42oa,107.0,396.0,191.0,127.0,men,111.3,206.7,132.03803385443732,539.4894175725219,864.8259941365548,2364.3841619959117,3367.5861070019287
m44oa,113.0,395.0,136.0,144.0,men,113.0,186.5,106.37150172209896,560.7036374848158,1022.4565876744366,2602.575506995503,3128.655584143977
m45oa,101.0,348.0,136.0,142.0,men,101.0,179.8,182.3824970683035,553.2957942722253,946.9209644448085,2608.6732868747945,3638.8910136740005
m47oa,114.0,407.0,261.0,277.0,men,220.7,317.3,140.75569654998105,485.4351746329795,898.49771242602,2375.024595361355,3231.229810594843
m48oa,82.0,314.0,217.0,216.0,men,178.2,254.8,130.38773757407512,491.4570788807878,906.8128927220419,2432.7657346226083,3672.1993519569633
m49oa,76.0,264.0,143.0,128.0,men,104.5,166.5,137.33886241316645,487.22547449376515,951.3199479983331,2499.7479761236964,3057.9466887681906
m50oa,92.0,343.0,104.0,123.0,men,92.0,154.9,118.33137550762288,582.6103490562476,1054.5153143191824,2353.129088967201,3425.6075163043884
w01oa,82.0,384.0,152.0,184.0,women,118.2,217.8,233.12615325707034,532.3837171743266,1140.3213143835023,2916.314545501871,4128.256431481082
w02oa,103.0,525.0,368.0,341.0,women,284.9,424.1,210.68020964042648,434.3022555233715,1022.3396691823594,2656.7708168374693,3780.0940342010376
w03oa,98.0,372.0,144.0,152.0,women,102.8,193.2,211.14083929175627,631.4158873402115,1133.431395632148,2859.4827458233694,3400.8760630705265
w04oa,106.0,516.0,179.0,194.0,women,118.8,254.1,226.48417633372972,631.2076800951148,1303.5322083538563,2911.0837736806343,4257.789434477514
w05oa,145.0,521.0,325.0,348.0,women,274.5,398.5,223.06834958631413,459.54121228857787,895.4381776635297,2466.3537010333753,4565.122838060117
w06oa,128.0,481.0,214.0,247.0,women,172.3,288.7,203.58872714171935,592.172777419347,1017.8018250795121,2630.801016186859,3842.3904092739085
w07oa,96.0,358.0,145.0,141.0,women,99.8,186.2,203.58072520374898,592.9018212834297,1001.9057998746207,2694.771399656291,4004.8752575240424
w08oa,105.0,409.0,288.0,266.0,women,226.8,327.2,248.7994570812778,530.0967397263662,1276.8318851415063,2935.2402954815243,4204.967165688227
w09oa,100.0,357.0,192.0,213.0,women,160.1,244.9,251.31093661569372,541.5314412839142,1007.9019907563891,2724.117872873216,3619.4086426671456
w10oa,85.0,448.0,306.0,260.0,women,223.1,342.9,220.06848036710937,466.3709529460469,993.1330550399125,2859.763926434093,4197.692338193633
w11oa,104.0,476.0,240.0,271.0,women,194.1,316.9,196.2358698747714,587.1549545090339,1136.4836621573556,2737.947257336369,3415.4175419646294
w12oa,136.0,455.0,192.0,240.0,women,163.4,268.6,234.5284005217455,658.070625343662,1201.1744050192444,2759.8342439794937,4045.123454504194
w13oa,93.0,408.0,136.0,152.0,women,93.0,196.0,241.01999435283832,619.5733364548363,1170.83739451214,2436.251936431303,3840.4681096545464
w14oa,138.0,402.0,209.0,201.0,women,161.4,248.6,220.05742935441984,621.0023267648295,1004.8033741534829,2907.2662387876067,4289.378456631121
w15oa,183.0,540.0,418.0,402.0,women,351.1,468.9,226.3969006320572,470.845276599149,954.1560517941185,2727.8066628545366,3947.2305226698395
w16oa,135.0,481.0,243.0,235.0,women,181.9,296.1,210.32553575829616,609.1967647530579,1042.0561876725349,2881.1794170125745,4380.37520299088
w17oa,138.0,436.0,199.0,224.0,women,162.3,260.7,211.15043197135532,604.0691584842814,1053.9369352788663,2784.9014221381913,3745.454838462022
w19oa,149.0,489.0,272.0,181.0,women,170.4,282.6,247.5223431825084,669.3324681225724,1207.7264494662384,2999.973611822732,4191.278550137985
w20oa,191.0,508.0,420.0,343.0,women,329.2,433.8,178.79622695354922,520.1803022337858,1018.1058159830201,2795.3819319283175,3685.494536779731
w21oa,168.0,542.0,414.0,391.0,women,340.8,464.2,231.65152212494175,472.713805088351,958.2258533475886,2570.159411534587,3686.97158370414
w22oa,158.0,492.0,206.0,204.0,women,158.0,260.1,185.6585066844881,586.8380790855238,1043.5811733828343,2902.0202423248375,4187.253970834132
w23oa,89.0,434.0,285.0,240.0,women,205.6,319.4,199.3954241522687,573.7399190347594,1014.7719405094225,2324.494205915551,3837.6994288065403
w24oa,136.0,498.0,362.0,343.0,women,292.8,412.2,242.66160610739962,531.86111942695,1022.5890119773995,3145.471694319333,4315.17053204204
w25oa,130.0,573.0,240.0,256.0,women,174.9,321.1,214.75890318778968,643.963865329017,1049.2279677412944,3001.0217284830264,4151.095188151061
w26oa,147.0,525.0,356.0,360.0,women,295.6,420.4,171.60113325738635,494.4199396492204,970.1148214196326,2816.3257574060867,3532.7175675419962
w27oa,97.0,362.0,153.0,216.0,women,140.8,228.2,243.5607378226252,560.1640958917617,951.5983165350418,2685.188410477866,3603.588595051607
w28oa,103.0,328.0,129.0,144.0,women,103.0,173.6,242.30201664186967,584.4842212747548,1168.2091785443831,3072.205284462739,3845.4070158822615
w29oa,169.0,454.0,224.0,220.0,women,175.0,269.0,279.366089809504,604.3362903646662,972.6522648907278,2905.3027269173936,3928.045295346858
w30oa,117.0,430.0,133.0,169.0,women,117.0,202.6,230.61005674565675,637.5423435263679,1123.9110831601088,2742.517747777739,3886.4821528095354
w31oa,104.0,467.0,212.0,241.0,women,166.6,286.4,201.4792743891597,582.7865563024478,1001.9903716688342,2821.9410200108646,3734.0779841127746
w32oa,92.0,331.0,241.0,232.0,women,197.1,275.9,214.77775451027912,502.06007357746626,1024.8298374361862,2617.8438850640905,3738.8567541241036
w33oa,120.0,397.0,261.0,259.0,women,214.3,305.7,244.05031267173678,546.1998417793006,1025.2969162019922,3219.1967546857804,4381.439205933456
w34oa,172.0,426.0,315.0,284.0,women,257.6,341.4,218.67441074522438,491.11425599879294,925.6956942294732,2851.4684922503207,3932.402695397355
w35oa,128.0,437.0,209.0,199.0,women,153.0,255.0,211.38912163236517,663.739573041122,1199.8339529281047,2874.7393702417353,4023.2559591556133
w36oa,143.0,483.0,277.0,295.0,women,229.9,342.1,216.68799372077706,610.7322973907677,1068.9475164638013,2827.9537784069066,3875.519041445458
w37oa,130.0,536.0,272.0,296.0,women,217.0,351.0,194.04577558714496,556.3833277178225,1170.2411487237405,2977.197348529059,4024.571962119065
w38oa,89.0,385.0,173.0,145.0,women,110.2,207.8,224.51470094228435,651.8728356994042,1114.959167122101,2838.176866416745,3956.864995674605
w39oa,149.0,502.0,358.0,333.0,women,287.3,403.7,199.7283791763547,438.8467074059711,867.0381527320577,2731.070663542143,3851.609849669781
w40oa,155.0,460.0,335.0,322.0,women,278.2,378.8,205.99528896739238,457.12157105078535,829.8142638588076,2953.061177119989,3566.1526909243303
w41oa,119.0,407.0,310.0,288.0,women,251.5,346.5,220.98664813357004,467.16971272454975,890.8772317356445,2886.049866156029,4045.8715667838683
w42oa,72.0,390.0,262.0,266.0,women,211.5,316.5,218.61182941834593,463.5192643169708,1009.8088760426513,2726.0821011780545,3592.539852074257
w44oa,126.0,473.0,299.0,316.0,women,250.2,364.8,211.92269511976008,440.8629227114768,874.3333468961005,2535.5394937648916,3738.7421640759494
w45oa,90.0,413.0,192.0,189.0,women,137.2,243.8,206.84938866913896,608.9711406264831,1028.0347396738343,2823.8317115428918,3709.3381263237857
w46oa,128.0,478.0,156.0,194.0,women,128.0,232.7,182.62841964272212,548.3420147518817,1070.7775393214265,2796.3544488290822,3946.108089548531
w47oa,124.0,504.0,200.0,174.0,women,124.3,249.7,226.31371886362817,607.5821584760633,1113.156663294145,2660.6942794102692,3672.9129350278504
w48oa,82.0,364.0,171.0,168.0,women,123.0,216.0,238.42471224186824,527.8378166263903,965.98234686325,2821.9299027328316,3646.1426665230974
w49oa,114.0,429.0,174.0,184.0,women,127.0,231.0,207.276338619768,452.90115208280804,845.6832249425278,3130.109500299661,3919.1448858463746
w50oa,80.0,441.0,132.0,145.0,women,80.0,198.1,241.8596338983468,723.4979467026884,1279.184848045665,2786.7391983583984,3819.805025536112
b01oa,72.0,339.0,101.0,128.0,children,72.0,158.6,250.67331489699993,798.1888160535318,1372.5213145799853,3392.6427149951624,4790.243490727819
b02oa,156.0,492.0,254.0,228.0,children,185.6,296.4,258.4018364682899,627.2139090684099,1298.5997168155493,3236.9795866609043,5614.690420242344
b03oa,115.0,425.0,248.0,216.0,children,180.9,283.2,209.20395274306748,663.5133975608355,1550.60434270772,3518.208082684422,5002.671178849397
b04oa,220.0,542.0,304.0,320.0,children,258.9,365.1,247.24986314837963,749.8972512092573,2903.080070346983,4233.708621139104,5716.659459634807
b05oa,65.0,312.0,121.0,132.0,children,85.7,167.3,203.15095405293513,642.2639084032882,1573.357818305492,4126.456662004952,5064.700844218017
b07oa,97.0,408.0,216.0,212.0,children,162.7,265.3,311.77797099792156,724.9787677244713,1181.8770379492541,3756.1484090696463,4638.017134449874
b08oa,203.0,544.0,336.0,376.0,children,299.7,412.3,245.17244945671192,631.5157714474811,1839.833084471886,4212.721756686196,5473.873263014982
b09oa,115.0,325.0,173.0,168.0,children,135.8,205.2,240.2683141040895,676.5637669206761,1167.1185772549875,3518.137272703253,5591.777063081649
b10oa,109.0,425.0,176.0,170.0,children,120.9,225.1,208.23095275949024,628.758017046805,1345.9935871716032,3541.191049673785,4647.9587888553615
b11oa,85.0,355.0,209.0,212.0,children,165.9,255.1,201.72790552000322,738.9345367074723,1917.1286413435062,3720.9740441179415,5153.102162679873
b12oa,126.0,529.0,267.0,260.0,children,197.0,330.0,261.65556404955584,776.1431342056479,2703.383570546061,4711.889607797695,5631.602571099817
b13oa,72.0,331.0,160.0,146.0,children,110.3,195.7,230.509903012923,694.4164898557875,3104.351650267565,4313.921450439408,4990.944688705131
b14oa,71.0,334.0,128.0,101.0,children,71.1,157.9,215.16940231647155,693.598789872074,965.1548648378537,3650.9298318551864,5071.298051055103
b15oa,95.0,489.0,366.0,260.0,children,248.0,378.0,280.2636015513985,583.835827358264,1143.2542131125908,3495.1718313654396,4797.072550546315
b16oa,143.0,458.0,341.0,335.0,children,286.0,390.0,211.6044557908876,594.2781546251525,1065.2363036611457,3735.8152961858564,5252.637598778559
b17oa,85.0,375.0,196.0,165.0,children,132.6,228.3,266.0251175843406,739.0208421245613,1560.5289597291587,3351.302383922808,4408.690386161698
b18oa,94.0,354.0,235.0,179.0,children,164.1,249.9,252.78194437967522,841.1750839915255,1221.1785158704963,3001.9829058067894,4409.11920040881
b19oa,68.0,403.0,325.0,234.0,children,224.2,334.8,185.21179249961526,606.4144799451823,1696.9270902952976,4201.4080488086065,5012.434383860137
b21oa,118.0,515.0,214.0,218.0,children,150.5,281.5,240.3628843369401,519.5014589705485,817.3450172990532,3023.662103262304,5081.017607245891
b22oa,147.0,517.0,297.0,193.9,children,184.4,306.5,262.2699951793803,882.5330060783733,2707.3791788265207,4307.439648106777,5424.342505386556
b23oa,137.0,451.0,294.0,312.0,children,251.2,354.8,274.26255305040775,584.0520724895302,1188.6713695167562,3634.0953258767154,4464.521232292083
b24oa,116.0,332.0,176.0,153.6,children,129.2,200.4,213.12922309587685,650.098239994677,1042.056741097415,3716.585291175452,4460.196280486336
b25oa,111.0,403.0,154.0,132.5,children,111.0,191.4,223.2524963279994,656.1979622601943,1229.1937385582082,3866.0688953042013,5133.9519046979585
b26oa,121.0,459.0,163.0,146.9,children,121.0,210.7,218.4479354369172,729.9490455818094,1420.9352974367057,3389.080304298748,5299.5511080708775
b27oa,118.0,382.0,138.0,154.6,children,118.0,189.9,228.51376199300284,757.688971114466,1835.9311637514322,3907.1956577419437,5053.386143918079
b28oa,119.0,412.0,178.0,163.2,children,122.3,218.9,220.60300539057133,733.2617929871382,2097.6567683383614,3430.520768134854,4991.5096827262405
b29oa,151.0,418.0,300.0,264.0,children,237.9,326.1,239.75665167257512,778.4249457101529,2748.9291028900916,4404.334926548156,5218.152266076362
g01oa,207.0,470.0,285.0,254.0,children,226.1,312.9,250.04879679004858,776.0557561983361,1965.4931693370718,4005.376395855821,5136.602723812528
g02oa,101.0,396.0,160.0,168.0,children,115.3,212.7,232.50721763515457,691.7133427021179,1184.740046056385,3529.9599805552925,4832.834373995061
g04oa,170.0,550.0,333.0,341.0,children,274.3,399.7,280.2464751939845,827.1171269364547,2208.4814293353943,4037.371763985967,5284.248865149666
g05oa,117.0,497.0,167.0,182.0,children,117.0,237.2,241.61064406730156,749.4134981487897,1516.7632110821926,3821.57378814505,5062.265007932971
g06oa,166.0,434.0,310.0,298.0,children,259.8,348.2,228.3424019719768,566.3650303557567,1233.56717222669,3798.2473187235228,5767.470384267153
g07oa,114.0,556.0,375.0,393.0,children,311.1,456.9,239.07720991416298,521.4028531955199,994.5187310795397,3691.3426094000924,4664.13673228667
g08oa,170.0,479.0,243.0,300.0,children,220.5,322.5,258.3510530433856,673.7270706303299,1213.6174976376626,4079.4675251764884,5075.7595891669125
g09oa,73.0,496.0,194.0,242.0,children,148.2,287.8,275.1382447019293,606.0036288633175,1241.8218087431158,3122.0655865696576,4720.971405922815
g10oa,159.0,497.0,216.0,232.0,children,168.2,279.8,243.9483223986024,822.2663753819843,1618.1043822545332,3646.462147526186,4505.246628701737
g11oa,126.0,489.0,281.0,256.0,children,208.6,328.4,232.55940732021028,549.354222255748,1487.7786946327296,3828.1139025671523,5710.912753759693
g12oa,163.0,400.0,281.0,260.0,children,231.4,309.6,227.71157682475774,670.8152903637756,1163.1248094012863,3618.365746478659,4685.372735018962
g13oa,118.0,469.0,269.0,229.0,children,191.1,306.9,252.56927629601168,598.5829249226466,1378.2787419881006,4046.8704614439193,5235.173934391213
g14oa,108.0,438.0,360.0,298.0,children,274.6,383.4,238.8412536544033,681.5224220416753,3000.3573205814882,4575.411297776534,5589.495374833713
g15oa,88.0,470.0,293.0,256.0,children,211.5,337.5,243.25107656325525,812.3987193179993,2330.0730151335288,4654.498759445546,5898.214781371374
g17oa,80.0,342.0,96.0,114.2,children,80.0,148.3,272.2919082977317,857.7900678821645,1837.5696634103795,4004.1333489088943,4967.518846098091
g18oa,187.0,487.0,286.0,234.2,children,210.6,309.6,185.2727221697437,616.01435950958,2031.7813314590924,3889.216000852236,5524.255034023608
g19oa,101.0,323.0,179.0,192.0,children,148.9,222.1,233.8050993795528,696.9501825881694,1279.5280505563383,3427.4038240216732,5264.237063399245
g20oa,93.0,410.0,250.6,226.6,children,186.3,290.9,215.41463725970524,618.3700999920164,1237.660587124037,3885.8139891658707,4924.375054555254
g21oa,95.0,341.0,168.0,121.0,children,103.9,185.1,227.28346782227055,631.3345967518351,1103.8360190991848,4036.8244338088502,5316.080328679436
m01oo,179.7,434.6,258.0,266.0,men,219.9,304.1,167.83452047177423,473.6300670763384,1025.0426216957942,2515.3944017759504,3387.897507745208
m02oo,161.0,335.0,208.0,190.0,men,170.3,227.7,107.62546614336577,442.0037680020867,992.4126810462948,2405.0229424024174,3029.8210447246106
m03oo,120.0,395.0,172.0,187.0,men,134.1,224.9,98.45762922231569,481.5493915648829,1058.1366306281725,2479.9663740091833,2950.5494817986155
m04oo,84.0,294.0,128.0,120.0,men,89.4,158.6,135.87903963263565,516.8564506780998,1071.360562658095,2472.4091118825854,3307.3919475258
m06oo,51.0,198.0,86.0,93.0,men,65.2,113.8,117.37827101857452,480.9619306873682,1174.291772390287,2511.8967382842648,3592.18749762516
m07oo,100.0,297.0,145.0,149.0,men,114.5,179.5,93.50237186626798,457.1307851400487,1180.881754519563,2426.4742881529787,3288.907904649545
m08oo,93.0,334.0,151.0,163.0,men,117.2,196.8,136.0214915146065,478.433713746725,1164.2294575915712,2538.6368613167074,3424.383784318625
m09oo,251.0,489.0,274.0,280.0,men,251.0,316.3,122.55007981226694,465.59602281985696,1230.2992982801209,2580.0625182033,3323.0935119981236
m10oo,148.0,344.0,193.0,196.0,men,162.2,226.8,158.7108005326615,482.17702843267256,1107.1002345802772,2521.205828286358,3252.465179992261
m11oo,85.0,360.0,168.0,175.0,men,126.1,216.9,149.67200686807814,465.94830318165305,1230.69194753898,2166.1334759564843,3394.4951671370377
m13oo,83.0,291.0,155.0,131.0,men,108.7,177.3,112.8394887477021,457.1046364148084,1036.8356268135772,2542.11091974444,3233.659885925147
m14oo,92.0,295.0,132.0,121.0,men,93.0,160.0,117.34957171627721,460.0619982493348,1275.0030564118974,2265.2237724338943,3296.9729350167004
m16oo,63.0,213.0,88.0,92.0,men,65.2,114.7,146.8627881812489,448.838289830318,1169.3887543466603,2456.0741196932045,3164.283073038797
m17oo,115.0,293.0,182.0,176.0,men,149.6,208.4,147.75409303194377,445.78011908965345,971.3294337773264,2200.826730345078,3617.9865093519984
m18oo,68.0,234.0,112.0,122.0,men,89.6,144.4,157.089785961264,473.5350472951192,1120.0685233151992,2583.1219490915078,3283.1772697046727
m19oo,113.0,335.0,134.0,150.0,men,113.0,178.6,162.87572614199237,498.79826843926963,1145.2953021599444,2682.8811771253777,3531.5543064425947
m20oo,96.0,333.0,128.0,134.0,men,96.0,170.1,142.73247402915908,453.46048768990465,1221.4572320053298,2411.0690604669094,3395.6318234631403
m21oo,72.0,219.0,87.0,96.0,men,72.0,115.8,124.19123363997446,455.0543050881828,1125.632377998581,2253.634793279399,3228.9665112100256
m22oo,142.0,315.0,192.0,199.0,men,167.0,224.0,123.34540231422777,473.1661994128114,1205.2696495025875,2551.095249024385,3863.112996255664
m23oo,118.0,322.0,167.0,167.0,men,133.3,200.7,120.61166966481657,504.2701260949533,1044.941191891124,2407.5879036988213,3301.7953050661768
m24oo,93.0,303.0,124.0,140.0,men,97.4,166.7,130.9143520509354,516.2419599210377,1355.0608483728483,2479.2759929989875,3723.580890121742
m25oo,56.0,272.0,97.0,99.0,men,62.4,133.6,110.63399094719594,511.54433165584953,1206.6376038304843,2319.005064474698,3698.5136213513433
m26oo,83.0,291.0,119.0,104.0,men,83.0,145.8,118.51652457217642,494.21023160907606,1175.069840622172,2406.7520996724716,3159.30041717234
m27oo,126.0,299.0,139.0,146.0,men,126.0,171.0,112.63480086273503,495.3415622132108,1072.1894675837789,2300.973819190719,3298.4828155954774
m28oo,125.0,271.0,144.0,144.0,men,125.0,168.1,136.86956232089025,454.7420652206818,1009.8064434496512,2564.463486427611,3447.2601632648148
m29oo,133.0,321.0,180.0,224.0,men,171.0,233.0,124.24641993098543,490.3501687958772,1276.825960507425,2358.0533108492314,3434.5670030429505
m30oo,140.0,331.0,168.0,169.0,men,140.0,200.0,108.21776208451509,430.15143805663683,1094.4485209899992,2495.9894230193954,3413.0927544216997
m31oo,110.0,221.0,136.0,144.0,men,121.7,158.3,153.69763503768868,465.51616849709376,1078.1403256899239,2453.651615639701,3570.6276789978238
m32oo,64.0,198.0,94.0,86.0,men,67.9,112.1,158.1651569265887,501.57360452581844,1080.862365776352,2417.7440415652472,3678.620601948289
m33oo,70.0,250.0,110.0,105.0,men,77.8,137.2,138.56660298049047,482.780599458732,1100.4631992302498,2410.1751145560297,3290.769226562361
m34oo,143.0,303.0,163.0,169.0,men,143.0,192.4,125.35765333207455,496.63799579723354,1094.7276086641093,2466.884948848451,3147.3387271854417
m35oo,75.0,305.0,176.0,209.0,men,154.6,230.4,105.28693731017566,475.8597326391274,1364.5198878439473,2441.229780002489,3117.174433152638
m36oo,81.0,266.0,123.0,112.0,men,87.0,148.0,120.07766025253491,499.07994458122886,1118.9884464455433,2402.943680355152,3394.6370016141805
m37oo,66.0,225.0,75.0,88.0,men,66.0,107.7,132.04031459061676,505.42021596410893,1232.1982688070018,2243.831919067209,3175.832774477324
m38oo,74.0,227.0,90.0,98.0,men,74.0,119.2,145.89701326887413,439.5635678893503,1188.1061275746595,2341.654033032539,3569.0427142970707
m39oo,82.0,278.0,155.0,120.0,men,105.2,169.8,149.66335965996183,488.8199571141142,1075.6536806021875,2399.8472919466703,3198.5237299355017
m40oo,112.0,280.0,127.0,147.0,men,112.0,164.7,140.94723177742463,435.9101210238805,1249.567338882905,2546.4800246378077,4128.962742633291
m41oo,91.0,267.0,120.0,102.0,men,91.0,140.0,153.6862345683011,484.3059480560017,1129.4297914145254,2371.429780919272,3319.133999506693
m42oo,104.0,331.0,155.0,152.0,men,116.0,191.0,126.70481276221861,519.3299837005288,1205.3392861112593,2402.3253398574075,3584.4369816980566
m44oo,72.0,292.0,88.0,96.0,men,72.0,128.3,110.20437537825964,428.9720432139665,1018.0900961710919,2515.9223298449347,3104.8141529783447
m45oo,115.0,301.0,176.0,189.0,men,151.8,213.2,189.11500861812004,494.53751252773225,1082.885054496565,2553.5031884541636,3755.7827484698632
m47oo,82.0,301.0,161.0,169.0,men,128.9,201.1,138.69747198246384,484.9694075052783,1136.8665584577316,2318.203033978716,3177.3792762744033
m48oo,88.0,255.0,149.0,156.0,men,124.9,180.1,134.18808687349468,449.31543948089666,1155.787357482868,2327.5014317994955,4123.08235443566
m49oo,73.0,251.0,102.0,104.0,men,73.6,132.4,171.4123753207624,444.6884091991099,990.3873687537931,2531.8319736074322,3258.016021497455
m50oo,141.0,346.0,188.0,196.0,men,158.2,225.8,120.96485189702483,491.30459490070643,1150.1344144535167,2450.036806961693,3662.75357368428
w01oo,147.0,385.0,203.0,187.0,women,155.7,234.3,229.10730152446845,487.988309901325,1350.5735767017422,2925.280917986459,4502.583395407464
w02oo,204.0,594.0,324.0,327.0,women,261.1,389.9,228.96146040796975,520.1352247038332,1278.6245599959495,2851.4131448779076,4017.873575422941
w03oo,88.0,353.0,136.0,163.0,women,105.8,193.2,216.2489644004166,525.1143550604089,1110.0364416255197,2850.252936289711,3474.734493216378
w04oo,188.0,467.0,216.0,248.0,women,188.0,278.0,235.60808265954506,534.199335802753,1331.3975434554143,2977.234406764106,4364.775635119832
w05oo,139.0,408.0,190.0,197.0,women,149.1,237.9,243.05535038702595,530.7108374541838,1218.2009611052526,2547.3973235006197,4769.872382435577
w06oo,142.0,425.0,187.0,192.0,women,142.8,236.2,215.12798713764764,505.46267223034874,1108.7467310944883,2653.242157355785,3887.4044308502284
w07oo,135.0,362.0,208.0,232.0,women,182.5,257.5,181.40618062314235,569.2264385350926,1231.40887201142,2676.6273214123494,3968.361808364275
w08oo,97.0,307.0,143.0,142.0,women,107.8,177.1,254.92066351127622,549.2151522291304,1548.2113581649703,2854.235762939122,4090.08612227388
w09oo,79.0,288.0,114.0,116.0,women,80.5,149.5,252.48887764355013,503.7529667159682,1216.1560164250166,2665.587500688545,3938.482870049942
w10oo,80.0,333.0,117.0,111.0,women,80.0,155.7,239.72395094166723,496.40778035787525,1210.4160484147199,2640.3330631403965,4206.876018235871
w11oo,74.0,406.0,168.0,166.0,women,112.2,221.8,203.81777411395453,554.7917298443249,1605.9116050675918,2743.546164397181,3627.167522662677
w12oo,128.0,417.0,183.0,160.0,women,128.0,219.2,232.55501363970308,508.69446398146647,1339.9231526161025,2932.014766736526,4361.544143372019
w13oo,71.0,298.0,96.0,105.0,women,71.0,138.0,246.9912772265475,546.5185227475303,1213.2760895280232,2493.8975605856504,4010.7762942141712
w14oo,116.0,343.0,149.0,141.0,women,116.0,182.5,232.83665867308756,510.00101828396237,1173.0979626518983,2889.7556993743187,4489.7217589697375
w15oo,143.0,383.0,174.0,187.0,women,143.0,220.1,250.94804048806742,496.6858836713934,1184.6039062640725,2664.949402150696,4145.861660695777
w16oo,143.0,416.0,199.0,168.0,women,143.0,228.5,229.32114542621605,554.9200611462956,1155.4686085333042,2870.7233601271346,4496.379655696252
w17oo,131.0,333.0,163.0,156.0,women,131.0,192.8,241.665811882062,487.2479575733192,1199.3663304767972,2780.471744951708,3831.7455146703664
w19oo,117.0,449.0,185.0,200.0,women,137.7,247.3,254.42130504534126,519.5227148523583,1329.8603929085266,2763.0104576666786,4105.75520243156
w20oo,184.0,485.0,211.0,251.0,women,184.0,280.7,233.46971529442445,502.62465955649895,1066.1277791159378,2657.0154177934082,3893.23504266159
w21oo,170.0,540.0,233.0,226.0,women,170.0,290.6,242.95356254004224,491.6495285557285,1145.8439993552302,2637.260449963889,3882.6528225494226
w22oo,79.0,349.0,99.0,121.0,women,79.0,154.5,207.3079053940147,474.2138564211766,1087.718288530749,2994.8661676838165,4056.869747503016
w23oo,77.0,285.0,91.0,110.0,women,77.0,134.8,235.3297837743726,605.4396358886199,1312.5372425238068,2521.916452037696,4093.686890937072
w24oo,142.0,387.0,176.0,192.0,women,143.6,224.4,265.52624670553314,551.8432897275516,1225.406760552628,3233.0238319937,4331.45342787681
w25oo,125.0,456.0,160.0,184.0,women,125.0,226.6,231.69533810691792,565.815087917229,1146.7097469279602,3243.6324864622443,4132.583088967177
w26oo,152.0,323.0,217.0,195.0,women,177.8,234.2,211.83817392359325,502.2590341253231,1131.4189603076754,2815.509122511275,3951.8194527534756
w27oo,112.0,279.0,128.0,144.0,women,112.0,163.6,268.29259958908,578.3601887719733,1278.8984168718605,2774.384134855323,4124.134378963415
w28oo,66.0,247.0,127.0,133.0,women,100.1,159.9,240.1217695301967,528.5053951365186,1404.5422580831157,3059.8039024342033,4099.18180405078
w29oo,103.0,308.0,155.0,147.0,women,117.2,184.8,286.39030779877,573.2753163926575,1094.4075547096475,2826.3828050879797,4077.6900090352733
w30oo,96.0,312.0,144.0,175.0,women,123.9,195.1,251.9405160275849,545.2720445844201,1377.608111037002,2833.1362317386333,4249.958025415157
w31oo,131.0,376.0,160.0,176.0,women,131.0,208.4,233.30180735819758,472.5624434598397,1132.3612607243858,2693.5019899501754,3956.172094354252
w32oo,100.0,283.0,148.0,128.0,women,107.8,168.2,209.9136310280925,524.9410008942582,1117.245032481829,2736.3158240566604,4021.3887986958644
w33oo,128.0,315.0,142.0,168.0,women,128.0,185.9,238.21886142616628,626.4025409026095,1406.640258374393,3292.865246346739,4360.547629531826
w34oo,155.0,342.0,181.0,197.0,women,158.1,219.9,236.30081352778924,561.2951017054407,1327.3571289717586,2762.0098523328847,3997.230091615354
w35oo,187.0,390.0,236.0,263.0,women,216.0,283.0,236.02419066235012,531.2413723806764,1285.759069616471,2787.1355825372143,3779.2308634218357
w36oo,164.0,492.0,216.0,248.0,women,177.9,286.1,214.70060707269803,472.10416772144634,1376.3819566474626,2719.3095744086354,3969.3065713486562
w37oo,120.0,453.0,143.0,172.0,women,120.0,212.4,222.94080555297455,464.8790600582861,1159.337735700396,2892.063107297197,4108.076792515236
w38oo,82.0,333.0,112.0,120.0,women,82.0,157.4,259.75155569637667,540.4357357035947,1189.8180488424732,2886.25556273697,4066.2039757400044
w39oo,149.0,385.0,240.0,217.0,women,189.6,267.4,187.60712509027297,469.4334303188758,1066.8860975888354,2732.87743799309,4259.7924554890515
w40oo,186.0,419.0,232.0,256.0,women,205.6,282.4,207.1904650114667,508.591366483666,982.8466512681073,2802.8430392402724,3684.1617739128596
w41oo,147.0,364.0,164.0,177.0,women,147.0,206.3,225.3382022961884,469.7666066503363,1117.3162665340135,2982.033074726336,4107.238149236561
w42oo,84.0,330.0,105.0,128.0,women,84.0,157.1,241.8863402718576,482.90234967739156,1445.076330313177,2707.720079802099,3590.270063633043
w44oo,138.0,380.0,202.0,220.0,women,171.1,250.9,225.75576410059352,506.68676625696503,1130.6208794238346,2512.605928618994,3647.9014514756636
w45oo,103.0,342.0,120.0,137.0,women,103.0,167.9,223.88997256658257,488.0034172061355,1097.766987892015,2726.5704110422753,3991.2728944922806
w46oo,101.0,366.0,112.0,172.0,women,101.0,185.7,173.08712645006744,512.0441576200986,1349.5565272805254,2862.3362289002507,4192.542441978916
w47oo,83.0,314.0,109.0,119.0,women,83.0,152.1,243.16691678551032,498.0513431413991,1115.3818407474023,2658.5707235126715,3861.3510694972315
w48oo,93.0,332.0,120.0,145.0,women,93.1,171.9,259.84668642957325,520.5354164414298,1082.0587592848158,2721.723911961529,3687.7358258579197
w49oo,95.0,312.0,101.0,120.0,women,95.0,146.3,252.25101563355528,515.9814793780848,1114.0466371378254,3197.0115137042426,3854.3474703112843
w50oo,78.0,351.0,128.0,152.0,women,95.0,185.0,239.17598127573206,566.4394123533784,1203.055239032962,2850.087860029219,4571.895954576758
b01oo,81.0,265.0,145.0,127.0,children,105.6,166.4,251.72718477849864,602.1528044972974,1598.0484282757277,3471.5098105342686,4879.51911596676
b02oo,124.0,377.0,162.0,204.0,children,141.3,224.7,292.3219491254472,603.2320133061124,2519.707266411274,4034.4405590197266,5385.772066042364
b03oo,114.0,361.0,218.0,220.0,children,178.2,259.8,202.87363392260622,612.8345459778205,1914.6510247675699,3380.0882503280855,4506.852699102859
b04oo,131.0,474.0,191.0,194.0,children,135.9,249.1,255.29451918530518,573.2822475718812,1912.797556428509,3492.466833878137,5215.699169118144
b05oo,75.0,272.0,136.0,120.0,children,95.5,160.5,216.9962842147276,540.2182832376928,1606.8849102034262,4142.671888723615,5069.465504650222
b07oo,92.0,373.0,255.0,226.0,children,194.1,286.9,302.13740743660435,883.962079759361,2271.868715330111,3872.1900109729613,4880.343534025227
b08oo,202.0,402.0,233.0,244.0,children,205.5,271.5,217.0978893751333,642.8089331318643,1853.1502302494332,3923.374491632411,4975.617241595747
b09oo,223.0,445.0,298.0,288.0,children,256.4,329.6,236.28789646798313,748.6515741982626,1451.4834760860817,3963.1360224312816,5612.963486537146
b10oo,153.0,412.0,258.0,261.0,children,216.8,302.2,212.83347846968087,618.2290767055296,1789.291682760743,3494.7848026511947,4814.0299302282965
b11oo,94.0,365.0,177.0,158.0,children,122.8,212.2,219.09498301584742,683.5923998748083,1618.064204734685,3469.1016396086816,4761.048700916475
b12oo,138.0,463.0,196.0,192.0,children,140.4,247.6,271.41745959168014,640.9240787705245,1805.952386229554,3715.5733384675605,5243.387607197612
b13oo,133.0,377.0,177.0,161.0,children,133.0,209.3,225.59824956780332,704.5970073928889,2605.3067511725094,3207.125874491855,4661.821277416211
b14oo,93.0,272.0,104.0,114.0,children,93.0,138.5,223.70632560828798,655.4415175021221,1506.1091280228088,3628.8300988484616,5019.562671947288
b15oo,139.0,468.0,258.0,208.0,children,178.7,287.3,287.3474202568008,589.9281409578268,1786.3705884398844,3598.9284402106,5148.174253938692
b16oo,106.0,367.0,160.0,179.0,children,126.4,212.6,208.77800920960024,637.5661901399142,1572.02554096191,3667.9416063724275,5191.424431930509
b17oo,84.0,331.0,104.0,120.0,children,84.0,152.8,261.6873384908685,585.7199856647759,1848.2965637374239,3658.3697593538964,5070.392866625176
b18oo,114.0,303.0,160.0,167.0,children,132.3,194.7,237.2342135404887,579.6207495702478,2035.2610491929286,3430.2051438608732,4832.701538252749
b19oo,58.0,352.0,96.0,112.0,children,58.0,152.5,252.001988791468,652.0281427541247,1630.5332977530838,3120.4592327141618,5243.748555134225
b21oo,72.0,342.0,183.0,195.0,children,144.4,233.6,219.95162069782566,578.8307222270112,1766.6426566011385,3285.412569277325,4876.9461171272815
b22oo,120.0,352.0,161.0,175.7,children,130.1,206.6,245.88214567108338,621.7089101658867,1971.7391581852567,4091.169222010848,5049.405718768693
b23oo,118.0,324.0,150.0,155.5,children,118.8,186.7,278.1332585956369,582.1337329757898,1871.0775601809958,3469.830753840357,4590.770230367627
b24oo,87.0,256.0,107.0,109.4,children,87.0,136.1,245.24902108524634,560.045458826008,1903.8304965800278,4292.998784094908,5109.453158376102
b25oo,153.0,407.0,194.0,183.4,children,153.0,230.6,241.95588759980018,611.0186786480587,2417.1165127218246,4225.179512144105,5313.572452499783
b26oo,101.0,404.0,128.0,138.2,children,101.0,183.1,228.02427608833506,609.4351406155135,1357.484640555777,4092.8395161660624,5264.852792854332
b27oo,87.0,261.0,123.0,112.3,children,88.9,146.4,215.81263057361042,634.5634428657344,1486.6372606440675,3569.9327042899754,5074.0258941636275
b28oo,169.0,382.0,210.0,197.8,children,169.0,239.0,241.6260709167459,577.6331822146567,2417.7664746105556,4061.544369931132,5104.901381768347
b29oo,114.0,335.0,172.0,154.6,children,126.8,199.8,237.74564050661328,662.7260712335292,1739.1749121884045,4118.221919282616,5337.436858580724
g01oo,141.0,365.0,174.0,192.0,children,146.0,220.0,247.74937111985406,601.308866348056,2386.0110235531356,3435.103959180289,4781.3551002680215
g02oo,88.0,294.0,135.0,149.0,children,108.0,176.0,233.26677644331122,620.9548911789788,1511.9914362632637,3478.434831591595,4811.5474029116385
g04oo,216.0,583.0,331.0,312.0,children,260.9,382.1,279.5427278988357,636.2626700152334,2023.209082371322,3929.9020486907666,5519.339547285316
g05oo,117.0,492.0,168.0,184.0,children,117.0,237.9,229.23941458511402,677.2892704947765,2084.94199709171,4175.49074309745,5413.271606882888
g06oo,164.0,398.0,200.0,203.0,children,164.0,240.1,255.66314861735646,873.1027947559301,2392.394563222797,4419.595870169875,5840.661888475476
g07oo,82.0,268.0,104.0,134.0,children,88.3,149.7,252.02557444141362,529.3376352862433,1767.0680423215242,3662.448355949895,4422.75894108342
g08oo,147.0,439.0,189.0,245.0,children,168.8,265.2,274.3741221755582,717.7724908983608,2206.9485625477346,3729.5146952647287,5301.87365674004
g09oo,78.0,362.0,121.0,161.0,children,94.1,187.9,291.456337899569,612.0338466414426,1883.5839649305315,3554.021607523203,5202.0408427087705
g10oo,135.0,403.0,174.0,172.0,children,135.0,217.2,241.0515491931447,655.3204973477463,1552.1068199566348,3911.3015680792346,4471.646509842187
g11oo,96.0,406.0,203.0,210.0,children,155.3,257.6,219.42857504202937,622.6081902733553,1602.410372410951,3678.487385954979,5412.804224388654
g12oo,98.0,312.0,160.0,168.0,children,128.7,199.3,260.0155594500751,606.4088042918473,1907.5258166311778,3855.8783569815555,5084.2088450397905
g13oo,108.0,377.0,168.0,192.0,children,135.6,224.4,277.43680930438313,575.7917430938345,1767.8593334192765,3880.7494039437556,5181.883331509565
g14oo,99.0,413.0,127.0,168.0,children,99.0,199.3,246.8416200473509,505.6294889151526,2318.918381724101,3730.113307578412,4854.9564362301135
g15oo,164.0,462.0,235.0,220.0,children,178.3,276.7,237.97514083930736,706.5611879471038,1960.3520118997112,3965.3181659132524,5303.231960850533
g17oo,104.0,292.0,153.0,139.2,children,115.1,177.1,246.02823340027604,634.5177148719514,2077.8582475792223,3746.1892636716425,5234.477187208999
g18oo,104.0,315.0,151.0,135.4,children,108.4,178.0,216.18495494436328,702.7146193507042,1885.4173698302986,4087.426628841908,5355.415991517256
g19oo,100.0,255.0,124.0,124.8,children,100.0,150.0,238.41062351996203,659.0850842164273,1529.8101325393923,3656.612008986609,4989.910739749774
g20oo,107.0,348.0,145.9,145.9,children,107.0,185.7,245.71987245393277,580.2465727787538,1694.7378104751324,4068.4518263945783,5327.872187781414
g21oo,85.0,264.0,107.5,126.7,children,87.6,146.6,139.87175402467128,581.6038361827954,1616.7846373119153,4008.3140705310884,5179.14554936538
m01uh,169.1,461.0,231.0,281.0,men,207.8,304.2,170.5995670299506,665.1343074625054,1237.435100740337,2548.623680657534,3045.085318975519
m02uh,152.0,325.0,183.0,196.0,men,161.0,218.0,100.34225051979786,665.8252832858844,1057.3918142946025,2672.2689008441725,3517.341005673485
m03uh,172.0,469.0,264.0,287.0,men,226.5,324.5,96.19536186322664,622.6735330859044,1090.9159129901332,2582.2188495814307,3730.3304933829045
m04uh,91.0,302.0,120.0,128.0,men,91.0,158.8,131.7599929128493,665.9033405606816,1066.33632003033,2674.1203882828518,3582.8555516006913
m06uh,66.0,235.0,91.0,120.0,men,77.6,133.4,122.09127123865325,636.8087275194881,1184.075795981499,2654.6765614005503,3486.9940143489207
m07uh,87.0,272.0,118.0,127.0,men,92.0,153.0,93.16804310448781,641.4873051463072,1157.309708792643,2516.2979294856314,3787.278575981901
m08uh,98.0,340.0,128.0,144.0,men,98.0,175.9,133.95987874530147,634.9564129297216,1194.5949340676298,2603.736953725628,3607.42437874182
m09uh,102.0,305.0,120.0,130.0,men,102.0,158.5,119.56549382794155,616.0488938264724,1392.4416796137468,2684.934529410158,3516.6062865540694
m10uh,102.0,285.0,120.0,139.0,men,102.0,159.7,158.58266650859863,644.6500636506366,1225.9298122619214,2650.415873078262,3467.9154232926617
m11uh,75.0,370.0,204.0,189.0,men,147.8,245.2,152.9880334521185,614.405847043662,1248.2540512966534,2421.8144925687075,3624.2276392215645
m13uh,76.0,248.0,106.0,90.0,men,76.0,126.4,109.52566556988249,640.7852160928875,1151.5823205356721,2721.5182038669986,3296.724252832953
m14uh,109.0,336.0,140.0,145.0,men,109.0,180.0,105.66096136879133,625.0171618669905,1127.8047821831094,2555.5766711711385,3390.9806922796975
m16uh,66.0,212.0,94.0,94.0,men,69.9,118.1,148.81589432857828,587.1381011115112,1150.5596958936935,2591.254160552181,3283.6467455620477
m17uh,98.0,274.0,133.0,145.0,men,110.0,168.0,151.034479499598,681.3534577584596,1232.0520174103995,2232.980710869204,4367.12328960061
m18uh,77.0,270.0,128.0,144.0,men,104.2,167.8,146.8354505950033,601.2669283400024,1166.3286395272025,2511.4799897221415,3541.6382347531076
m19uh,131.0,314.0,164.0,168.0,men,135.8,196.2,153.7316415962994,657.9829771428768,1343.7036649620877,2731.836340471507,3613.9114229462216
m20uh,83.0,272.0,113.0,119.0,men,84.8,147.2,137.3730106549962,635.8167987911418,1231.3698423479093,2557.2786723637173,3600.5320268623486
m21uh,109.0,248.0,135.0,153.0,men,121.1,166.9,119.32811760678763,593.9045885092331,1268.3052197395907,2294.304499593749,3155.348153005675
m22uh,199.0,425.0,235.0,243.0,men,201.7,276.3,124.23051738253808,636.2766981540162,1197.9566306348843,2611.533240075759,3816.7884952510212
m23uh,99.0,301.0,160.0,171.0,men,132.2,198.8,112.5852431984015,612.9932821682443,1078.8934728071952,2672.6119995135655,3926.3417714481234
m24uh,108.0,309.0,174.0,195.0,men,151.3,217.7,127.61476598972179,634.8448966332445,1263.7636325946535,2605.164299768414,3772.8566745376097
m25uh,85.0,297.0,115.0,125.0,men,85.0,155.0,113.22617481076925,594.761256008451,1207.6978829925465,2280.8083367126364,3753.408124752213
m26uh,105.0,335.0,165.0,184.0,men,136.5,212.4,116.09780717447607,598.851938672467,1242.6291907678085,2348.5047683495754,3185.6240192453624
m27uh,110.0,276.0,123.0,126.0,men,110.0,151.9,106.1822054620491,655.5055085039148,1176.1198218146792,2530.3494478863304,3534.530095438803
m28uh,120.0,288.0,144.0,152.0,men,120.3,175.7,127.4000668211754,683.3563269307023,1219.250070337177,2796.1851737743114,3587.2058460644203
m29uh,121.0,266.0,152.0,168.0,men,136.1,183.9,134.14644716110521,628.836377973561,1209.5794537955778,2424.378769671069,3680.0658315101196
m30uh,115.0,314.0,180.0,173.0,men,143.7,209.3,96.34688267187252,569.8514537523193,1145.83748048969,2519.0940379419494,3606.897052219568
m31uh,124.0,252.0,139.0,144.0,men,124.0,162.6,149.22647357389732,636.8902840915473,1244.2828036942478,2433.0905265495117,3498.70789893097
m32uh,111.0,254.0,147.0,154.0,men,126.9,174.1,147.2942876931943,654.67394150864,1129.5893226816593,2456.6527197490495,3057.7548680150026
m33uh,71.0,275.0,110.0,130.0,men,86.3,153.7,135.7550336531325,586.4197784291583,1146.739487824506,2478.0843242180003,3445.5023098535444
m34uh,78.0,255.0,98.0,135.0,men,87.3,145.7,119.61534434066397,584.4630890646733,1157.934152602981,2680.246015807983,3921.2763573689645
m35uh,80.0,299.0,139.0,151.0,men,108.9,181.1,109.99229398909877,559.1822823490057,1353.2195834443023,2468.429147858841,3249.7077840723396
m36uh,115.0,286.0,158.0,142.0,men,121.8,178.2,117.72688150894021,613.6256520694716,1319.8434898430821,2538.8548816168354,3168.2783636602776
m37uh,82.0,251.0,100.0,113.0,men,82.0,134.4,133.43002530753554,598.8743085937763,1102.6324283335316,2280.2257191445356,3308.843628306789
m38uh,65.0,220.0,88.0,104.0,men,70.4,121.6,139.64540689308822,598.0479415785953,1185.5196129276899,2425.3963565600147,3487.55139036342
m39uh,66.0,259.0,94.0,86.0,men,66.0,121.8,146.4494877545301,605.7949156465819,1228.6197268672781,2538.9200966860485,3384.746938585649
m40uh,79.0,280.0,112.0,128.0,men,86.8,153.2,139.2760622635006,623.2323959323473,1342.098879402782,2614.9483614175456,4127.519460803872
m41uh,101.0,282.0,123.0,145.0,men,104.1,163.9,147.88418011040898,643.3828269817134,1223.7987200443094,2636.6815928109804,3704.726298358046
m42uh,144.0,386.0,178.0,170.0,men,144.0,213.9,126.30212383796868,637.0049305477415,1257.2857885410715,2318.4147468303267,3457.407005142162
m44uh,96.0,304.0,125.0,147.0,men,101.7,170.3,107.74868943778033,654.9334811714273,1174.2538360157912,2604.0130008396527,2784.730418279709
m45uh,134.0,328.0,174.0,178.0,men,144.0,208.0,181.26294902321342,646.7637751729656,1080.8131021251752,2733.6925105557557,3557.2300722999103
m47uh,109.0,307.0,144.0,179.0,men,128.8,194.2,124.53226056449917,571.9808011086518,1058.746543090045,2445.0809755376745,3417.716239229142
m48uh,81.0,269.0,154.0,156.0,men,124.0,186.0,116.97085663100658,597.5159198439742,1186.5222876175687,2497.691176681597,3705.1704603985454
m49uh,78.0,244.0,83.0,89.0,men,78.0,113.4,137.51036729100804,629.1223749296747,1211.5188607267492,2695.4836596034047,3492.7780211647696
m50uh,82.0,258.0,114.0,110.0,men,83.0,141.0,120.16318360085737,613.8629415571445,1202.3261296430633,2354.6302920479534,3450.6931250348584
w01uh,58.0,304.0,81.0,91.0,women,58.0,126.6,223.11842450109575,800.4852111570448,1496.4320571446592,3009.8477787452566,4268.257187265792
w02uh,180.0,525.0,216.0,248.0,women,180.0,288.9,231.62426434925075,824.0340678377914,1541.8746314499394,2930.832080735417,4256.103365787413
w03uh,88.0,294.0,101.0,109.0,women,88.0,139.0,211.59613035473558,786.8325089298738,1311.8943108095934,2858.8757162771963,3611.3190194489503
w04uh,84.0,415.0,184.0,188.0,women,131.4,240.6,217.73314725167594,737.8256147657883,1584.8552267307014,3070.9419246667558,4475.436364343613
w05uh,128.0,418.0,168.0,199.0,women,135.7,231.3,226.25099508680236,736.2180771219274,1318.6358397965182,2578.115421647907,4822.529485483899
w06uh,123.0,356.0,192.0,200.0,women,157.6,234.4,229.6909481617177,810.3516699149769,1451.4635746005356,2776.0730340425357,4050.8096727808534
w07uh,190.0,399.0,224.0,252.0,women,203.5,272.5,191.50942022722754,818.3431611961629,1287.561316841693,2747.4554460328864,4109.4833227621
w08uh,103.0,310.0,128.0,150.0,women,104.8,173.2,246.1906158454398,809.89698573016,1591.3498880048448,3058.984768535652,4019.108314954687
w09uh,98.0,291.0,173.0,181.0,women,145.2,208.8,232.59011081914653,811.6481549334992,1367.1154977544268,2930.140336494001,4064.7687207279873
w10uh,79.0,335.0,201.0,168.0,women,142.3,226.7,218.27346176185966,695.4241942874212,1467.1929369789395,2868.3710994571416,4048.2252501888797
w11uh,80.0,346.0,158.0,152.0,women,111.1,198.9,206.5808245460396,759.9480036732778,1595.9306943255422,2828.3599336246366,4031.214575517731
w12uh,106.0,354.0,143.0,146.0,women,106.0,185.4,247.15440939019481,820.0162363080783,1634.9515475418812,2672.2129755403002,4299.269718757007
w13uh,117.0,338.0,166.0,180.0,women,136.5,209.5,240.13066633902457,728.0019926496623,1322.0309972239124,2543.581177892952,3475.1285343489753
w14uh,129.0,335.0,206.0,205.0,women,171.5,239.5,224.18121629198623,761.9038970903629,1548.0708982688814,2826.2895284559813,4011.5200561708602
w15uh,143.0,431.0,229.0,245.0,women,189.5,284.5,229.7808447813526,708.2638155171755,1330.3022926575638,2752.5131891116043,4111.588268037276
w16uh,143.0,393.0,204.0,206.0,women,163.7,246.2,199.62609274735678,810.8035474734495,1362.8505025437214,2957.877983176596,4513.936575303993
w17uh,128.0,311.0,144.0,160.0,women,128.0,182.2,215.05428208373718,728.5943818598217,1274.1783248957695,2898.4070304948054,3834.9120462555857
w19uh,108.0,394.0,247.0,208.0,women,180.3,274.7,235.4968589192557,852.9892526941446,1524.2208319715864,3005.2439542073876,4375.927947636208
w20uh,128.0,377.0,160.0,184.0,women,130.9,213.1,220.096147739699,673.0753558463637,1155.6292530525225,2971.2819594922153,3744.7590347889554
w21uh,191.0,521.0,240.0,256.0,women,193.6,302.4,226.9448896065212,738.8992067631451,1355.2979887896936,2875.4114116408437,4160.030926140052
w22uh,105.0,314.0,184.0,200.0,women,157.5,226.5,187.9578868748558,783.7563177917245,1388.842061857172,3040.013326457035,4309.766514799636
w23uh,110.0,330.0,179.0,169.0,women,137.7,210.3,215.3774947054593,698.9651273144071,1261.6476397100932,2598.549913754812,4192.235473016006
w24uh,146.0,396.0,207.0,201.0,women,162.7,245.2,160.69192967891593,806.214631738236,1426.3201791780764,3009.402392356785,4055.844103522585
w25uh,139.0,448.0,192.0,229.0,women,159.5,261.5,218.7257454459569,795.9840533957714,1248.5523633255298,3021.6327377055222,4216.162183151455
w26uh,143.0,330.0,208.0,177.0,women,161.6,223.4,215.05927560940196,707.0381479382802,1391.1346224107838,2868.374467817966,3962.1134453396057
w27uh,98.0,293.0,160.0,137.0,women,116.3,180.7,248.43409127635306,817.6276757593841,1482.9486530897323,3007.4016784555606,3522.409801369403
w28uh,95.0,289.0,127.0,141.0,women,102.0,166.0,232.18430932080108,714.4390257322592,1584.812850528125,3040.6648550173527,4178.262794074717
w29uh,68.0,268.0,94.0,120.0,women,74.0,140.0,310.7883636791727,889.2151300324905,1591.8451275424525,3055.6707396487845,4858.070067104019
w30uh,95.0,303.0,130.0,157.0,women,109.2,177.8,235.04136139050385,831.054093718281,1532.7926560499811,2814.702586872048,4051.666347489906
w31uh,122.0,321.0,140.0,176.0,women,125.2,190.8,212.3933682137484,731.1181939746945,1538.9933705212286,3000.807924433419,4276.413444133041
w32uh,119.0,343.0,163.0,156.0,women,122.5,196.5,211.53074415918155,671.7016855859802,1147.0821338426042,2516.423435483824,3817.3076396956208
w33uh,95.0,288.0,104.0,112.0,women,95.0,139.8,242.63554281816488,845.6464057142508,1479.580225045407,3251.555118600371,4367.53744074596
w34uh,120.0,284.0,144.0,148.0,women,120.0,173.1,234.02373030740955,862.48772083657,1425.8243444771763,2851.0159528966105,4311.8167561413675
w35uh,144.0,359.0,215.0,214.0,women,179.0,250.0,208.16471268982394,729.2080461114567,1441.5502057361027,3081.869872610522,4141.4324258403085
w36uh,170.0,535.0,224.0,248.0,women,175.8,296.2,207.9685264955857,720.6518636615918,1294.7816364009077,2940.3891143226697,4024.1941548767904
w37uh,160.0,485.0,251.0,231.0,women,187.4,294.6,212.57300744804058,800.1885293426257,1485.36391126485,3247.660296858899,4490.37591968217
w38uh,102.0,316.0,121.0,159.0,women,104.7,175.3,229.20563918572293,812.8259720126346,1507.1808869628776,2949.7369046154654,4087.1355077535245
w39uh,172.0,405.0,260.0,263.0,women,223.1,299.9,200.0611980382045,725.8348069797162,1309.8582524123876,2612.669404640852,4098.498326749896
w40uh,154.0,387.0,206.0,195.0,women,162.1,238.9,196.8451359754996,721.8250072012438,1225.62498566134,2877.1569671845036,3418.171482367359
w41uh,115.0,316.0,130.0,157.0,women,115.0,176.7,214.7700703683478,792.2243723877384,1386.1397084736957,3081.596711631913,4006.6221332166447
w42uh,104.0,260.0,120.0,128.0,women,104.0,149.7,245.55918719382603,744.4711907925775,1339.267591348376,2804.792497390853,3992.453301039018
w44uh,118.0,369.0,155.0,194.0,women,133.1,215.9,214.4882634840473,703.3128207462261,1223.5438051266606,2581.1078278065884,3964.309250225372
w45uh,108.0,382.0,189.0,186.0,women,142.3,232.7,202.77006760267636,784.5790685670015,1394.6939039534034,2833.780852645823,4198.392365396461
w46uh,122.0,322.0,144.0,162.0,women,122.0,186.0,153.50267402112587,687.2751125924813,1259.7339075229772,2989.035936553824,4091.2977676008836
w47uh,135.0,341.0,231.0,212.0,women,187.5,255.5,218.03819454176144,730.3662649600623,1341.3473032931267,2737.694497984216,3947.381700746056
w48uh,83.0,291.0,153.0,164.0,women,124.2,192.8,237.77476305611688,726.551460509373,1368.8744574477191,2860.555111422125,3689.539688293174
w49uh,129.0,344.0,138.0,152.0,women,129.0,180.5,216.81122699726902,741.5653845746874,1337.2918255940947,3245.302455328667,4305.19947961356
w50uh,96.0,358.0,168.0,185.0,women,133.3,219.7,213.7041290897004,796.5769205074835,1418.68546514198,2943.8969769146693,4298.867531308183
b01uh,53.0,258.0,90.0,80.0,children,53.0,118.8,241.23073865132068,747.3476566470357,1607.8718162652692,3224.3877105471925,4947.477163598457
b02uh,168.0,329.0,181.0,197.0,children,168.0,215.6,270.2118343445944,912.9606946246425,1957.4495421162308,4084.3875024088265,5269.960138790391
b03uh,72.0,298.0,129.0,129.0,children,91.7,166.3,212.7611635815665,889.9270063584208,1783.9511808606887,2965.0170004445326,4985.841770431769
b04uh,146.0,439.0,181.0,208.0,children,146.2,242.8,243.62962758733045,767.5395782320657,1724.1760154607405,3400.8731709120793,4931.156518800097
b05uh,57.0,207.0,83.0,84.0,children,58.8,108.3,224.57932830668614,731.5056315293881,2011.4091952226322,4073.866734368433,5391.857661182878
b07uh,103.0,413.0,152.0,160.0,children,104.8,207.2,288.0010423071016,903.4354573744192,1582.5115100447715,3544.065762255037,4777.475595486817
b08uh,178.0,420.0,221.0,202.0,children,178.0,251.4,199.0584608306696,852.5403100474828,1469.0284547261208,3601.813539280346,4606.548062383078
b09uh,220.0,448.0,269.0,271.0,children,232.4,307.6,240.06636724348596,751.1023599891749,1432.4047571920423,3661.5967989205565,5522.661135151362
b10uh,163.0,411.0,191.0,192.0,children,163.0,232.4,210.81863169903025,730.0996332756076,1714.2462575676848,3670.78296819273,4837.085641538621
b11uh,129.0,395.0,154.0,171.0,children,129.0,206.4,214.1846292798677,1090.7671836115956,1993.2597690282078,3684.75162265494,5179.178794910932
b12uh,114.0,412.0,172.0,164.0,children,118.8,217.2,257.2461384226196,813.5382433240268,1609.6420675026532,3283.3952252795084,5041.309579462158
b13uh,160.0,410.0,209.0,209.0,children,167.8,250.2,210.74023121415433,1125.0461526380134,2912.674928245394,4303.939532892065,5239.043820213862
b14uh,140.0,355.0,160.0,181.0,children,140.0,206.0,220.53573424212757,779.6363728430031,1400.7989148894242,3418.9597950008624,5040.2236606701035
b15uh,103.0,410.0,254.0,203.0,children,177.8,279.2,278.7222385795639,741.898508488908,1963.3863955384675,4048.712776909197,4932.308131000795
b16uh,102.0,402.0,159.0,175.0,children,117.5,216.5,186.6984412095064,752.7711976435551,1429.877321277972,3290.1074945622813,5395.311785930877
b17uh,67.0,306.0,82.0,87.0,children,67.0,123.9,258.5987904231159,786.8674091377649,1398.675300674566,3308.4769084080185,4777.979552722892
b18uh,107.0,340.0,142.0,168.0,children,116.6,193.4,266.3552558273983,805.4628656443745,1488.212203201637,3368.3066934738094,4998.772290360121
b19uh,69.0,310.0,130.0,109.0,children,79.7,159.3,238.36755253411002,819.14332212451,1810.407747471224,3431.411439204624,5197.766905115321
b21uh,66.0,320.0,159.0,158.0,children,116.6,200.4,211.73127370204168,828.8296860110678,2509.1854968486987,3921.1555309213727,5389.90694593233
b22uh,181.0,477.0,238.0,226.6,children,183.5,281.1,261.40171382614227,869.4825195956079,1918.524513577935,3793.2325433899323,5388.461846138768
b23uh,103.0,322.0,138.0,162.2,children,114.0,186.2,281.212428217683,863.7515292675143,1502.5847699520448,3418.496775799199,4997.461209674113
b24uh,117.0,275.0,139.0,144.0,children,117.0,167.6,214.96538188256193,799.9145460400924,1572.036163024327,3940.2735392226728,5061.714990196332
b25uh,153.0,376.0,196.0,174.7,children,153.0,222.1,224.16950639494598,741.4257042173851,1508.8777964489025,3786.9823310645756,4953.741747438052
b26uh,117.0,409.0,200.0,136.3,children,120.0,216.3,223.7024779279919,706.4053645148,1614.9351625650859,3964.998788076785,4837.941905413478
b27uh,120.0,292.0,146.0,155.5,children,122.4,179.1,214.94874737948976,890.7454214026689,1577.4601733584059,3608.9766831675483,5286.543557065754
b28uh,133.0,345.0,175.0,157.4,children,133.0,201.2,207.467130267234,742.9701156853147,1806.6197047576063,3869.354609924692,5260.162688716579
b29uh,112.0,355.0,150.0,163.2,children,116.5,196.7,241.8497893670683,910.4569722104827,1431.1101040777107,3815.607347072977,5012.592997522128
g01uh,132.0,332.0,150.0,155.0,children,132.0,185.5,249.20410545297574,885.6604672140271,1966.0374638513695,3465.2279960827677,4868.10919206984
g02uh,101.0,316.0,149.0,141.0,children,109.5,180.5,236.22679089423718,878.7099361967632,1603.538798133628,3628.0592778810997,4986.894583423963
g04uh,151.0,426.0,214.0,219.0,children,171.1,261.9,272.06161967496524,792.4496412678757,1664.1281271281273,3747.537531326698,5198.548163112025
g05uh,112.0,402.0,164.0,173.0,children,120.7,216.4,224.23805559709743,894.961878815992,1740.5214956290238,3662.9850020958343,4847.628821381023
g06uh,162.0,380.0,185.0,198.0,children,162.0,227.5,242.18156345524238,918.7660689477937,1533.9706388466523,3380.9741217805235,5415.2352826714505
g07uh,143.0,429.0,172.0,186.0,children,143.0,226.2,234.93476892382628,743.9978452622032,1740.6594851344637,3299.7809705911986,4909.817078776489
g08uh,197.0,500.0,348.0,276.0,children,262.0,362.0,241.03870035055266,786.2702092264715,1863.59007262163,4195.642999972142,5630.794779494901
g09uh,65.0,313.0,121.0,136.0,children,87.6,169.4,264.02720313600344,779.5759552453878,1680.7274449198728,3494.5953693143874,5028.01712355326
g10uh,107.0,329.0,138.0,141.0,children,107.0,176.1,238.40102740441583,951.2372984966935,2009.4831675024489,4041.292612121529,5229.4752441091
g11uh,112.0,339.0,202.0,186.0,children,156.5,231.5,228.63296804679686,735.2557959959299,1660.0163849742632,3681.594428109368,5435.382108582407
g12uh,93.0,319.0,118.0,119.0,children,93.0,155.8,270.51278761077236,848.6232159833125,1854.272859868898,3817.5420747965713,4871.1506447101565
g13uh,171.0,403.0,257.0,231.0,children,205.7,282.3,236.829075441849,774.5626191154499,1536.1892464555403,3854.328487466176,5516.07986682905
g14uh,85.0,344.0,136.0,140.0,children,95.3,180.7,209.58740320607333,695.8589264460516,1660.1668443143512,3575.0505216704582,4929.032854446028
g15uh,80.0,382.0,120.0,126.0,children,80.0,172.8,253.7177828086733,884.1754001122779,1981.881674384707,4177.825327746927,4919.250344554873
g17uh,147.0,362.0,178.0,177.6,children,147.0,213.3,262.9472872536692,910.2020406581884,2124.1460444945938,3993.2434117029798,5025.434168254301
g18uh,243.0,469.0,336.0,313.0,children,287.2,361.8,204.73542849905238,678.8145613133464,1794.8781998343225,3637.7553127811893,5162.063752915444
g19uh,115.0,299.0,140.0,142.1,children,115.0,171.4,228.60457444559967,902.69132269791,1727.8374476160998,3669.8904219393394,4624.323567101545
g20uh,110.0,320.0,145.0,141.1,children,110.0,177.7,255.85195803236007,890.0584075453386,1381.3496648568757,3755.5331594176873,4901.523478142757
g21uh,146.0,323.0,164.2,164.2,children,146.0,193.4,236.17461424694187,813.0687538592458,2037.1576805698526,4223.445263571662,5527.2490793957895
m01uw,184.4,465.3,228.0,233.0,men,184.4,276.8,184.5757261361352,374.2291930974464,927.5019365458577,2437.7794223717665,3372.6471037251295
m02uw,151.0,408.0,212.0,239.0,men,183.1,267.9,110.61260747789399,341.8313755231859,957.1879482740076,2180.9019105072534,3027.249627876321
m03uw,84.0,504.0,266.0,235.0,men,181.2,319.8,101.04149340922753,401.25508312041956,1012.3989818301897,2400.5101595400456,3142.6901395796485
m04uw,72.0,360.0,112.0,136.0,men,76.5,171.5,144.12373667157672,404.3536533793539,1224.919258019298,2311.1089793462866,3475.2720101170844
m06uw,65.0,296.0,215.0,181.0,men,159.9,236.1,118.326594983274,374.856232023385,957.6452096827293,2391.9307826155236,3365.8454559768675
m07uw,88.0,319.0,172.0,148.0,men,121.9,198.1,111.66967294014802,345.23158315918215,1013.9142890132174,2352.1499061287086,3419.7442990935306
m08uw,69.0,308.0,168.0,155.0,men,122.1,200.9,128.53174827817173,396.3209871043629,1096.8156783716831,2319.11913881365,3216.7538784538046
m09uw,78.0,374.0,122.0,153.0,men,88.7,186.3,163.223968158065,403.28761380624877,1287.8156594321592,2402.1059579123435,3106.375258253215
m10uw,111.0,348.0,210.0,201.0,men,166.4,244.6,156.07734921902983,363.0160033766167,1138.5419565968982,2436.718936022021,3210.9080733198634
m11uw,135.0,462.0,325.0,220.0,men,218.5,326.5,159.85248753967352,347.292264476329,944.0471315114738,2149.842271943232,3330.2840195568615
m13uw,132.0,372.0,170.0,170.0,men,132.0,209.6,116.58793231156132,379.73722945276006,799.585497925081,2602.8860229673755,3209.1471160529018
m14uw,100.0,360.0,241.0,216.0,men,185.6,271.4,115.32925155891287,396.1669295068557,1132.0278816776272,2389.9427405799624,3238.3285603825557
m16uw,161.0,344.0,243.0,216.0,men,199.3,259.7,147.9090890601995,393.33099324347376,982.213492392418,2389.245345141222,3108.3593366907776
m17uw,71.0,281.0,119.0,160.0,men,104.8,174.2,171.64123114403404,352.9858930014326,891.0998066478547,2065.6932716330475,3565.0053395526324
m18uw,129.0,393.0,212.0,204.0,men,164.4,251.6,145.06717614213142,417.9170791949741,1049.8409231696141,2452.7377426751796,3405.06217557066
m19uw,170.0,396.0,183.0,208.0,men,170.0,232.8,164.04332746739152,471.54138126176025,1192.7230193814833,2605.165616235014,3331.862269338252
m20uw,80.0,364.0,230.0,231.0,men,183.6,277.4,155.5006958735201,383.74493894754426,926.4744390731155,2302.8516745370634,3083.5045665533717
m21uw,92.0,288.0,190.0,180.0,men,152.7,217.3,114.505860126662,371.3512950202504,1011.9305101498176,2150.275810666295,3352.936839145329
m22uw,159.0,434.0,192.0,310.0,men,205.6,296.4,124.11597368501323,394.07577117112317,1099.0276158631534,2403.1667048655304,3675.7886132961044
m23uw,87.0,317.0,160.0,202.0,men,143.0,219.0,130.75107512933317,395.04858131186074,929.5054388449798,2390.6168189493956,3184.3265443271594
m24uw,96.0,335.0,125.0,161.0,men,103.6,182.4,144.3193762377515,431.69792611318184,1113.4219122809375,2323.11320228984,3500.5077259451996
m25uw,83.0,287.0,130.0,123.0,men,92.8,160.2,121.00619628194752,376.9871837442576,1001.2360232321165,2347.5310405371197,3385.2240814492584
m26uw,96.0,321.0,175.0,144.0,men,122.4,196.6,124.64260212985114,386.32589591176816,972.4021701719125,2321.2668402157065,3092.1229610522287
m27uw,76.0,283.0,176.0,166.0,men,136.8,205.2,120.88198442721045,372.12746071701065,977.2269080081959,2257.506075742452,3425.569641336216
m28uw,126.0,323.0,156.0,161.0,men,126.0,191.0,193.54290617360596,405.95345287734335,953.1670942930638,2433.6076478991486,3349.4993657387336
m29uw,153.0,338.0,175.0,178.0,men,153.0,207.0,141.81587251468576,405.88832594052536,965.0469047732649,2433.3836357902846,3413.036192078473
m30uw,123.0,411.0,257.0,218.0,men,190.0,285.0,109.89777804978846,335.3807363856321,883.3903340174274,2367.0628803413497,3351.7105652895707
m31uw,82.0,253.0,177.0,172.0,men,146.3,202.7,193.3596134097653,385.69158674408595,1066.332230538076,2414.113269548214,3939.0477648574756
m32uw,96.0,281.0,160.0,152.0,men,125.5,186.5,164.80579601601974,424.0202894213953,833.7833428630854,2473.854116506584,3657.771196913153
m33uw,62.0,303.0,116.0,136.0,men,86.2,165.8,158.00519857215906,380.5844809587777,942.5866231599364,2370.0419252800652,3357.2907079870074
m34uw,116.0,360.0,178.0,216.0,men,156.7,237.3,131.58316652518818,393.77902158702693,1027.4626815426773,2326.494958296427,2998.9371395722487
m35uw,87.0,341.0,175.0,172.0,men,131.6,215.4,114.90406505662213,360.7096624034009,1156.0484037482847,2351.9456093717226,3154.7158580359946
m36uw,130.0,395.0,181.0,149.0,men,130.0,208.7,123.58312826896524,411.5650522075109,995.6229875580443,2330.511761885103,3452.0957774656003
m37uw,103.0,296.0,169.0,136.0,men,120.7,184.3,144.02458503353847,422.10802740601815,857.2977923792026,2140.2104749909754,3304.2872335023762
m38uw,73.0,268.0,114.0,129.0,men,89.3,153.7,152.70482665015953,398.51270969205933,1086.841221123171,2255.0149827282717,3749.3097184098474
m39uw,129.0,379.0,144.0,156.0,men,129.0,191.2,193.43168066906168,386.1799843292182,945.1137450766157,2260.8089291107217,3294.8742181826165
m40uw,92.0,297.0,196.0,160.0,men,144.2,211.8,148.31023809066394,345.6808674637461,938.2174456191646,2356.5206932037877,3695.897705541636
m41uw,89.0,289.0,189.0,208.0,men,165.5,231.5,149.43456230978586,442.4675404841072,1128.1223895059045,2303.301098012541,3212.0693309501307
m42uw,79.0,335.0,128.0,144.0,men,93.8,178.2,149.4605932967948,441.86953816531,1113.078924047257,2410.286905285337,3584.8285347841284
m44uw,38.0,257.0,155.0,159.0,men,120.9,193.1,112.01443083959384,373.58610912054405,1014.1419266179116,2275.5901773795995,2937.767189772753
m45uw,122.0,367.0,261.0,244.0,men,212.1,292.9,215.41658695612702,428.2879145493914,852.8369918607084,2354.4554028810317,3432.044255025379
m47uw,83.0,333.0,112.0,138.0,men,83.7,166.2,146.31487117120753,415.4542808415837,1206.980014124473,2189.6964906294056,3185.5701842898875
m48uw,86.0,298.0,184.0,165.0,men,139.5,209.5,129.68945424283143,386.88324447508194,899.3481983174624,2355.3367101292856,4190.436558336892
m49uw,106.0,231.0,118.0,127.0,men,106.0,143.1,187.77238331821613,380.385392484853,887.2787191175137,2528.0293826067914,3529.6300991901535
m50uw,82.0,304.0,136.0,127.0,men,94.9,168.1,129.35557987491654,403.58529448417596,1009.8701479549949,2337.593318174314,3442.9784499529014
w01uw,100.0,381.0,206.0,211.0,women,162.1,254.9,259.87815809012193,497.74339507966687,1055.9383618178779,2818.0263922823387,4630.559444173172
w02uw,151.0,560.0,377.0,333.0,women,287.5,422.5,218.27408025799795,435.8372875827724,1438.8100280757528,2802.3782994447647,4021.1810666069387
w03uw,94.0,365.0,271.0,255.0,women,218.3,307.7,213.70541630350615,426.8968432884394,871.0979236292037,2747.0263735577337,3616.405452586487
w04uw,97.0,527.0,370.0,327.0,women,277.5,419.4,217.15445713903236,433.9552283635064,1392.351936003636,2761.677476709815,4620.507289961226
w05uw,119.0,447.0,218.0,197.0,women,153.4,261.6,249.22485337402802,473.78874311393935,997.0309041025542,2593.1588428472746,4246.937089715692
w06uw,97.0,408.0,186.0,240.0,women,161.7,264.3,218.52181498681287,437.662723421442,1096.17609430801,2624.0705968348393,3976.2183350109976
w07uw,159.0,543.0,308.0,205.0,women,193.1,319.9,205.646374085707,411.993177711979,1019.1606594123182,2809.8002049284214,4106.9532368566
w08uw,115.0,402.0,167.0,185.0,women,128.6,223.4,259.97990741522153,514.7106331652043,1525.129108036301,2793.205117550575,4642.100114501941
w09uw,94.0,359.0,200.0,196.0,women,154.3,241.7,261.8247609174055,489.7991825609523,1070.0201062416045,2665.7717798620306,4070.534574768498
w10uw,78.0,429.0,240.0,179.0,women,151.6,267.4,240.34732155337625,480.26734114483514,1133.6262594045927,2632.872435174038,3608.921963383304
w11uw,71.0,448.0,126.0,159.0,women,80.3,204.7,234.4140317899723,467.9993024949746,1626.5007694109247,2755.6734991090507,3976.2664874471157
w12uw,148.0,448.0,295.0,287.0,women,241.5,340.5,242.47781923779013,478.6867693683559,995.6041732412789,2824.8162579349555,4105.629473163274
w13uw,67.0,365.0,279.0,250.0,women,215.3,313.7,232.06630337888086,460.4842402624754,1162.8428038266713,2655.2910565207417,3994.9174811405437
w14uw,144.0,385.0,208.0,187.0,women,157.7,237.3,241.01107613122625,477.7141745488368,1158.0976448529177,2672.4605116965586,4035.1673312783737
w15uw,143.0,441.0,264.0,280.0,women,222.8,321.2,270.63194752503637,467.46340980462793,865.6670719967727,2702.6121043874928,3992.8067495322366
w16uw,128.0,396.0,264.0,241.0,women,208.3,296.7,226.42351054100538,452.1677102667202,1143.193829786355,2819.809995754398,4218.8920857363155
w17uw,125.0,391.0,265.0,248.0,women,212.6,300.4,218.2039681225296,437.65491822415646,951.946142571391,2689.0936068823153,3712.686533145086
w19uw,96.0,389.0,243.0,217.0,women,181.7,278.3,258.26300812567194,515.4090523957294,1029.7817871138539,2560.569098276062,3850.9226294737264
w20uw,132.0,415.0,321.0,303.0,women,265.3,358.7,170.45446354932227,397.8000339463334,912.9946148561585,2651.6160478311863,3716.4230657069224
w21uw,164.0,542.0,252.0,229.0,women,178.1,302.9,244.57044987376324,479.4573609192513,1244.860436227631,2468.920562539994,3677.1281331193118
w22uw,94.0,404.0,239.0,229.0,women,182.9,285.2,199.95461832533402,403.31610745066405,1005.5086300065105,2906.2833965233776,4114.439443814713
w23uw,92.0,455.0,235.0,260.0,women,187.6,307.4,210.7092423004401,428.4901198075777,1033.9547496183802,2418.4756646033434,3871.40585653219
w24uw,110.0,437.0,312.0,241.0,women,222.5,330.5,269.8933989187997,532.1553915811442,1075.153659586563,2948.9746570549087,4378.231920646369
w25uw,128.0,510.0,264.0,277.0,women,207.5,333.5,229.02808015828876,460.79651901444174,1374.4989938493234,2880.1805717157517,4380.954853708488
w26uw,183.0,516.0,208.0,214.0,women,183.0,265.9,229.21950052315756,442.1698245184923,994.4059909082656,2588.8074625442073,3743.454849356252
w27uw,90.0,324.0,131.0,155.0,women,104.4,181.6,259.19275873865956,510.2075542563431,1049.4106545150607,2440.661323016617,3797.907191174093
w28uw,117.0,299.0,200.0,216.0,women,178.0,238.0,260.79970912794613,521.4940796398681,1093.4442784681492,2793.8762292478737,3938.064303038522
w29uw,137.0,411.0,169.0,188.0,women,137.0,223.7,297.804017095263,476.881687112971,965.0278622849136,2787.0919157529843,3914.230466497768
w30uw,95.0,369.0,168.0,232.0,women,154.8,245.2,270.0035037421162,527.528072865244,1078.1141012664543,2701.7134605317606,3917.348111678034
w31uw,87.0,364.0,184.0,122.0,women,107.3,198.7,242.88025946982617,485.20605659706234,1126.036142867899,2694.2592142933786,3774.9161880695
w32uw,142.0,384.0,201.0,183.0,women,152.1,231.9,236.6233011569928,463.6578081060826,1153.2245818951,2610.0314902532155,4048.8853555820715
w33uw,123.0,414.0,235.0,247.0,women,193.0,289.0,272.22014165235976,526.4368965329788,1094.9946034368093,3144.128897881764,4632.224519393333
w34uw,142.0,386.0,282.0,295.0,women,248.2,328.8,241.10594445073443,479.5781512085684,965.7485888633281,2866.8991238070184,3965.785904799064
w35uw,133.0,427.0,149.0,168.0,women,133.0,207.0,231.11636514448438,463.05506334829033,1470.3674051666658,2690.1920751473344,3688.585865511632
w36uw,155.0,560.0,208.0,224.0,women,155.0,282.8,220.12412200258848,444.5235991208334,1605.779975295847,2623.106327167257,3964.003872366801
w37uw,156.0,562.0,272.0,297.0,women,217.5,351.5,220.95200033630258,439.2258640692094,1165.3625050077617,2824.9829168612623,4133.84906245629
w38uw,106.0,383.0,265.0,217.0,women,195.3,286.7,256.23158464284984,511.9347327995927,1066.7151574676059,2810.5281286970467,4368.833186005739
w39uw,132.0,398.0,288.0,253.0,women,226.6,314.4,208.51346546165126,417.90181200713414,886.5631155718722,2710.616285525921,4094.3507257497695
w40uw,189.0,485.0,249.0,272.0,women,211.7,309.3,222.1772940488679,440.95789327732075,1067.4587242519788,2532.7418421231846,3787.1995097472764
w41uw,135.0,370.0,213.0,240.0,women,187.7,265.3,236.6443218202798,457.0959969475949,962.3240819476455,2745.480743396803,3905.385577823099
w42uw,70.0,342.0,216.0,217.0,women,171.6,261.4,254.6678772318443,465.5800889480054,967.1802607433991,2567.6088302176345,3581.4355969682942
w44uw,139.0,485.0,201.0,287.0,women,186.9,301.1,254.00689249296155,451.51798189712196,996.4928782423607,2463.1256891286557,3821.2350126873607
w45uw,119.0,459.0,307.0,312.0,women,253.4,365.6,204.91717287383872,412.0382842429392,1007.4413348576209,2570.9101496226594,3937.2425611370786
w46uw,110.0,412.0,183.0,171.0,women,127.2,226.8,169.86564545122582,366.7805824278024,1295.6147312106114,2799.0492956161816,4499.866116278346
w47uw,148.0,420.0,243.0,231.0,women,192.1,281.9,239.11351241035996,477.20449354611173,992.1625886423511,2686.865216453649,3938.807300602087
w48uw,77.0,342.0,227.0,222.0,women,180.8,268.2,233.92867621944566,469.2992630432418,1093.7343229710593,2700.594812322969,3646.0149137760973
w49uw,91.0,339.0,108.0,120.0,women,91.0,154.9,239.55246626793624,427.2915565562547,961.350519425417,2707.9078281897064,3965.8261249504285
w50uw,109.0,417.0,161.0,156.0,women,109.0,209.3,264.26266792528,487.9980090543714,1328.2250189160093,2699.9016871841422,3880.886696668781
b01uw,71.0,324.0,166.0,120.0,children,101.3,184.7,250.35201136504176,547.4364900372833,1708.6895297411218,3718.529064663761,4962.009396129323
b02uw,112.0,439.0,191.0,196.0,children,139.5,247.5,288.50501827641625,615.258104436698,2632.663560279402,3991.91927617768,5149.984793581984
b03uw,74.0,378.0,165.0,171.0,children,117.8,218.2,203.4955605269356,531.3666142669723,2476.3574847435943,3439.5273908205954,5403.289548913716
b04uw,164.0,456.0,296.0,288.0,children,243.8,340.2,259.5115336417466,559.3341780015355,3397.730473458764,3688.3421360045454,5168.291317824922
b05uw,160.0,420.0,256.0,277.0,children,223.6,309.4,241.8493526279703,507.8884329572028,2462.3124755944377,4515.014241268832,5837.281656640621
b07uw,180.0,483.0,272.0,245.0,children,208.5,308.5,321.8919048394384,750.61047685637,2037.9149303856423,4189.63441554351,5199.7543630105765
b08uw,222.0,484.0,300.0,303.0,children,258.3,344.7,227.1362804895797,470.13059605978884,1663.5438703614875,3792.833448388903,5289.495296845532
b09uw,121.0,332.0,227.0,210.0,children,183.7,253.3,256.14036245382005,528.8645696414148,1652.979402673496,3472.0095474743075,4935.1108044644325
b10uw,133.0,408.0,176.0,178.0,children,133.0,222.4,217.07867929976118,503.06089268775463,2291.8883734033607,3915.1131936622073,4712.402671617096
b11uw,113.0,359.0,251.0,179.0,children,174.4,255.6,205.319227093296,482.0954730178803,2464.9439246557213,3863.7519278863015,4707.579343901273
b12uw,137.0,450.0,187.0,185.0,children,137.0,237.6,258.228704515757,514.5662580944106,1519.3872581831092,3679.411639947783,5208.185452977402
b13uw,127.0,360.0,213.0,258.0,children,197.1,273.9,206.8017894550871,486.3423662959008,2696.199783406488,4228.453481873918,5176.614396938496
b14uw,130.0,393.0,285.0,233.0,children,215.6,302.4,207.7480857428803,450.2874031136045,2287.1250780819073,3946.8136278737093,6370.995206737389
b15uw,119.0,443.0,337.0,260.0,children,245.0,352.0,277.82459283319434,579.366215685674,1731.7564524666734,3687.607128764799,4964.161947924352
b16uw,96.0,370.0,259.0,230.0,children,199.3,289.7,245.8225785150674,518.6680134650317,2530.2967030970913,3681.4439444103045,5078.77485039046
b17uw,108.0,336.0,238.0,194.0,children,178.4,253.6,258.4456401511321,525.3492708732905,1729.7503445750935,2710.321086361252,4354.650681333302
b18uw,111.0,380.0,241.0,212.0,children,182.1,270.9,275.7790760290653,632.3053897907585,2673.3563056806993,4062.07263580167,4804.553416581239
b19uw,62.0,332.0,238.0,219.0,children,183.9,273.1,280.4597336233895,573.1141031249057,1131.2369940631079,4463.683293201476,5086.378490275604
b21uw,124.0,444.0,266.0,249.0,children,204.7,310.3,258.65614241411646,570.1388023464687,3182.8854776557946,4728.567374554152,5834.432356308458
b22uw,162.0,405.0,220.0,191.0,children,165.4,245.6,266.0132501346509,528.2753587095348,2648.310338501131,3994.980111763279,4955.634420840676
b23uw,127.0,378.0,172.0,184.0,children,136.6,219.4,281.68081761878875,562.583705439151,1825.9939655473852,3597.0769765126447,5170.677641127765
b24uw,106.0,320.0,144.0,122.9,children,106.0,168.8,224.71112632085166,461.88513157904833,1965.9752984703557,4214.510088013346,5095.534405255465
b25uw,109.0,395.0,211.0,192.0,children,154.3,248.7,218.3960391370586,443.3347905587436,2092.8681401658573,4334.465842138086,5061.604184279619
b26uw,132.0,452.0,310.0,163.2,children,183.8,289.4,223.81434895183594,482.3508017339734,2871.1124587861204,4127.076292430553,5168.26591791398
b27uw,117.0,350.0,228.0,192.2,children,171.7,248.5,252.45415422493033,528.6754331510791,2876.1786132210964,4060.5324744606114,4706.525517671795
b28uw,129.0,384.0,180.0,208.0,children,151.9,236.1,216.58479499363236,445.3307556170955,2091.7460048618705,3981.7944943953826,6390.110858438184
b29uw,152.0,454.0,284.0,312.5,children,248.4,348.1,246.10478542473416,498.2488606423969,1832.1478353242226,4150.325996640594,5012.921214692826
g01uw,218.0,545.0,268.0,281.0,children,220.5,328.5,254.37332182800236,571.5170030576572,2382.9707722762055,3374.15915483898,4572.971977931735
g02uw,180.0,416.0,224.0,229.0,children,187.6,265.4,212.5546097335242,440.3794193614293,1111.828067861524,3805.513158486792,4840.941337344
g04uw,160.0,460.0,214.0,216.0,children,165.5,264.5,285.79572588253006,541.438262282348,1994.667728705614,3977.6234453062475,4799.713264392733
g05uw,212.0,590.0,353.0,322.0,children,275.1,399.9,219.56243474959896,453.03812644393116,1825.0267739914443,3699.100333691281,4869.009705629787
g06uw,139.0,385.0,272.0,288.0,children,239.4,320.6,255.67566080560118,623.5115429307276,1695.7586949761387,3996.2325444954354,6161.900994736629
g07uw,183.0,550.0,266.0,287.0,children,215.9,337.1,257.6254134565373,562.6453699941503,2379.0232503056477,4298.299052600979,5201.288181987404
g08uw,166.0,481.0,232.0,256.0,children,192.0,296.0,269.9288144030433,528.4992028880721,1821.970441663293,4063.100673136211,5185.277846015848
g09uw,83.0,390.0,261.0,261.0,children,210.3,311.7,301.4559468028612,639.2368349344715,1647.8812722285045,3396.1123764962367,5069.078246278831
g10uw,201.0,519.0,289.0,260.0,children,222.0,327.0,234.74365295523438,485.4608162051202,1546.757682418803,3658.291815820831,4712.252777401481
g11uw,145.0,469.0,299.0,272.0,children,232.0,339.0,237.71204318569764,488.37722665637995,2302.96213305193,4005.2781591260486,5100.904014757814
g12uw,112.0,385.0,139.0,158.0,children,112.0,193.5,277.15070644250335,639.7592735967468,2306.120618313009,3776.714517278883,5300.386599680085
g13uw,106.0,392.0,264.0,276.0,children,222.8,317.2,274.74703763166156,545.9833293070767,3384.574057351433,4679.224929707782,5633.150170679727
g14uw,83.0,387.0,120.0,137.0,children,83.0,178.7,239.03762636992755,519.0905704320608,1272.0812538463572,3630.2855465769353,4814.454701885164
g15uw,111.0,479.0,314.0,248.0,children,220.3,341.7,244.35918169534145,526.5861331949909,2282.843081642142,3821.308904052292,5369.527640984405
g17uw,75.0,320.0,104.0,101.8,children,75.0,143.3,245.08566970919122,535.782061321377,2525.4166774972423,3902.700186734351,5370.324387334474
g18uw,123.0,438.0,159.0,151.7,children,123.0,207.3,227.50099428433774,506.98654918389843,1958.8046996973599,3686.088591520768,4924.444028765326
g19uw,134.0,326.0,158.0,155.5,children,134.0,188.4,245.4192773314099,500.49078767272175,1415.4119584785233,3723.321366181826,5301.576801528279
g20uw,104.0,352.0,132.5,128.6,children,104.0,171.5,253.2461840440843,508.3568312576987,1948.164814329519,4020.977775037664,5304.554137642029
g21uw,100.0,327.0,202.6,187.2,children,157.4,232.4,226.11288948869574,461.37985997893304,1619.5539328138675,4310.5847013573875,5100.405011440344
