file_id,talker_id,f0,f1,f2
m01ae,m01,166.38238068148115,660.1286010862758,1972.39573052865
m02ae,m02,100.72959633535002,640.9053469994925,1802.3780840629208
m03ae,m03,95.40931466595283,609.9361775648982,1780.819994007253
m04ae,m04,125.55504627391178,630.5511058699653,1925.831367974869
m06ae,m06,117.96073266399408,654.6014321459369,1846.1400903849365
m07ae,m07,95.47874085302855,593.915817042922,1974.129826756917
m08ae,m08,125.26173820058828,608.1911238766269,1850.155659545141
m09ae,m09,157.3531269215842,562.3932401818488,1863.308987989976
m10ae,m10,154.13347078041554,547.1996307037365,1991.5510813597327
m11ae,m11,136.12536647416258,664.1913740251373,1870.7832651030276
m13ae,m13,100.91215598798036,689.1716229976083,1791.5421098940933
m14ae,m14,106.95085649620864,562.7638649644716,1979.509238555876
m16ae,m16,138.39797870496017,547.5952355179978,1785.5197539418932
m17ae,m17,137.28398746368697,685.4404981161102,1538.3668268615354
m18ae,m18,133.7683975849208,528.7413635369829,1913.6045824976384
m19ae,m19,150.3323954146633,601.6889278457493,1916.741250709088
m20ae,m20,138.0270231684241,549.3506192238215,1820.3124853159504
m21ae,m21,108.2705974686182,556.4472532890742,1829.396649904828
m22ae,m22,119.26577904607008,631.3551310761779,2003.650257204547
m23ae,m23,111.7457603611487,589.1552391784998,2004.5142297604905
m24ae,m24,119.19597766815002,601.2951867283919,1565.0425199094473
m25ae,m25,113.41604612394306,546.6574709916001,1802.0556281845809
m26ae,m26,118.37614523805316,561.8549604785741,1886.4266875274188
m27ae,m27,104.62651957015906,599.5543257863858,1975.9320619494997
m28ae,m28,130.5942411716872,662.2089884325412,1928.9737439609364
m29ae,m29,115.15743558962772,579.6862687280118,2012.7472144714984
m30ae,m30,96.23449117668264,569.4214971298152,1827.9045387590245
m31ae,m31,143.72839534950182,605.2777237903264,1949.3957791771063
m32ae,m32,147.71181458640467,628.0862562717465,1932.560451825844
m33ae,m33,136.18455641980893,559.7308771338845,1952.204892182935
m34ae,m34,128.61648483945532,543.1672576034593,1814.6689554809325
m35ae,m35,112.55249397775248,638.8443203434882,1698.638978488925
m36ae,m36,121.23066591634458,585.3709193739201,1829.906896852646
m37ae,m37,131.0570753309584,608.3575219448122,1742.2763664728902
m38ae,m38,132.18551904322075,565.9000849286864,2079.183858338437
m39ae,m39,150.61959343082685,600.5795166692521,2022.419477679293
m40ae,m40,140.1873315513582,608.9823716924371,1915.2899173346057
m41ae,m41,139.25246058332962,574.782145972445,1767.0237056578017
m42ae,m42,127.79216158046238,612.6047888478588,1869.387006847204
m44ae,m44,98.53000902711985,590.7429915010134,1888.694081720388
m45ae,m45,179.6897109030705,642.0083487540412,2359.4973737146656
m47ae,m47,128.0437826190945,524.8197708945496,1768.035760063402
m48ae,m48,119.55663881843768,594.2459222328301,1839.5038925009192
m49ae,m49,124.3565177796151,615.8770296196724,1951.145915003813
m50ae,m50,115.41642894882476,573.2901024391256,2026.285932321293
w01ae,w01,224.9454925612509,685.3063169809583,2136.9730341708946
w02ae,w02,217.5622075811387,649.602685861118,2453.833596353977
w03ae,w03,197.5096179274732,704.7223039270285,2395.725887610499
w04ae,w04,236.79154924757023,768.1801571126732,2094.90360716188
w05ae,w05,226.78283548829916,616.8233095346294,1205.328337195701
w06ae,w06,225.8975393000204,647.8682999608301,2241.761021879872
w07ae,w07,178.58557404978012,716.2687339577716,2247.006190799603
w08ae,w08,238.69048365316684,648.624229290801,2503.0789116455267
w09ae,w09,246.692324963558,690.0450879032401,1317.2672750074048
w10ae,w10,229.6179431941288,621.3262172193732,2236.407628259943
w11ae,w11,190.37670130855489,857.4004992319177,1775.564602651439
w12ae,w12,230.24856763633272,686.2537092745239,2452.830962241236
w13ae,w13,239.17220400675575,657.7706943941222,2260.6405818989256
w14ae,w14,214.3052855532707,736.7816323407101,2372.161474190344
w15ae,w15,228.5593668593509,633.8182015292625,2256.5367347040783
w16ae,w16,206.6493675644704,704.1533816450956,2450.185908265864
w17ae,w17,216.2236522025532,669.1184384739972,2152.872668505209
w19ae,w19,236.25889332827296,718.4323779011637,1956.4635357241536
w20ae,w20,190.27299293767564,635.904626567312,2327.0054136462427
w21ae,w21,221.0212465912189,632.6457660483168,2089.830402854692
w22ae,w22,186.7252166887961,601.3618610951493,2407.325524966791
w23ae,w23,216.76491732900053,686.5642905051599,2289.826151465843
w24ae,w24,247.9842624124393,741.7915334055313,2259.815101516592
w25ae,w25,221.5892636984069,681.4960323445075,1098.9317089451129
w26ae,w26,179.50390695031976,752.289153752121,1944.241853833652
w27ae,w27,254.95048768257527,742.0729402765256,2395.9820315878424
w28ae,w28,227.27919976278,660.3486736199468,2248.8938718385184
w29ae,w29,245.39654840471863,702.2059355852888,1611.4006255542306
w30ae,w30,237.8702564693719,737.8747419915097,2360.8002930431485
w31ae,w31,206.63904176219003,690.0572291897051,2135.8558789877065
w32ae,w32,210.32271520031395,656.4831822465128,2227.46774100838
w33ae,w33,235.4316404082532,717.8011834474983,1486.4656646066103
w34ae,w34,223.3647163704688,610.9347425046856,2553.4090490534186
w35ae,w35,213.24206487616397,679.5110997480792,2321.791625249149
w36ae,w36,202.05016203033765,748.7663963751198,2370.946770325153
w37ae,w37,191.03716609111893,854.0676019329813,1701.5643486706542
w38ae,w38,223.90268664613055,674.7044442506397,2254.812728798338
w39ae,w39,194.1474897822381,589.6208591878606,2374.295471054302
w40ae,w40,197.52183599382252,714.5144596116967,2350.486764459064
w41ae,w41,216.1777667385561,637.6106542756627,2611.713905241266
w42ae,w42,227.0369234710632,564.3526699273748,2024.182941180907
w44ae,w44,230.3044246154591,690.1660878678846,2190.239532490497
w45ae,w45,208.81535324716563,672.1781841541837,2119.938353170592
w46ae,w46,156.40958057062863,650.2998339633306,2184.5306940052646
w47ae,w47,212.7738969573571,837.2583528828377,2053.6026657554576
w48ae,w48,214.92326488784624,627.1838671865552,2269.5601453508043
w49ae,w49,209.03491960961483,736.6108627043415,2362.440089249279
w50ae,w50,210.20964609747645,756.1934255772018,2170.9756240156016
b01ae,b01,240.3040804447473,637.2113558502765,2461.4797344862227
b02ae,b02,282.9392856872781,825.5127306215932,2489.8228913709218
b03ae,b03,214.77792452708383,619.4831934495122,2771.826540674128
b04ae,b04,241.4897017358526,706.2443044935138,2669.4278056919907
b05ae,b05,204.44000830221609,717.2955168053103,2654.874592520655
b07ae,b07,265.73343315834614,779.3161917719442,2229.4673729883666
b08ae,b08,215.1955655889198,841.8775054477029,2523.7260378924125
b09ae,b09,219.9632435789822,682.4031562453279,2630.001502678745
b10ae,b10,205.5119483346517,668.2086995012796,2624.802432701767
b11ae,b11,208.00064013046463,653.6991134264827,2563.3145358564875
b12ae,b12,250.06123738243397,726.4675391883917,2532.809672583536
b13ae,b13,218.5755314974472,727.898566055263,2621.2234662311184
b14ae,b14,201.57196917212264,685.8553856047927,2561.88218798434
b15ae,b15,277.7480156690213,604.3310671932867,2640.318333290233
b16ae,b16,192.93594230738324,752.9630384306802,2258.020779287193
b17ae,b17,247.8735714520877,712.1851473361567,2347.1725725929064
b18ae,b18,254.11995143777327,725.8559812716123,2472.599528681158
b19ae,b19,215.55603334196888,715.8403825196343,2718.042284329627
b21ae,b21,211.0097696002898,757.7251374697336,2428.380157270539
b22ae,b22,228.07994948572815,664.7776683209524,2542.798554043909
b23ae,b23,266.90552660563003,789.3726085076825,2648.510819966738
b24ae,b24,208.95302889865516,549.3050595401292,2706.4160046776124
b25ae,b25,323.10646982641003,633.9751714736527,2471.465966076168
b26ae,b26,220.82074792479,635.8725154506676,2575.45621850596
b27ae,b27,211.222834554072,647.8396945734377,2582.079597194813
b28ae,b28,227.95139875072607,675.3099230299607,2467.698381314057
b29ae,b29,221.63789458294704,821.8986292715994,2451.577535422284
g01ae,g01,245.56497456205497,722.3714566981173,2424.94655498166
g02ae,g02,243.0156299264737,695.534608582764,2876.3737412617343
g04ae,g04,255.1043776403552,912.5077776326748,2513.46320467149
g05ae,g05,226.57098718488936,673.854435877728,2635.4345829696017
g06ae,g06,221.6083816276974,776.417226434858,2422.85560494095
g07ae,g07,240.88074390422676,702.3752956083844,2375.9101728787955
g08ae,g08,263.8873779487338,685.7171363778214,2801.268771459519
g09ae,g09,263.2818406434822,760.3667083420313,2370.0293427657302
g10ae,g10,243.33878739380344,921.1559949404008,2610.536608329948
g11ae,g11,234.5450439230929,689.5224545521415,2453.9602609335143
g12ae,g12,255.6521354496972,763.0346588826923,2552.4151280793394
g13ae,g13,251.96301840980212,749.2831405336792,2519.255976030081
g14ae,g14,194.41580037120823,711.827948372346,2365.734526082844
g15ae,g15,228.52616776071196,902.2098328340596,2566.4255033435825
g17ae,g17,223.3431890200848,722.7483263138892,2484.536162399077
g18ae,g18,219.6371435046733,591.3926663317807,2644.7634969619694
g19ae,g19,255.69555762217632,713.4316291683741,2720.29310409592
g20ae,g20,230.52264523138928,754.0572996369912,2718.7633213365
g21ae,g21,233.28748052667305,649.4724556070387,2859.6388482044435
m01ah,m01,159.782222557613,780.5715128519798,1277.2770490018113
m02ah,m02,103.4222446134946,761.7970298505384,1168.142753231193
m03ah,m03,98.37273033355866,741.5081566692292,1142.524934871782
m04ah,m04,126.78006849713888,815.8263849902207,1221.025638153107
m06ah,m06,113.93719876945144,871.2165532570896,1269.8592704417565
m07ah,m07,99.1828869662213,748.616537772294,1311.0534463140837
m08ah,m08,115.99213023950338,742.9078326222342,1309.8873176808218
m09ah,m09,119.89795417062034,754.6452795134334,1425.470276330643
m10ah,m10,153.34875228994252,787.0076247921547,1278.4820926774153
m11ah,m11,144.57428085043594,808.9039891542639,1409.980655592418
m13ah,m13,105.0772434010083,810.2743302353831,1435.3782155985837
m14ah,m14,100.04327875596849,733.7110571166194,1333.4801804056085
m16ah,m16,146.71672043463298,669.8065007108584,1219.1404350066218
m17ah,m17,136.77761980960778,661.3943040471503,1034.1850507738225
m18ah,m18,135.98549047409955,713.7195717009542,1275.7958894843605
m19ah,m19,148.9959168791896,790.9469768263292,1353.7414660528457
m20ah,m20,133.0755817359429,746.6628403916825,1499.3382246000087
m21ah,m21,117.9314652835006,776.93507445633,1387.0746128054466
m22ah,m22,117.3686637773662,803.1466948077943,1394.0757875398854
m23ah,m23,106.55599967773124,793.5729702939509,1326.1416002668009
m24ah,m24,128.536415589484,800.6851995449033,1262.683874379204
m25ah,m25,113.51033865620413,677.7448332853008,1236.7207938661636
m26ah,m26,122.24607488189216,702.1509679333076,1370.10329837863
m27ah,m27,106.45445507671296,722.1593947617913,1398.830828537528
m28ah,m28,174.59086417966816,785.9358316019378,1148.9140553437185
m29ah,m29,122.7076172052005,831.5289021359043,1425.5326604608722
m30ah,m30,100.74046175990544,681.0280399712177,1332.0162178322578
m31ah,m31,158.5445797738202,711.036442787526,1434.4947860055777
m32ah,m32,146.76693704241853,722.0391859921141,1290.6188856414192
m33ah,m33,131.36360080111444,814.4454514879669,1379.1890440859345
m34ah,m34,114.06036183220642,707.9402654514746,1354.091423605901
m35ah,m35,111.14564593466946,743.7427811649197,1279.7727740702285
m36ah,m36,115.8873487841714,731.013806595503,1395.7880978473502
m37ah,m37,129.53375511608277,708.813027741515,1344.7045102903269
m38ah,m38,147.00680239212184,691.9026800245489,1306.9765968891109
m39ah,m39,138.9709883244738,914.8463492389526,1401.1981112558287
m40ah,m40,122.36184500285144,744.5099634272699,1361.1552335951474
m41ah,m41,137.491267610994,704.526194908502,1343.0276993093971
m42ah,m42,139.93948801006042,812.9074203497589,1322.535192946902
m44ah,m44,97.2843734578461,804.4175775850598,1321.588748484954
m45ah,m45,179.17740052343592,846.2889217740966,1288.6255790209636
m47ah,m47,120.2624345654568,672.1910114997838,1203.7777800680572
m48ah,m48,120.6569778426305,692.0748216163176,1326.651210995787
m49ah,m49,126.48324823207156,790.3721370451975,1315.2907841858157
m50ah,m50,108.00248574055324,693.2113558237517,1454.683415149642
w01ah,w01,215.06124181050612,968.3372592982304,1422.794450034864
w02ah,w02,210.33375157152025,902.8253840692512,1703.277498180344
w03ah,w03,200.63772972049117,1007.8203392856856,1597.4428519184758
w04ah,w04,215.8555654668685,815.9683611308579,1494.5268595946002
w05ah,w05,229.59810991902447,911.2277445376844,1456.440607403171
w06ah,w06,211.94708557721196,818.4701131531821,1437.139774451285
w07ah,w07,176.47953044454783,904.7471654197668,1222.0412100887463
w08ah,w08,242.9600508208584,848.957380369367,1721.6055526511177
w09ah,w09,238.6820080788717,919.4837255347632,1493.9756477849303
w10ah,w10,224.5851865705948,866.3611828519225,1525.7437669600974
w11ah,w11,194.31471244273183,905.5112889803836,1454.4355100381645
w12ah,w12,222.7320756520137,919.638044946139,1698.803468138646
w13ah,w13,227.37933795976969,903.2694098699866,1535.25946930579
w14ah,w14,211.10209041790867,909.4043011349496,1516.5644756411575
w15ah,w15,226.7336389659409,921.9552665499576,1620.9586273530929
w16ah,w16,193.3539615112996,997.444480145694,1735.645840409648
w17ah,w17,205.9778404459241,934.777350413859,1641.4812014167906
w19ah,w19,240.29462943800672,930.7855693356458,1654.6709072183164
w20ah,w20,195.37005726079929,802.2546417563516,1342.2838338903418
w21ah,w21,215.6864395041236,773.234970801249,1478.0283610577987
w22ah,w22,177.36283908071923,985.8457297641648,1495.646646443233
w23ah,w23,208.6013147044368,913.0290291462838,1570.4375675980673
w24ah,w24,260.4185710648842,1048.6029204411475,1686.4414473710526
w25ah,w25,216.0257202315198,926.2365945436818,1323.996891942738
w26ah,w26,175.77328920543016,822.2772869424006,1419.7669203813546
w27ah,w27,251.73365258151543,886.9357912043686,1754.3191830751955
w28ah,w28,233.54416458152127,888.9896286952338,1586.8079100201453
w29ah,w29,249.8429927850409,936.4591781782804,1453.7550347598958
w30ah,w30,232.470816911564,952.8288602310791,1629.9778756556827
w31ah,w31,198.50217318773173,878.3217481665794,1608.3851030466308
w32ah,w32,214.88409646497024,706.6227589994462,1374.008678153552
w33ah,w33,242.55854845484805,961.5905107758632,1231.4642453415304
w34ah,w34,208.5760188259614,965.6464973343992,1583.0428461057709
w35ah,w35,201.03977287429288,994.2563710531788,1514.4596947633515
w36ah,w36,207.73872929439105,938.0180470908784,1640.8472992820778
w37ah,w37,175.15619761592572,829.6588910516688,1329.2749856658622
w38ah,w38,216.14755920117943,977.3979013339876,1670.4081409837654
w39ah,w39,212.6607679094409,934.834850213692,1400.3923579489592
w40ah,w40,198.1925356152804,802.8097352978513,1426.800867165568
w41ah,w41,202.94937833407784,913.7680006325916,1564.8122997457465
w42ah,w42,227.49799436124704,876.7535950677734,1582.3138297355936
w44ah,w44,213.941350501929,926.712596974724,1539.8121805316066
w45ah,w45,196.80624977545096,924.4264926048824,1430.1652835333362
w46ah,w46,148.1851747774221,942.7504583928086,1539.1013449959823
w47ah,w47,207.4521777304193,964.4273902180496,1542.4617383793225
w48ah,w48,218.91471254135897,812.2610738230023,1504.598789701486
w49ah,w49,221.14216765172552,983.7138696437944,1163.52586016286
w50ah,w50,236.200178306446,876.9581058876929,1427.3784860991211
b01ah,b01,239.3028391533115,953.5278602027672,1759.7411533513737
b02ah,b02,272.7004359012197,1042.1296409467304,1707.2960535323502
b03ah,b03,215.75121509699076,1225.4721866835575,1830.4596680041875
b04ah,b04,246.97608766665,1051.6429086367905,2043.686270490619
b05ah,b05,227.74792989930503,1066.888585000301,1991.7308855955496
b07ah,b07,303.9929303610768,968.0848349745404,1706.6823111895314
b08ah,b08,184.2662707352821,1013.1801775975672,2369.674300840478
b09ah,b09,233.9088648550893,990.36494014993,1591.4280787165994
b10ah,b10,207.23652331055615,1183.054828925276,1898.656391068815
b11ah,b11,201.48403548806436,901.7185248931124,1666.064491569985
b12ah,b12,259.2421734846669,983.8536592274132,1886.256899098656
b13ah,b13,210.9258797139797,1045.7760619514786,1765.210279906743
b14ah,b14,200.8420092030293,997.0068948353334,1571.6889096270706
b15ah,b15,285.5399296599403,881.1519731147469,1979.4546444653504
b16ah,b16,186.4565654958447,898.1004745181691,1684.000939328164
b17ah,b17,245.11804940277605,978.2000775740494,1642.3786229862176
b18ah,b18,255.7811309995062,1079.0003580431253,1759.8974521490522
b19ah,b19,225.0274769851052,959.0206942757156,2051.0554141124253
b21ah,b21,225.0833995293054,1151.3126099606172,2083.813674387697
b22ah,b22,262.98208850300404,1208.7606794373223,1831.2913837938236
b23ah,b23,279.0942898024901,1133.9976135141026,1691.522818052279
b24ah,b24,228.12453027738252,1122.8308759984288,1571.24105499204
b25ah,b25,222.81253229364307,921.7542077107246,2188.434366296606
b26ah,b26,210.5724154268986,813.5632923093624,1491.4651973936964
b27ah,b27,224.31094266945007,1293.0962123607935,1794.3067062446198
b28ah,b28,221.6045404224168,1089.2717422401877,2142.081862116433
b29ah,b29,231.4996279877846,1112.8248500021664,2178.44890367885
g01ah,g01,238.29302185959887,1099.0354003597215,1946.343223285185
g02ah,g02,216.3073695643185,1070.4800409837355,1868.1082913326168
g04ah,g04,250.1132395065628,997.8393329687016,1755.8321633277358
g05ah,g05,206.46438535232,984.2762946009154,1862.9894084588984
g06ah,g06,225.3141348541856,1035.992267494548,1541.9646921845529
g07ah,g07,227.42631980348463,868.2070719725202,1830.5258037865813
g08ah,g08,250.08114195389743,942.4226624998064,1864.3044194141944
g09ah,g09,247.82078936923415,1168.7404206305712,1698.6224875099963
g10ah,g10,227.34840976147495,957.8113181407396,1854.4679482874265
g11ah,g11,241.10933710898803,1117.26259344535,1540.0970782836157
g12ah,g12,205.02255757797215,1031.3108154211093,1835.8958841493209
g13ah,g13,248.46932775495728,921.5909920009856,1772.7751700675324
g14ah,g14,191.2692476163211,927.4903827964736,1434.4509023723983
g15ah,g15,235.56324578701188,1547.9806130808483,1879.0020885495428
g17ah,g17,247.8144208629732,1072.0468845187477,1739.6597984253194
g18ah,g18,215.0083381028856,927.7322862744072,1879.6637061210347
g19ah,g19,235.3861072565361,1062.1750180894226,2083.5098027686386
g20ah,g20,239.6295411280024,979.1833895336264,1490.6778794183783
g21ah,g21,215.4977300196201,948.7238117619372,1553.916056662552
m01aw,m01,173.99738856180008,674.177327474255,1020.6490290812154
m02aw,m02,105.30041105231663,629.8695907629082,898.0637981219959
m03aw,m03,92.5002640833667,651.9845142768332,949.6868638522592
m04aw,m04,130.16731048713658,669.2672113978908,979.2643924189762
m06aw,m06,119.00853040864015,783.4081198216319,964.8559234288152
m07aw,m07,95.43956113798046,650.431237784899,973.3364314879524
m08aw,m08,119.93944990487776,650.1300082503749,1072.62868658557
m09aw,m09,120.86315307146296,619.6073415416057,1067.491786850861
m10aw,m10,149.97081804094032,647.1857886800184,962.8250129982872
m11aw,m11,159.45127456881937,703.7016267884025,1125.6410708826295
m13aw,m13,103.6404463030982,651.0880442923414,1017.6612855595567
m14aw,m14,107.31045776356478,657.3001366071452,1037.1921355047375
m16aw,m16,142.29867134986702,632.8672602277277,1086.976898727865
m17aw,m17,144.17320786672582,633.7342342892166,973.9893695387572
m18aw,m18,144.71986834326395,650.9823961628052,988.3716768986808
m19aw,m19,154.37062131007332,652.6243748807722,1033.310279242185
m20aw,m20,137.34629491213894,692.2838608570092,1100.5209714515754
m21aw,m21,106.07059026361962,642.2767405911874,1049.196824321626
m22aw,m22,119.533030788008,703.110577739168,1152.1795411403807
m23aw,m23,109.32132797413264,676.0164025694411,1004.0982875593274
m24aw,m24,126.5687430976509,688.8639124102642,1103.7409559035066
m25aw,m25,107.56400111749323,602.9413183044752,962.5944426563988
m26aw,m26,111.64827700784512,648.2388295912915,1040.908924065925
m27aw,m27,101.95583707870078,667.1099096691069,1053.694514214954
m28aw,m28,122.22742075954623,646.9767748784072,1032.3468575213085
m29aw,m29,118.65992974857365,706.4776646208721,1076.1222389084555
m30aw,m30,91.47186598836352,618.6375768460435,1048.6601449855789
m31aw,m31,153.7506281731024,631.524474727499,1108.0234604167829
m32aw,m32,143.21282559497607,623.7449722662543,994.4454479868036
m33aw,m33,132.11527423896106,648.6184355421569,1054.1343272167903
m34aw,m34,113.92461460077304,615.9730929898387,1004.6077288904636
m35aw,m35,107.59715679518044,657.9550377951366,1069.544006777141
m36aw,m36,113.9757805696305,655.3202264115898,1079.0353846681714
m37aw,m37,130.20023058494598,603.0212626990493,991.273435920895
m38aw,m38,142.52212336710429,635.1635678555449,1098.8247778149423
m39aw,m39,124.3110148938328,657.8968220632984,952.2512894035966
m40aw,m40,133.0226010441124,628.0782265343812,1135.0508914585594
m41aw,m41,133.54525277782886,685.4995847972135,1086.4355622109626
m42aw,m42,124.03761650698284,662.374543411916,1005.2622834112472
m44aw,m44,99.1338114824184,680.0069533087483,1023.9611041022
m45aw,m45,183.10959054470132,699.5980080799051,1051.963433289219
m47aw,m47,119.99256528295386,598.2559809168795,1011.1293446680664
m48aw,m48,117.77974123200184,606.6407573090203,1072.8087829660883
m49aw,m49,121.91029896552809,646.9081117882805,945.6031725011486
m50aw,m50,108.04609326115,671.5511952837201,1148.6428613162138
w01aw,w01,219.2017973647457,784.0857221877344,1190.999860573915
w02aw,w02,213.75076172682256,772.7149222784685,1273.5285633884946
w03aw,w03,144.5027604093147,775.7097986330002,1080.262834532586
w04aw,w04,205.62520971097368,779.5230324498344,1266.3401017666897
w05aw,w05,229.687942583616,857.2637149803131,1320.5388318614034
w06aw,w06,215.050216132072,799.9499201648488,1258.0468299771828
w07aw,w07,175.6438081189362,773.2641042917614,1118.7448029508903
w08aw,w08,242.18971487858332,838.0593894956787,1446.1966425741523
w09aw,w09,239.3114048347532,833.3346883622925,1110.6801433591563
w10aw,w10,223.80023416036732,780.7851398375087,1219.3710496286983
w11aw,w11,203.14367895942817,732.0944979489652,1121.1935269895569
w12aw,w12,226.6507730142068,819.4929118904328,1251.6214769252758
w13aw,w13,232.78460973468168,730.6838322588943,1201.356106186347
w14aw,w14,224.88502674431635,735.1989503820647,1116.9532991881265
w15aw,w15,241.2741547116007,765.9887891711834,1202.5514406474751
w16aw,w16,201.4808816069332,887.8183771074987,1242.5186936608236
w17aw,w17,211.18138440207795,783.0065250466381,1183.3694115907908
w19aw,w19,242.0429094228685,805.7638621341357,1189.762949661759
w20aw,w20,190.24496543568523,703.2215239612391,1135.734584796656
w21aw,w21,225.8143452257609,714.4288893194296,1179.3729866886156
w22aw,w22,190.62890909673607,741.1602915511256,1140.7657086978431
w23aw,w23,176.33448443543114,811.6282640416754,1281.2861236984995
w24aw,w24,247.12846722393425,904.9759742662968,1505.9233473335344
w25aw,w25,204.5036086757559,817.3814612667746,1308.0371198481903
w26aw,w26,187.4178175353336,675.746454623061,1078.9384296928797
w27aw,w27,247.99811266843523,833.514450079839,1233.487853696313
w28aw,w28,220.01142791007763,852.7816699672072,1499.645024307978
w29aw,w29,213.63113715313477,712.5213332792574,1050.7903741941386
w30aw,w30,233.5309940737636,866.0045363698322,1253.154512374341
w31aw,w31,197.9650986798574,781.4885994519773,1271.965194859299
w32aw,w32,224.81735591835937,750.3748297099578,1205.504316838448
w33aw,w33,239.7532400355568,909.0761920768466,1408.5582719683632
w34aw,w34,216.6021055601566,798.4521802034185,1166.5401005979163
w35aw,w35,207.8184112439752,788.2635615101163,1207.3753118436396
w36aw,w36,212.1620671973672,831.5217444909102,1226.571522415258
w37aw,w37,196.4723250850965,780.995886277636,1081.4738280609283
w38aw,w38,224.0722034337805,832.0688967594465,1260.9789336218864
w39aw,w39,209.2651296324144,756.583438141794,1106.6429524223363
w40aw,w40,198.389707097798,708.6328062681719,1045.2882388194162
w41aw,w41,198.90815739780984,795.555006582512,1034.4013020825662
w42aw,w42,242.5409399948049,842.5170375248719,1254.1700528482772
w44aw,w44,224.129326385238,761.1418751787977,1087.2591308412143
w45aw,w45,204.08816157023887,792.94447907417,1103.1088036995552
w46aw,w46,162.66112570240242,806.3627250207635,1173.5337463605872
w47aw,w47,208.33420382792733,776.994021362819,1138.2203540692265
w48aw,w48,222.94415805641748,730.4127496643056,1159.296804161135
w49aw,w49,223.4103764951835,674.0536701150654,1058.3423606560382
w50aw,w50,245.826842084747,892.7487711912082,1138.470128192646
b01aw,b01,246.210578031974,873.4963858711944,1557.1461533303018
b02aw,b02,264.1155449288639,833.9479182798676,1301.3902045151744
b03aw,b03,207.0186465827437,1012.495534960538,1879.418965900077
b04aw,b04,244.52052083387036,922.2937297888408,1471.2545289681275
b05aw,b05,202.3793669024958,864.1348146320097,1935.2991532051683
b07aw,b07,302.71103374915924,963.2800888612742,1431.0236283960655
b08aw,b08,205.2056854362465,876.4694375836524,2882.5516041155474
b09aw,b09,237.2962946857301,974.3327345759964,1311.8705302130943
b10aw,b10,209.31907096428785,749.5651529750706,1331.203276373032
b11aw,b11,203.51327111478275,915.2982031475494,1711.8327092042853
b12aw,b12,252.3413294080063,953.1855468656488,1922.3147762226797
b13aw,b13,213.0462723040201,912.3696761137496,2662.1512085219806
b14aw,b14,205.2320838480761,932.1046767814502,1291.6009642496574
b15aw,b15,258.94688486396734,809.1722016271676,1359.458449649284
b16aw,b16,204.78595358780743,767.3906265237848,1599.112080535812
b17aw,b17,260.7706547678256,886.4475999488262,1277.6835621323166
b18aw,b18,246.48696693084847,1002.494353469285,1845.00734942188
b19aw,b19,225.76555312344345,968.2412013378035,1936.7629263569224
b21aw,b21,240.2404898692677,903.1256833610156,2579.301635078588
b22aw,b22,252.0909402916985,816.2825805936864,1949.0553050381504
b23aw,b23,274.43718523989475,1025.0479202799224,1115.8197679579694
b24aw,b24,209.21106716634108,890.3335628337991,1956.3146654585328
b25aw,b25,218.468831936262,806.179663090951,1382.460682362121
b26aw,b26,221.08890804364384,711.3183336490633,1303.838640936305
b27aw,b27,216.02892127279225,835.9485010527527,1292.9677531139575
b28aw,b28,187.04280951121203,778.8567129615789,1716.5407912838257
b29aw,b29,218.45483953571855,982.4127112111364,1729.630810030207
g01aw,g01,242.5175626674042,944.0190718505568,1431.2527271816698
g02aw,g02,219.36608363539452,833.0781439755262,1472.1134901902717
g04aw,g04,244.18281324459764,982.673998512348,1446.2507912934484
g05aw,g05,209.75503551009555,1012.1163444343522,1710.916762398258
g06aw,g06,225.00181191465853,1045.8530528555796,1219.9299606442016
g07aw,g07,233.09253420062984,787.957154363981,1473.817182772715
g08aw,g08,269.153456262418,855.4402912828239,1455.0692122192677
g09aw,g09,298.9969454612511,984.1867004451412,1470.094940733866
g10aw,g10,230.2129445707205,880.552217246864,1508.0728354694402
g11aw,g11,231.7650115849369,1003.9413755466768,1434.611795838617
g12aw,g12,238.0997646636077,968.8110924147824,1670.5115550913688
g13aw,g13,237.0750241257628,839.5840652686214,1350.6738109867208
g14aw,g14,210.1636467977016,934.885157216238,1154.4029017694388
g15aw,g15,238.5821798662429,1146.4594293579355,3236.038340828747
g17aw,g17,236.44238573580668,901.832598930315,1504.478225357498
g18aw,g18,214.7348853887499,892.6575008579225,1320.5043227963129
g19aw,g19,220.10456693697805,875.8126810230668,1290.747905689864
g20aw,g20,257.43144383682187,957.7357797995572,1236.5195698648713
g21aw,g21,218.36616756528448,819.237928892847,1403.0652711596804
m01eh,m01,170.32063115318869,609.4882880223074,1911.6354024144184
m02eh,m02,108.93233747390629,539.6875220967868,1874.2806916940715
m03eh,m03,94.23113417448708,554.0304630884392,1705.4364160485172
m04eh,m04,126.6546748825457,681.2210945054344,1589.7644488248852
m06eh,m06,121.11836112022932,560.2517952909492,1812.243096071875
m07eh,m07,104.32066709683396,577.2045622658172,1894.1243334286532
m08eh,m08,127.55254528384587,607.1236840074865,1755.286737323892
m09eh,m09,124.99835214035475,574.4117915900235,1727.3915132105865
m10eh,m10,155.58443774701394,609.1299425921983,1745.6766141602825
m11eh,m11,145.80251636521487,587.0889908414953,1718.8824149239974
m13eh,m13,102.58458125787222,599.4119077803088,1841.2109521480636
m14eh,m14,110.27427176465012,588.4696145095724,1818.338933750588
m16eh,m16,147.99055570105352,542.7624121830404,1716.3402349792689
m17eh,m17,137.95144636644497,540.8607174593013,1780.4453278774
m18eh,m18,134.7483290981086,618.265453292641,1832.18936540301
m19eh,m19,150.10753386052247,572.9375248472576,1826.017612490621
m20eh,m20,135.94001054872774,600.461072913659,1759.6761746978316
m21eh,m21,124.91604856945078,588.4335086886765,1613.3397399120963
m22eh,m22,123.19824122515526,635.8305206474853,1786.0692379056943
m23eh,m23,111.2142737827449,631.5191796470488,1784.989558442747
m24eh,m24,118.82927689631146,619.5637662549902,1863.1249521952748
m25eh,m25,105.71744909894304,561.1343400532113,1730.637945840397
m26eh,m26,114.15126509557956,612.5334876244082,1673.2428477082494
m27eh,m27,105.53600318462236,641.5583533790156,1860.3398446276212
m28eh,m28,129.5792216449157,660.8073554345585,1865.3467062085504
m29eh,m29,117.23632631236892,612.2896935505223,1824.4911304385437
m30eh,m30,99.3881138495655,569.1376199266311,1762.862902351106
m31eh,m31,145.31903104267127,579.5950847964428,1751.7249829878715
m32eh,m32,148.36855217002645,606.0257349473678,1827.1314191976387
m33eh,m33,130.56090324779254,585.9320723829065,1761.0481848615475
m34eh,m34,120.77378828319463,539.9422192444107,1714.5772100430636
m35eh,m35,111.36920739571671,523.9102521521801,1773.7319809270714
m36eh,m36,116.7144038127481,577.1955773639176,1858.2168964440184
m37eh,m37,131.76834254016154,585.8121862560126,1692.3507322905175
m38eh,m38,135.61327741789762,599.3333452091198,1775.6848103729924
m39eh,m39,148.4750608601386,633.3657112678573,1850.97110590732
m40eh,m40,136.04819066529086,616.2522125142186,1936.989072367324
m41eh,m41,137.43117250862733,567.7080836510723,1611.518365229686
m42eh,m42,151.04140637576558,602.6262290224911,1781.2225127849524
m44eh,m44,97.32869520892277,562.4529922292353,1721.8283095568215
m45eh,m45,185.95504711927708,706.4758049533334,2286.2495139175053
m47eh,m47,124.74136409569071,529.9991361104957,1601.413369993299
m48eh,m48,121.92202005274072,581.5020376203872,1814.0487360991024
m49eh,m49,112.54458460847876,555.2238977320204,2001.122272878498
m50eh,m50,113.23606017699588,574.1260618852907,1889.820103272585
w01eh,w01,230.9498035495644,750.7547685914642,1961.895241992121
w02eh,w02,198.3297531838479,748.0043978386796,2168.8288311057468
w03eh,w03,221.4242105566603,724.0487398964949,2016.879271548529
w04eh,w04,217.1839805377648,712.3470701585618,1994.7479607979585
w05eh,w05,229.0466035027068,771.148622923943,1900.8665357893208
w06eh,w06,214.9694134658352,717.098829586026,1888.528874144026
w07eh,w07,199.052578465474,736.5385885341492,2092.035914176923
w08eh,w08,241.3865847977744,747.3588526074939,2107.534121516509
w09eh,w09,247.6551168829127,708.633093625761,2131.2448691207182
w10eh,w10,232.89052623164372,703.1787049487918,2028.292840335875
w11eh,w11,197.94571068455625,757.6567896475331,1937.9058803756689
w12eh,w12,210.2231099072663,693.1011426724785,2332.210239101333
w13eh,w13,215.4800105922272,672.7705452580858,2127.231760305199
w14eh,w14,229.95895424533225,837.4711542830345,2246.5768504689013
w15eh,w15,222.7177848643204,711.8958535289801,1985.760963942505
w16eh,w16,198.60998551774915,771.1918350136411,2084.061008577597
w17eh,w17,216.9589855067852,755.2946176743889,1925.1596346648316
w19eh,w19,238.3456964535502,762.9622093312792,2002.5747184896447
w20eh,w20,177.7526142517779,712.1773495190666,2156.1114902042737
w21eh,w21,236.4192443531023,737.6204590022822,1869.619190905076
w22eh,w22,184.051719658149,612.3985887041746,2161.710000237187
w23eh,w23,209.74616686445836,760.8966420756718,1877.129836959111
w24eh,w24,253.3546325522144,840.7404293835184,1687.8778546706612
w25eh,w25,209.40706188345487,799.7100482470466,2029.3556578863463
w26eh,w26,201.95379677153028,615.9542387577351,2059.195822819377
w27eh,w27,248.36724182791613,749.823355792332,2032.9506486637447
w28eh,w28,222.44998584018688,698.7048076970626,2018.99884451546
w29eh,w29,205.42058747169003,598.1757294096423,2385.6234365769565
w30eh,w30,242.088311854905,887.5035915863145,2065.1103203889074
w31eh,w31,217.6468413894349,588.8367504542466,2133.4096756198805
w32eh,w32,189.53884145369875,735.0784575689628,1587.8811116943905
w33eh,w33,238.10195979170788,884.0357449434839,1652.2303903135107
w34eh,w34,214.89948261666984,804.3048241978428,1977.258556489372
w35eh,w35,202.603100880025,708.5977211578861,2036.4707038801985
w36eh,w36,205.94460189612545,772.1148504832717,2021.045457902044
w37eh,w37,193.5180876167883,702.8100530893098,2157.7566525820143
w38eh,w38,209.7630237613873,719.7201546492602,2080.176148983696
w39eh,w39,195.468394955408,718.5395583957237,2015.970422269428
w40eh,w40,186.0941228644901,720.3284817748329,2091.9742860925835
w41eh,w41,221.2476605833543,703.2368012180904,2278.8633894881464
w42eh,w42,209.28418383467152,622.0131163414192,1873.36851762919
w44eh,w44,220.9667422086568,724.0494910367761,1950.9801004285364
w45eh,w45,198.5482423052213,765.5198052224197,1973.75009355544
w46eh,w46,169.45971673524704,697.2723830089844,1687.8157294659438
w47eh,w47,216.43244412846428,754.0679840530157,1911.7502527292247
w48eh,w48,214.30504646506745,675.8479367801613,1834.0421456151207
w49eh,w49,221.07806817861524,735.8052782038998,2236.878849085863
w50eh,w50,221.99580345332652,824.7582098526077,1958.0838841870277
b01eh,b01,214.413181751924,695.5907668770951,2103.5306367612725
b02eh,b02,279.54025669841457,665.1805538631428,2299.9354483579987
b03eh,b03,193.4032810421639,742.1650665065555,2347.781265494932
b04eh,b04,245.30128846544625,725.9342306550817,2467.075778135763
b05eh,b05,217.82256641515391,753.4515710879376,2220.6555972536785
b07eh,b07,295.7983648493393,876.3541871174706,2121.818005616966
b08eh,b08,207.82520526605708,608.3507224366665,2567.965722767872
b09eh,b09,236.99647739657945,719.201707413199,2273.371546803201
b10eh,b10,213.44797979487785,653.2514654140928,2532.3768480198464
b11eh,b11,218.34219669026305,814.4420157966281,2194.808987389625
b12eh,b12,246.34656958802725,735.7419188279137,2359.1792760978806
b13eh,b13,229.62737257021945,675.0499378165482,2329.6882774163146
b14eh,b14,150.1516065960301,764.0829231141147,2244.355037612349
b15eh,b15,276.98676193651755,728.5042401686133,2231.185988536504
b16eh,b16,200.63442163209828,622.50051090184,2385.772568860767
b17eh,b17,242.03600655762136,735.5719609428525,2012.462392304001
b18eh,b18,240.84551436902257,742.7971658729826,2044.130156673056
b19eh,b19,216.23658000198247,638.5547843780485,2510.090695300089
b21eh,b21,203.2931145658972,692.557895995801,2167.7004266769045
b22eh,b22,244.80901595555565,718.2558773666107,2235.0287325523686
b23eh,b23,271.86677220280075,1022.5114106562472,2381.759701270464
b24eh,b24,214.8697976144388,709.181172962195,2272.077295653593
b25eh,b25,234.3542702373913,730.0988673985814,2330.806500562315
b26eh,b26,213.54174804873676,680.487084023922,2265.331636421782
b27eh,b27,232.9045603944426,731.6171923726943,2322.507114305628
b28eh,b28,225.7428523609519,735.1553488366802,2289.856017367418
b29eh,b29,250.58323406008805,827.244745568154,2360.6341483370684
g01eh,g01,226.66002648558765,713.2340039578578,2382.533081973781
g02eh,g02,228.53154561711213,906.1719149236668,2223.957439309633
g04eh,g04,252.46001699365493,767.0225182024076,2392.822494148289
g05eh,g05,226.3333319816666,790.4024688643605,2277.0657025738137
g06eh,g06,222.6019433264944,692.4639336725671,2245.931983616809
g07eh,g07,230.8411054293545,628.9204052873754,2333.892155693965
g08eh,g08,247.714198697173,715.386716732711,2437.4213099524018
g09eh,g09,237.4580017179941,773.0407833580314,2403.707585322977
g10eh,g10,228.79429152280144,804.8352099573231,2424.054652700529
g11eh,g11,225.6381777451168,735.2538297726842,2220.915094124457
g12eh,g12,241.246829466308,769.8738587667501,2347.7594287887578
g13eh,g13,265.3558804967804,767.2046025802197,2448.135169707764
g14eh,g14,211.25766198643788,597.4666279519063,2401.8181651623267
g15eh,g15,226.9518667043916,894.2642159106126,2647.617010060921
g17eh,g17,257.31326810699727,867.6528818432295,2261.677533666105
g18eh,g18,205.0369383984468,713.7006802836391,2476.3835791128963
g19eh,g19,233.37489906234325,803.6780885624257,2283.950030055244
g20eh,g20,236.47299390124917,850.6048859671264,2524.9019040241933
g21eh,g21,230.3969850015531,729.0614744627054,2432.9056645875376
m01ei,m01,164.7454057624715,496.5338118207927,2117.4092738156364
m02ei,m02,110.13373204633103,466.6001201004657,2051.01046594052
m03ei,m03,92.31465177056462,447.2328470521404,1997.3528819749704
m04ei,m04,133.51337991272177,504.69543195748406,1820.094705538212
m06ei,m06,121.615716926104,500.0171595651936,2008.4482269301448
m07ei,m07,101.42161529506744,536.84534114475,2179.464548254145
m08ei,m08,134.1009889167947,538.9527042414219,1950.1301028276275
m09ei,m09,121.6237551584266,465.5537554043189,1941.79258247012
m10ei,m10,150.07476221422473,450.1186571892837,2041.915954978496
m11ei,m11,138.9948996153306,437.2985638450356,2082.365481545174
m13ei,m13,94.97099126548294,459.3351679537499,2075.4470886260624
m14ei,m14,108.07185886315364,519.1528359766571,2157.562258640583
m16ei,m16,146.64545280550738,485.4137732032238,1863.311862159877
m17ei,m17,144.93836002042968,445.11189298772825,2033.8743240019403
m18ei,m18,149.10467533549632,474.6620440907741,2052.99150852724
m19ei,m19,156.32786892963597,497.16046724429737,2169.994513513081
m20ei,m20,139.9159171950582,544.1205414252745,1953.3248323865864
m21ei,m21,123.4741313597735,424.6221031053056,2072.250005074701
m22ei,m22,122.43398732811993,500.77853614759374,2053.529244334587
m23ei,m23,115.80749504478962,470.7928038203296,2082.2219946335977
m24ei,m24,129.89111461442613,536.2199366806329,1712.4494288952228
m25ei,m25,111.89554821082832,479.21807733410463,1959.0435121159337
m26ei,m26,110.8068065300198,512.6351538183254,1886.4856480065307
m27ei,m27,114.36841371626818,474.5359825129201,2110.538526736276
m28ei,m28,122.41379456044498,475.1535616344507,2205.9606646187603
m29ei,m29,135.80984114617286,406.73389828234855,2248.644923925964
m30ei,m30,94.8872761916647,382.5579146692112,2366.1365176695326
m31ei,m31,151.52527030779666,469.6216998203215,2072.176343746639
m32ei,m32,149.6564269940698,526.9166071197794,2143.062167902102
m33ei,m33,140.8201563563386,472.04185120510783,2068.043578328675
m34ei,m34,113.78669023396549,469.01292922054586,2059.637630321028
m35ei,m35,107.75986602555396,450.1513024577726,1966.769739603176
m36ei,m36,118.7313960937766,475.4919561387828,1990.6764310518147
m37ei,m37,138.6055204183396,499.2434461755629,1923.643794047034
m38ei,m38,154.28285273182112,475.8831587638777,2060.57400268362
m39ei,m39,150.69450527829105,454.633010427531,2209.750986481437
m40ei,m40,140.65003616572668,527.1274953640005,1988.0535831045315
m41ei,m41,140.11654165719963,499.2436714145594,1908.4568385224795
m42ei,m42,137.45772357572068,546.661527619824,1916.9769811160213
m44ei,m44,101.53679901416844,503.4871258181537,1982.5628088905312
m45ei,m45,182.3853259055444,541.9580851522985,2452.9988045056925
m47ei,m47,123.11521140333748,478.1512513952621,1835.5860691759392
m48ei,m48,120.85320394798494,500.24014873547,2043.694017754602
m49ei,m49,133.76682072316845,447.75635484381576,2227.195845532676
m50ei,m50,109.62930369795194,485.3553885688758,2116.7155614184007
w01ei,w01,228.66642071773532,496.2998429578493,2444.091590794606
w02ei,w02,221.161766247582,482.9296710818814,2654.7983387023705
w03ei,w03,215.590060306066,628.192625440913,2451.4645846290023
w04ei,w04,226.8261864536213,610.7586394275069,2405.80882608964
w05ei,w05,240.39771377730509,482.5415379760655,1980.785619227038
w06ei,w06,212.6666880996804,463.49639167370566,2447.2022417802154
w07ei,w07,185.37797711800792,546.2944091894719,2480.018372063121
w08ei,w08,239.81430174236743,519.184394876273,2641.693581694318
w09ei,w09,261.28679891629326,522.4617309865736,1809.2705726733284
w10ei,w10,223.11787201353357,465.4310177033892,2440.876900396171
w11ei,w11,215.0829812362253,583.7733301381357,2283.609854186832
w12ei,w12,242.6965770711671,527.7249981817957,2398.745890935832
w13ei,w13,240.3620216731283,617.9231986444534,2441.0998547000613
w14ei,w14,208.8046038711093,584.0056962194683,2507.371178508424
w15ei,w15,253.23283256846628,518.1595968388425,2452.044659370034
w16ei,w16,208.7381207515368,609.1758641645029,2637.6216382650746
w17ei,w17,217.5573607809201,547.3161866840335,2467.891529874559
w19ei,w19,247.28957483792155,646.5820386761129,2414.2548353895486
w20ei,w20,204.44908580275552,575.5743673693461,2406.027401469242
w21ei,w21,239.3997689211072,515.091001397193,2190.3500141351624
w22ei,w22,168.55023143134275,539.4047554569871,2483.810023452266
w23ei,w23,217.3351627144072,523.0633474930619,2440.668646515636
w24ei,w24,265.83976265216285,614.7743988510891,1991.967169600397
w25ei,w25,214.48984926190403,612.9681460767749,2458.2487606017007
w26ei,w26,174.90647512915342,467.7453216499978,2389.0776397848035
w27ei,w27,250.56581735678787,564.0143679822484,2474.141489670478
w28ei,w28,240.74416035433944,545.5182177761146,2486.332767011073
w29ei,w29,246.9595871250554,539.5175445842422,2237.5532802655443
w30ei,w30,240.3519387176892,491.8069649611565,2648.179630266161
w31ei,w31,211.04815035868864,488.6588244639229,2427.4871022695816
w32ei,w32,156.40657054828966,583.6544376423014,2208.132715786992
w33ei,w33,246.3711171973228,519.7508473179518,1916.7656156123085
w34ei,w34,211.4905829886749,439.4500702020508,2622.008466119654
w35ei,w35,216.91053661676224,611.7458093705317,2522.193226533818
w36ei,w36,211.17541182717412,583.8632201840193,2283.2832019992816
w37ei,w37,194.61775872100463,527.0576981744215,2593.2319926977966
w38ei,w38,224.7367643424167,633.1109568162947,2494.453096706317
w39ei,w39,198.2088081015971,442.0166619525878,1980.404337943472
w40ei,w40,203.2845525163753,572.6277957176003,2289.4360046855127
w41ei,w41,218.90711865281716,558.0859643070127,2713.984627207805
w42ei,w42,237.17298775887957,484.8733750089102,2117.1916062954147
w44ei,w44,218.15903198044907,467.9273388004199,2337.6414492607773
w45ei,w45,207.421604294155,589.020211929848,2390.302507418171
w46ei,w46,162.75424436543787,497.114960135549,2621.0654818187527
w47ei,w47,218.00382564197068,486.5489534362807,2673.148178406345
w48ei,w48,225.2117236149191,539.9181453833377,2202.698405294115
w49ei,w49,213.47394008632335,469.3824014920636,2744.950802456662
w50ei,w50,251.077497081571,630.7974310851711,2463.9187190901785
b01ei,b01,242.837031556704,573.3299672448852,2708.846308345394
b02ei,b02,275.8088430426112,553.0397469863796,2641.061924355384
b03ei,b03,202.4734937826768,586.0936796057229,2796.015269036923
b04ei,b04,250.1606207333428,603.1035766645556,2547.5379095359917
b05ei,b05,213.7191690611544,593.3214550963198,2766.7997743829706
b07ei,b07,312.0035059397566,627.1973028451201,2717.244746728836
b08ei,b08,226.6414228357048,668.9262052337111,2519.523813288325
b09ei,b09,243.35773533350863,831.4100369904334,2653.962707334369
b10ei,b10,200.32811480410592,709.297097340657,2868.366849798611
b11ei,b11,210.26157940476511,582.8060505283933,2653.632886510674
b12ei,b12,260.6157652127356,588.1018868886222,2714.3479748338627
b13ei,b13,242.05046081911527,574.2968806482614,2670.2586566721725
b14ei,b14,205.39926957312028,508.2371078362186,2900.989125024564
b15ei,b15,267.80240801903705,558.6572451086205,2796.136666693392
b16ei,b16,194.69164728816116,573.7764957808109,2584.734153993015
b17ei,b17,249.34461769078283,512.5595256275401,2549.8258321734484
b18ei,b18,257.9711228584586,637.5997375213166,2471.367484179872
b19ei,b19,223.532073164832,610.886238995541,2705.0797248272343
b21ei,b21,230.1459078533009,498.7833201813198,2738.1005568564788
b22ei,b22,260.91578216140266,573.8300659465832,2668.113567448432
b23ei,b23,274.4367104714783,585.5843005130445,2812.241517252266
b24ei,b24,211.7286477225965,571.349875768155,2658.868912613429
b25ei,b25,217.65263075609116,517.7354976091156,2713.017552571032
b26ei,b26,232.14025335607096,623.0615800497559,2661.12347224317
b27ei,b27,238.4262260079764,503.788233238857,2908.8888936332046
b28ei,b28,237.6142197890851,540.1035984767927,2562.752840718797
b29ei,b29,237.54663577211872,662.3354861097624,2782.739712884551
g01ei,g01,245.31001984101604,495.8371337667828,2737.2875039515247
g02ei,g02,223.10167737726127,647.8596132370116,2757.9214587687093
g04ei,g04,267.7101570206058,562.1138845602131,2679.6081881255504
g05ei,g05,223.60203467240035,653.2610118435226,2662.185931166
g06ei,g06,228.8645740793989,571.3306052735395,2734.8906880964205
g07ei,g07,240.19552054506545,588.3458099238109,2526.969898250151
g08ei,g08,258.2253290169179,525.2397676350433,2840.4911678691874
g09ei,g09,262.33671786394785,567.4062305857408,2803.7594024296586
g10ei,g10,242.44605285248664,659.988549074799,2869.935810924618
g11ei,g11,244.7837076900393,533.7687373377696,2676.530854612776
g12ei,g12,276.9402038270895,614.0649146422286,2819.143838566913
g13ei,g13,258.11290162302174,550.6505710100245,2747.3875069767614
g14ei,g14,220.110829433947,607.8323959254807,2648.882424726127
g15ei,g15,240.3827485179949,543.1876906034333,2838.425601875086
g17ei,g17,262.1265076630001,594.4913237457855,2611.7320929939024
g18ei,g18,208.5937556242387,559.3860699221191,3114.6131383272614
g19ei,g19,233.35223449759724,590.3010635422501,2732.3075542491288
g20ei,g20,252.7555594264096,609.9449673066131,2807.259715644567
g21ei,g21,238.82295524478167,804.6920113991283,2902.591229705761
m01er,m01,172.68620128153938,513.815039691232,1393.8076726667707
m02er,m02,107.17298647456396,445.86069679896553,1309.0453097863517
m03er,m03,93.73876409810993,473.23231618378446,1227.4644470399214
m04er,m04,133.50830414616215,475.126624140052,1231.2141141017134
m06er,m06,120.3343754712402,493.5570430699396,1531.0115005475895
m07er,m07,96.811747828761,484.5982190227517,1210.63473948409
m08er,m08,130.24535531385976,500.7926644332626,1333.8045883017735
m09er,m09,135.4882251318074,478.025427332556,1369.784006794799
m10er,m10,152.80171139329397,469.13670242348326,1341.0270938432286
m11er,m11,140.8154715752166,447.765305388293,1362.8869035677503
m13er,m13,110.82737933112912,446.13051960293774,1239.5856489892722
m14er,m14,106.11300645245528,506.1694442661037,1413.189284385665
m16er,m16,145.95132042948234,453.9806787918824,1427.9071297744524
m17er,m17,139.461269358885,419.21546729405753,1332.3639879701382
m18er,m18,139.4461125754667,512.0452508225138,1305.4267328948902
m19er,m19,152.98900264782694,506.0179093630918,1326.9831892251907
m20er,m20,151.80716491026922,474.1132727487711,1438.8218315796723
m21er,m21,123.0877779418779,472.7191184611199,1358.7006026717368
m22er,m22,120.26193632764122,483.4667528294455,1396.272240260142
m23er,m23,116.61622943432717,506.6977425016941,1226.3643906587065
m24er,m24,133.04851459396826,521.2276392240896,1301.9039316951907
m25er,m25,115.22187746909384,468.053609315921,1267.5369603826812
m26er,m26,117.2193946116473,477.764753109336,1428.0740590458408
m27er,m27,114.77139583472685,460.3078744749493,1502.0435052193316
m28er,m28,138.20005320615846,506.18920126051023,1403.2966284461884
m29er,m29,118.7768467810226,463.9326055355098,1378.2056259240865
m30er,m30,103.61255271220398,442.5188818581845,1426.9569756686155
m31er,m31,145.73896172251375,438.523312758045,1270.2165162886945
m32er,m32,151.06759122251518,500.7358090866092,1313.6388234833944
m33er,m33,128.90142349541804,477.60629589340107,1259.0681176283026
m34er,m34,114.8474359064726,456.6958530193226,1391.3847889461945
m35er,m35,111.60174035460986,453.5478126232483,1479.0716768741906
m36er,m36,117.78731472494592,488.7465423368544,1442.9895695564733
m37er,m37,130.32270710628117,448.937842655514,1339.4833866714253
m38er,m38,142.6789286500287,468.4607623241318,1261.3902605122855
m39er,m39,139.98137691415144,486.1964789151691,1195.9420836056584
m40er,m40,128.87879472573482,519.7675413421991,1406.8706603352398
m41er,m41,149.09946373466045,491.2987639053781,1491.5852993019644
m42er,m42,142.05172435528377,546.5688590646255,1264.3630166620771
m44er,m44,104.30055511708336,490.9143135163704,1346.2704222887446
m45er,m45,192.64132498089876,490.5040138075137,1304.302459023908
m47er,m47,131.7074049168145,462.4559232023804,1295.0446255554257
m48er,m48,115.5922788201692,480.3120275305548,1422.962851587232
m49er,m49,147.56288757194477,452.1618232411994,1317.0933246589077
m50er,m50,122.76640847461434,518.2341536629308,1295.296189693499
w01er,w01,225.429411792208,477.2003383045825,1342.1741524182962
w02er,w02,221.47261534941595,508.1298292172081,1392.386436889543
w03er,w03,184.40538254141063,565.7861604720231,1335.8808056728108
w04er,w04,215.73062591797176,607.4397995436349,1665.0389648082455
w05er,w05,236.7097012538822,538.1891456798901,1438.8927087707768
w06er,w06,228.01409757531331,542.4151806135695,1569.109174103526
w07er,w07,195.25792038532424,570.1913251289178,1541.1549736533452
w08er,w08,248.8613286331928,537.6602515284611,1949.3132754525973
w09er,w09,244.7447167116375,511.3018638291294,1434.6223178866587
w10er,w10,228.41499666368773,499.6327045498815,1565.7327623484389
w11er,w11,195.55646676228963,561.2183741927995,1346.4899774964351
w12er,w12,220.5955674065968,553.5681131210571,1506.6560498869896
w13er,w13,244.9209397602051,559.7879112705361,1640.8945593511592
w14er,w14,159.5413472071119,565.6119760374394,1551.4975289409028
w15er,w15,236.70696311411973,489.8120551297292,1620.8020334945084
w16er,w16,219.65123052581112,614.1670888261447,1601.967713000984
w17er,w17,213.55066501617716,523.2223468441827,1418.2376324968186
w19er,w19,246.98702757643449,563.4344958377277,1368.7275031954875
w20er,w20,176.36391441857782,523.5337954701489,1498.501392419795
w21er,w21,222.0778537036348,467.2977625754019,1394.00701348282
w22er,w22,173.3841746524546,522.9790062911474,1581.9526127459908
w23er,w23,212.95903316265552,533.3660960854904,1654.5206518620805
w24er,w24,262.9913194459712,553.5181644711629,1752.6331630154723
w25er,w25,215.07836043431809,611.0938414200774,1435.1104448509748
w26er,w26,188.4866293074373,533.7956027926937,1467.391068562387
w27er,w27,259.2000290637397,532.7605800483659,1632.786198142462
w28er,w28,236.6235851691212,526.0594810671755,1745.401878551821
w29er,w29,275.9854999394671,606.2412476346651,1369.7652605791354
w30er,w30,246.16753383891245,575.1157164883812,1483.8496938680605
w31er,w31,184.9603210855269,550.2645809699394,1475.8317246308382
w32er,w32,211.49067087572155,593.9175339444781,1385.177442678848
w33er,w33,251.2162670358576,633.2883828872829,1732.8131924024449
w34er,w34,215.0768312230834,517.3356686539847,1422.0424920032783
w35er,w35,218.48862097203371,526.3729685700498,1409.4971657162864
w36er,w36,206.1208939172931,525.9192256974177,1472.520508266853
w37er,w37,201.36412627347923,483.4986071071436,1732.1954327930907
w38er,w38,234.52084542139195,642.5304224406948,1572.0369591835988
w39er,w39,187.79136676787013,525.2577415239056,1272.0538409692408
w40er,w40,206.90873389376705,576.5907842149634,1384.4383485750311
w41er,w41,207.0330109989745,552.5195661820097,1657.1432825175427
w42er,w42,239.12217581864869,479.8650104228666,1570.126563585265
w44er,w44,236.31089431596072,488.2719877151818,1358.5188185959078
w45er,w45,205.64539443295777,543.4050304935588,1640.4993290635264
w46er,w46,166.61504907766647,508.1900067227875,1546.320068067128
w47er,w47,213.46027437308365,501.0001199429194,1433.2774046485256
w48er,w48,236.4024176141732,652.3760674857513,1486.2589143470543
w49er,w49,180.13983119434684,505.3542351204828,1542.8167277975656
w50er,w50,223.8071809946236,551.226211440858,1606.7684606501025
b01er,b01,244.7733402232426,672.2424988042626,1788.5667806954275
b02er,b02,283.43723150396426,567.6722954428392,1839.764040731344
b03er,b03,201.35928038310595,645.0399522855379,1929.4370602917163
b04er,b04,234.2201398878027,610.1847716635303,2070.583096743469
b05er,b05,226.80842962503084,639.7443191450558,1839.9831656916217
b07er,b07,292.82002035173474,684.9214802249038,2173.947620381021
b08er,b08,208.36925279918367,520.4917648444585,1774.7988446201928
b09er,b09,234.0356449709745,588.781248914081,1897.7602865627011
b10er,b10,218.43733496387327,612.7708994241085,1988.0051143997712
b11er,b11,210.3248838568539,633.3393267792878,1838.0634686850224
b12er,b12,261.99321211691165,616.1966260312086,1947.8529998195856
b13er,b13,200.66850472669896,592.6036807360929,1928.675775468476
b14er,b14,214.5845490074787,671.8738578519793,1620.237182226206
b15er,b15,280.5126778377453,566.5387988163359,1871.9559766203847
b16er,b16,200.68548445590375,591.5759682826558,1760.0424662498217
b17er,b17,250.19910364799352,614.6070714540074,1955.6754230616573
b18er,b18,269.9623250115682,622.2628282232237,1970.115183652107
b19er,b19,217.516364556138,596.8272471226576,2053.250150420245
b21er,b21,246.57924795232685,531.6426407796505,1795.0078308463842
b22er,b22,258.8875128332242,827.0523763009087,1903.6875341078064
b23er,b23,251.8002931159467,692.9572994487493,2204.259165602556
b24er,b24,251.8733961905901,735.8609962842859,1660.2393290769064
b25er,b25,230.00555007502223,538.5153723603835,1698.9535963423173
b26er,b26,225.45817662123585,584.6319716927507,1693.317033912456
b27er,b27,214.3388900591657,629.6522699014781,1871.8258854799744
b28er,b28,201.7183523693973,529.0326799191265,1696.0775161857791
b29er,b29,247.73647917135756,666.116711488769,1881.1795963069524
g01er,g01,227.78984565490245,770.489642370494,1937.1961449343933
g02er,g02,235.9238196808761,642.6484847599557,1898.0063389955933
g04er,g04,283.84740341045347,592.1377588538342,2090.052007565527
g05er,g05,224.5799004163674,628.8841535059352,1923.7168986536792
g06er,g06,229.25825911003977,686.2055610048835,1740.2446707255865
g07er,g07,236.06901312231847,574.9833201714602,1856.144949233557
g08er,g08,258.99863527761585,582.0643637795523,1584.7532208890589
g09er,g09,287.3623643280888,650.9162600578993,1877.831099589621
g10er,g10,215.58182111632595,662.5581195229694,1934.6569806173104
g11er,g11,234.8279676245865,658.8241595555792,1783.7069988260969
g12er,g12,253.0528072814569,652.0496654753464,1912.7636642256475
g13er,g13,275.798191991566,664.599730404532,1710.9563872309027
g14er,g14,213.3930809005745,622.3464619044036,1769.2638268495284
g15er,g15,253.2532715400673,1024.3554975181398,1836.0183219551443
g17er,g17,234.0421254964093,673.0080276460518,1974.2484394334535
g18er,g18,218.53013062695248,607.1016531948411,2324.3139567134644
g19er,g19,235.5750256275356,768.4105755052091,2079.03228384746
g20er,g20,239.18453352533345,650.8044138457476,1647.3876009088872
g21er,g21,223.95027252310584,686.206953311548,1842.8721371569177
m01ih,m01,179.28091082100906,378.2459822098569,2156.0165805535203
m02ih,m02,110.36915353080568,407.33728575737314,1985.5912635751988
m03ih,m03,103.82359178404438,419.8669590020415,1916.7487527882488
m04ih,m04,136.9253393187955,463.2829262181738,2047.952220528456
m06ih,m06,114.62355157251432,456.20664648280336,1967.4978467290464
m07ih,m07,112.5626365915205,421.9886371127168,2147.92909813694
m08ih,m08,129.9207777412043,407.4135626980632,1956.9233866279371
m09ih,m09,132.091214285339,407.7745567322464,1862.5604661598652
m10ih,m10,154.30349445513775,449.4558189714495,1902.551398353837
m11ih,m11,163.08455710956542,479.5485217112062,1955.880189863407
m13ih,m13,108.97939746994427,420.7274714723988,2005.0992014401131
m14ih,m14,120.51332779063787,456.28439966700216,2142.489998298962
m16ih,m16,145.29465071963477,418.7128212123092,1898.8605725161349
m17ih,m17,145.8362094912385,410.6194281173957,2027.8515721500755
m18ih,m18,142.05426402648163,496.6857613373687,1953.99720793353
m19ih,m19,160.39623498118803,472.7340853017688,2075.6268794703874
m20ih,m20,139.38135085794482,432.56073411542656,1570.3444913348856
m21ih,m21,125.25376198439858,422.7495939320029,1968.7545310128492
m22ih,m22,126.91379034098208,464.0387032239797,2063.79644144392
m23ih,m23,114.554601860963,461.2161231782253,1964.4274467506343
m24ih,m24,139.46796631800387,515.9793132335574,1944.7032992067443
m25ih,m25,106.1017187117396,420.16949464552965,1965.7194145697745
m26ih,m26,130.30780807525832,443.67220877102073,1958.658390841735
m27ih,m27,114.22012213323134,459.6308067935123,1996.3514174610773
m28ih,m28,189.37381242641615,481.5009915588521,2122.758223584456
m29ih,m29,130.91168093374958,410.7261232364087,2071.0915862855145
m30ih,m30,106.24242510723812,401.6374619377823,2139.732645006344
m31ih,m31,161.63484337640767,448.95545572224034,2122.4023922388737
m32ih,m32,147.16700687047032,439.636543558577,2023.037540872622
m33ih,m33,147.9803093071077,446.0605756303357,1963.180327597068
m34ih,m34,127.54966057593306,393.9577223679592,1912.5346437432488
m35ih,m35,112.70013662290434,416.3067293831414,1999.2901601692856
m36ih,m36,130.39099877162866,433.36678036794416,1959.1295731460116
m37ih,m37,140.58096904052212,436.8647704739186,1847.503636949161
m38ih,m38,138.37091469922063,420.6679195891765,2143.907931234516
m39ih,m39,150.92309031522035,441.6355633839291,2081.530243496312
m40ih,m40,140.6288909297665,426.0105513623808,2044.965307413245
m41ih,m41,145.1620117375126,443.4037398545567,1850.2590862726663
m42ih,m42,159.2990055978451,474.9476032242246,1941.1458735104145
m44ih,m44,110.1237044829498,435.00251231248455,1974.1481486654648
m45ih,m45,192.62856372583195,461.9315567542808,2460.743453984973
m47ih,m47,130.7386505406345,410.4839272795031,1799.3289227864402
m48ih,m48,135.1471006807688,412.9439414162271,1992.458097786391
m49ih,m49,137.72969701920377,416.2350237564986,2252.758253020534
m50ih,m50,131.2299371698047,462.90823098682944,2085.433954188129
w01ih,w01,244.03277474391163,492.4876793515726,2249.0136359116564
w02ih,w02,221.8157580327982,472.0723176112836,2453.8526548157647
w03ih,w03,208.95490107102611,515.9339428629019,2325.22717368662
w04ih,w04,224.55181895231408,531.0868408602149,2374.376282411988
w05ih,w05,249.3353218274241,503.1324381471095,1927.3307455311765
w06ih,w06,214.38303903858576,526.9006553722179,2160.4162989338065
w07ih,w07,205.27881395823005,541.11782419205,2383.2800191355145
w08ih,w08,249.41288238691368,493.9637354769388,2321.9864593368097
w09ih,w09,251.63284231909532,506.7759149944462,2202.046890399707
w10ih,w10,231.3367473389107,483.3885469332765,2276.8320052767717
w11ih,w11,210.25853044211533,498.8540753050821,2362.6319419145807
w12ih,w12,240.48155572057627,483.3188861413975,2572.761812190714
w13ih,w13,241.91868015630763,549.1117192566354,2236.316463053221
w14ih,w14,226.93793644746853,495.0980852117539,2313.70692137144
w15ih,w15,237.4985852453833,480.35252077886616,2130.3018985434487
w16ih,w16,216.7722733557713,492.20914690112994,2563.5312720132074
w17ih,w17,226.1655976735571,492.4097449436611,2311.012560271931
w19ih,w19,253.00852269306884,507.1669289673279,2335.858525420795
w20ih,w20,220.6885637275377,497.3924951165712,2224.034914953064
w21ih,w21,231.5263153691893,467.5295063069809,2150.124710874988
w22ih,w22,193.26819975773853,458.48751577087086,2406.230160472949
w23ih,w23,214.20843754233084,546.7029699208755,2127.652852741576
w24ih,w24,256.7250377615848,527.6045862098055,1513.9188022734625
w25ih,w25,222.8741136249029,594.2825061484938,2408.273633940149
w26ih,w26,226.1037340251913,460.0245901753879,2299.3777659625457
w27ih,w27,256.33099269663245,508.4867776272724,2440.6575373608725
w28ih,w28,250.742232794284,518.9385806373251,2336.3835079580267
w29ih,w29,267.6744134180629,529.108255843131,2526.8010462761786
w30ih,w30,249.1117562821069,510.0595778143449,2445.7493384630498
w31ih,w31,209.27163905056327,422.7850227594647,2190.4148314478066
w32ih,w32,182.424432379915,510.4721615244862,2072.5378767892826
w33ih,w33,251.78652559963663,568.9958884398613,1427.5070400188267
w34ih,w34,235.9334496481318,476.6232602867128,2448.3357430462
w35ih,w35,222.30383173760697,455.4730355719856,2459.715972239062
w36ih,w36,224.3368247479024,487.2047148739216,2235.6960857016347
w37ih,w37,201.51962760232,455.6787310809791,2445.5911415816563
w38ih,w38,233.13372710761135,483.0732329445482,2268.5489186127584
w39ih,w39,215.010042552762,445.1507920730986,2545.163577455231
w40ih,w40,206.9429118314272,504.6072002398876,2324.577001388088
w41ih,w41,222.98215734962957,458.8017707987371,2622.6140897962277
w42ih,w42,237.1097766070672,474.0800372933717,2117.2021612270014
w44ih,w44,227.7291438702828,472.8954290830636,2233.620403835455
w45ih,w45,215.28454905983708,459.8108979388901,2353.032619939541
w46ih,w46,150.446820027949,469.3969485190945,2475.373997683368
w47ih,w47,224.88287803030653,464.7638722612689,2254.0865410829224
w48ih,w48,240.18786054477405,492.4937879134168,2194.807128869521
w49ih,w49,225.92286637432176,464.4124746786763,2556.626819787034
w50ih,w50,245.7328328711261,501.1202597141111,2371.0776689108807
b01ih,b01,263.7187911589709,546.519564414268,2480.795962758962
b02ih,b02,288.647892618944,573.5727394873796,2694.8071366716927
b03ih,b03,221.31460154422885,580.0072523000752,2721.555038128564
b04ih,b04,251.2255833202577,533.8651966866454,2469.272187734102
b05ih,b05,234.6054813131227,484.65741883703424,2560.0346686125567
b07ih,b07,299.953587337304,616.1510825164371,2354.2446751176226
b08ih,b08,219.4346389100756,454.7041320627858,2927.893856103772
b09ih,b09,235.0107611422989,542.7108186616725,2569.282134677047
b10ih,b10,207.81807168563907,525.4082164336711,2708.667357839528
b11ih,b11,197.6625328891074,547.333277284112,2475.448770184381
b12ih,b12,260.8641746497455,547.8302175848188,2601.3195060441794
b13ih,b13,222.7242950961962,494.7610417510584,2502.3422620794736
b14ih,b14,232.67186727559744,477.60252741934585,2701.542454235293
b15ih,b15,282.9783112679497,563.0298504987927,2553.831455870616
b16ih,b16,197.6026769669834,562.5458209541317,2600.809339977327
b17ih,b17,249.74708616117815,499.0575356881708,2576.0151632342768
b18ih,b18,266.04591199471184,538.2770012453658,2396.733118355986
b19ih,b19,217.943210628196,516.9255144024432,2748.792798949982
b21ih,b21,257.61628785143387,525.7331110448422,2659.928026296165
b22ih,b22,229.84224088807247,536.7529507202074,2604.315349735754
b23ih,b23,278.3460424424071,553.9419350014149,2816.751553180761
b24ih,b24,230.3474842871437,457.13054671977415,2847.33043971678
b25ih,b25,303.8766431288166,487.6035759177972,2627.9721155259685
b26ih,b26,219.98456132391232,698.6339397864405,2778.4929873975016
b27ih,b27,232.1927786231243,554.0397447022227,2601.438968045882
b28ih,b28,244.53591505750387,487.7573410273914,2653.248660896515
b29ih,b29,243.51355462884845,536.1875036931913,2589.1563927391967
g01ih,g01,243.49202997424808,494.2543655173483,2629.784187405776
g02ih,g02,267.7700952065464,742.2359147445806,2726.7342359180284
g04ih,g04,271.9889528208641,558.1578356527517,2467.884822783846
g05ih,g05,221.29287361325825,458.9199937331356,2837.352954691781
g06ih,g06,239.94160821522297,774.4797544477797,2752.529597252593
g07ih,g07,257.13553849384294,541.8377056408366,2576.717389566676
g08ih,g08,260.7067379901387,529.3793147467303,2757.698634886972
g09ih,g09,263.94613634756263,522.8612634495403,2878.187175081317
g10ih,g10,260.6846007877893,515.628712187678,2883.082940363048
g11ih,g11,227.7891736269765,510.43783067969616,2477.791359378796
g12ih,g12,258.2043912918509,553.3243709292799,2901.403324700457
g13ih,g13,256.2275333618812,532.4538870925569,2670.811093724457
g14ih,g14,213.6388748959268,531.170535561383,2804.207283911156
g15ih,g15,242.1395541470371,507.90366089517255,2835.450704629142
g17ih,g17,248.94505201788712,521.6244266990171,2609.969873449561
g18ih,g18,213.65993500454465,520.8944043207684,2774.8623687531194
g19ih,g19,238.92240184390243,559.1120800178708,2678.28404692312
g20ih,g20,243.2442701248433,519.1461799325698,2747.157998171303
g21ih,g21,230.29020138465685,570.26668903436,3031.678072192275
m01iy,m01,173.1188769212548,347.5295389499707,2413.7267999183155
m02iy,m02,107.97214337691702,332.2444615020962,2274.1093273478723
m03iy,m03,95.04491081695896,364.42036776641856,2242.481640260215
m04iy,m04,133.62788690827716,373.5320417989708,2352.476643983207
m06iy,m06,122.22365492559088,392.27631455772377,2359.3968446991225
m07iy,m07,101.90419965113324,372.4707243447391,2365.121374495333
m08iy,m08,163.04131534785034,333.8471105878454,2339.8586720264475
m09iy,m09,127.72988187549294,367.7502626134442,2058.620515730672
m10iy,m10,166.76199184296792,338.7206712707998,2226.541420008953
m11iy,m11,160.25748419785126,335.9100239914851,2252.140028604114
m13iy,m13,105.40910456372076,355.20970805346525,2203.916665215257
m14iy,m14,105.35088050353669,350.7549997087836,2474.9631170684465
m16iy,m16,145.42530948079548,320.40939106372514,2227.603069870352
m17iy,m17,164.30639063914558,334.32564444817007,2284.298275221869
m18iy,m18,139.1073934859523,380.0088275521193,2347.021296526093
m19iy,m19,162.64023885420875,357.9097510675946,2414.0190701788656
m20iy,m20,159.4311117721227,328.4569966764896,2315.4203890483805
m21iy,m21,127.10269594624891,353.70501512155806,2118.561502828319
m22iy,m22,125.19177211357604,380.0919642656142,2157.3863204020386
m23iy,m23,120.2259513029842,370.6605576808773,2207.312124652969
m24iy,m24,132.67751818496214,392.493260323718,2093.9142852269742
m25iy,m25,116.11125038522032,360.39803716155535,2226.300906862576
m26iy,m26,117.57650314241268,337.2213061135536,2203.9085379444846
m27iy,m27,115.6120812246275,354.31268112767714,2260.202591868255
m28iy,m28,184.87259064412615,368.4516472390055,2330.1050755770766
m29iy,m29,128.03094060840158,336.3412331092352,2369.6374807902034
m30iy,m30,107.86728232533612,372.6158851264472,2418.553010090456
m31iy,m31,155.5413947226351,334.304496579596,2332.934178488676
m32iy,m32,164.83029777576505,341.10233329114925,2222.265089817972
m33iy,m33,157.16729805951172,325.40123813547564,2447.4551964876573
m34iy,m34,128.6722872385395,361.9249123345034,2117.5144043020337
m35iy,m35,121.54080019054491,357.08104834871835,2102.7008232919693
m36iy,m36,131.07402219400956,370.3402467108135,2078.21956570398
m37iy,m37,135.9650083891088,417.6232785425863,2111.4731765325528
m38iy,m38,147.1695485832732,316.69337193038,2190.316019903118
m39iy,m39,184.5784683508963,375.78297974678514,2206.234739247649
m40iy,m40,153.1728579939404,368.0286318289804,2423.293216225302
m41iy,m41,140.56145090758784,413.148492136708,2213.277346677006
m42iy,m42,151.78424322179785,401.66850607690014,2183.511336670702
m44iy,m44,100.6341450648208,330.2685728916759,2260.478595998265
m45iy,m45,221.6545528345962,430.3864923091669,2423.835952629086
m47iy,m47,154.3900618819862,324.92881242853565,2058.498098830932
m48iy,m48,125.02449166906062,370.5662629959945,2502.7046584773752
m49iy,m49,133.37041585901582,383.6100773160431,2525.713908111029
m50iy,m50,113.74408151687015,356.29899027945095,2371.86851176168
w01iy,w01,234.576222245213,452.25086831529177,2807.962483096936
w02iy,w02,222.8358978229089,441.8408113333679,2889.750904635713
w03iy,w03,193.7807915134572,389.1421531429581,2673.191746693209
w04iy,w04,215.4605281083981,427.8599568271258,2742.8497688063862
w05iy,w05,248.10278825191733,401.0687250544448,2705.1051058024354
w06iy,w06,222.6788521695306,447.7411179829576,2582.3324952373487
w07iy,w07,200.57095237282644,402.9113812720107,2641.615441541536
w08iy,w08,263.66768931943795,478.0906666601766,2709.803294636859
w09iy,w09,262.2943978733371,462.61923892253657,2793.5551324364046
w10iy,w10,238.0060518560569,477.4699705601402,2843.0949424827186
w11iy,w11,203.76777524126047,409.1351356847453,2650.2183691922114
w12iy,w12,222.57876129482477,443.0212648139348,2793.898920912117
w13iy,w13,230.31579020632248,443.9515250694757,2792.070861136511
w14iy,w14,225.64268880866376,441.6425882959504,2703.8885839147106
w15iy,w15,253.28442742451827,436.6759540252193,2819.252400432788
w16iy,w16,228.7958434664608,457.4652682711112,2923.422634007328
w17iy,w17,210.98049893433776,430.2585988204782,2647.4808615979964
w19iy,w19,248.81804546027877,492.3531880519462,2693.6093764671687
w20iy,w20,196.20422824419276,395.2294483452854,2588.263958019198
w21iy,w21,222.8966301612525,437.7783051669782,2481.687058413602
w22iy,w22,215.5838112748315,432.2784130721846,2590.762468421874
w23iy,w23,217.7617842520931,437.5235053705421,2588.207151005556
w24iy,w24,271.5500614171998,531.7232636276395,2944.335704192816
w25iy,w25,236.82484884624827,472.3741370815533,2899.831355889289
w26iy,w26,197.96894152575945,404.3907852592941,2580.8296203625496
w27iy,w27,251.29254501025696,483.8247736743684,2733.7550078768527
w28iy,w28,245.8141912684524,489.5817334413194,2658.653750088809
w29iy,w29,275.53490706075183,512.7068604160861,2335.8569848280613
w30iy,w30,233.26394385944744,467.4755707080528,2758.311060295749
w31iy,w31,235.23462742336457,459.9802507670727,2332.1343250030427
w32iy,w32,214.66029763863497,433.5288080836745,2729.3618606564696
w33iy,w33,276.5396088401927,505.0613969738688,2220.311335352819
w34iy,w34,219.83121383378176,434.74308187486827,2841.2812622648107
w35iy,w35,213.15475062922164,413.9076908778305,2728.2113676676245
w36iy,w36,219.38815777018627,437.8746686331162,2662.2372367685757
w37iy,w37,200.3492778293474,397.6044243937786,2789.814093540842
w38iy,w38,224.64519346514535,449.4690023404968,2913.1059189091743
w39iy,w39,210.60928827098556,422.1159456340611,2619.549191270223
w40iy,w40,200.9429421398751,400.0431868560286,2718.302836359093
w41iy,w41,228.9473053754388,443.1781925933095,2955.6717818375564
w42iy,w42,248.71599565563352,448.29812196679126,2656.875445606622
w44iy,w44,226.97454615590607,442.318423528586,2546.6245309193155
w45iy,w45,217.88234668299853,432.4320448976868,2490.328065341721
w46iy,w46,156.8043617033603,349.46942786433266,2071.1502611347278
w47iy,w47,229.00039471759325,451.2337592941774,2763.697041586143
w48iy,w48,255.071437863424,493.4653176556568,2639.494894496125
w49iy,w49,240.80416073027757,423.680956557166,2855.182426532997
w50iy,w50,231.6616739432569,434.4048815330983,2806.507997653178
b01iy,b01,274.05373496030234,535.6904779745124,3112.5656120250705
b02iy,b02,289.1737508910947,437.2628128909362,3179.175900934325
b03iy,b03,220.6904351695112,440.09167239549146,3142.763405859072
b04iy,b04,261.8163334602054,519.0829004215822,2904.2683521320737
b05iy,b05,243.9682663683265,441.79664342446847,3175.3022286501728
b07iy,b07,306.959246170141,516.7614850155904,3021.6463622399547
b08iy,b08,219.50013952630337,422.8286668030679,3192.2629011414133
b09iy,b09,257.1775943410082,516.1461135089311,2912.148938593352
b10iy,b10,219.09625264295985,458.246460314021,3204.972163420559
b11iy,b11,208.093399280442,431.7214228665263,3052.3199936382584
b12iy,b12,261.608862494153,521.1981771594607,3150.4611817177706
b13iy,b13,237.82623781782,452.26698471794185,2863.045970462221
b14iy,b14,206.37799721989123,422.7994299274864,3345.5804498253124
b15iy,b15,264.27513962759974,474.5544715058304,3121.088317495565
b16iy,b16,207.06898107529625,423.0411777797832,2997.727617970476
b17iy,b17,257.52037877302587,493.9310654806071,2846.087010291081
b18iy,b18,279.8648944846927,527.0057784682535,2818.7634982433606
b19iy,b19,227.8081968254833,461.91815285443465,3198.203902248897
b21iy,b21,245.0912055554548,409.1103850642685,2967.6128447442416
b22iy,b22,263.7086385455812,537.6238787677587,3107.3586092264823
b23iy,b23,288.7594368879212,414.78766144795,3220.388678496445
b24iy,b24,215.11254029530969,429.49404058572367,3253.3561134632214
b25iy,b25,244.4420990767974,409.63133688978223,3091.1832755365767
b26iy,b26,222.18268661355455,457.2261884924344,3196.294957464381
b27iy,b27,243.2115441213324,527.0241419954075,3052.739290841647
b28iy,b28,242.086187044436,373.3007209566589,3075.902446984396
b29iy,b29,256.97292684152563,392.47507183763054,3126.480067797557
g01iy,g01,221.2917137538132,387.3823252605685,3204.972415703394
g02iy,g02,238.8938271613077,480.5342286855891,3415.022099484703
g04iy,g04,293.41506050551266,430.3831462789019,3300.279533722105
g05iy,g05,239.5148623890964,459.0901195697903,3176.6474534877275
g06iy,g06,253.87971198518665,687.8267740573851,3086.763518180809
g07iy,g07,248.5321369348172,469.2016289361264,2806.8438305758195
g08iy,g08,261.95731947680747,466.8309058671115,3518.3187966766877
g09iy,g09,294.9904721727721,485.67699391265216,3240.7695682285803
g10iy,g10,226.37983868152944,450.6400738429172,3375.042039790198
g11iy,g11,234.51623199169245,448.0231302733265,2932.441659503471
g12iy,g12,216.53340344376576,437.7768136382052,3416.157499112937
g13iy,g13,279.3586954149057,436.4714263883124,3201.9581364530795
g14iy,g14,220.28976638483476,432.9775367116439,2819.867308347823
g15iy,g15,255.1800138724648,453.9984791194459,3361.7266803423167
g17iy,g17,277.2063916258178,462.4135295305069,3120.1528368583317
g18iy,g18,224.7503872370679,445.0410340876351,3393.847887006581
g19iy,g19,237.1012673921101,466.5036252266053,3099.538731976247
g20iy,g20,233.0804332561712,466.89677587973335,3314.550878983571
g21iy,g21,238.8298317945656,470.4892401647393,3083.440910741908
m01oa,m01,168.5136685419281,517.2472484308884,991.6455283041448
m02oa,m02,102.78756599985326,540.1389330616544,926.8877995414744
m03oa,m03,96.6995231897799,504.8927931535151,890.7578603524491
m04oa,m04,144.86426959605757,456.7050318827826,857.2556021151061
m06oa,m06,113.95588841285436,533.5426860027248,1007.0013567586836
m07oa,m07,94.33327436042616,519.8412785874309,1094.1215725368504
m08oa,m08,125.53968516010404,505.6400232682921,896.6506559372104
m09oa,m09,131.21205021174225,497.78654773659633,958.7578434447532
m10oa,m10,152.12439177159757,500.7173968687762,1042.343719992561
m11oa,m11,148.28921834112825,505.0764798276406,890.0709133058161
m13oa,m13,104.83776774102476,484.1991830399054,858.8505700470064
m14oa,m14,105.7984871228396,491.1619294353186,1071.8981665761148
m16oa,m16,141.37744097913753,437.4523191359714,882.6100381084632
m17oa,m17,147.33808129712182,440.0688432217485,779.8101037520261
m18oa,m18,137.6029541450268,461.9324361412689,801.581648331566
m19oa,m19,160.31784090019423,561.7826730301848,1024.5995629365195
m20oa,m20,131.12424905456837,548.2212067753201,1041.870934577001
m21oa,m21,119.59231016002369,572.1734115080242,950.5463854016934
m22oa,m22,120.2201560472056,539.3245283409917,1019.2744611242476
m23oa,m23,116.45163409354282,469.46417897517495,813.7626560971718
m24oa,m24,125.32528621453858,536.3052034679065,1009.1898102494332
m25oa,m25,111.42068883422203,491.4253820161308,951.3887458253472
m26oa,m26,108.55349550134213,443.7953429441906,876.2339338125003
m27oa,m27,105.0791308626788,537.5896158376828,905.4421102526942
m28oa,m28,133.68376755755335,521.6245575038797,983.405001490932
m29oa,m29,118.31704236484428,523.2795824639509,902.5676228253416
m30oa,m30,95.60194982174497,397.6524304507205,714.1239247471192
m31oa,m31,149.70873052887205,467.26060268196943,866.7222041421328
m32oa,m32,158.2202750022834,485.0153120966473,808.8697102361075
m33oa,m33,136.61644778486374,507.07987108401016,900.8767928046038
m34oa,m34,122.65401514610753,497.4775541295717,906.778912659791
m35oa,m35,114.76319472442997,480.0407245961027,988.710944249361
m36oa,m36,121.02878309417866,507.3367053437218,941.6907913015932
m37oa,m37,140.78951986444392,444.8904361750264,891.0272190401104
m38oa,m38,138.02917181166836,546.7587680531338,1074.0541011695584
m39oa,m39,147.97238983389332,455.63384684037385,818.427312918952
m40oa,m40,134.9123974906123,523.1228530348806,938.87374681509
m41oa,m41,143.76992741256214,546.0536435559416,1016.7316105683084
m42oa,m42,132.03803385443732,539.4894175725219,864.8259941365548
m44oa,m44,106.37150172209896,560.7036374848158,1022.4565876744366
m45oa,m45,182.3824970683035,553.2957942722253,946.9209644448084
m47oa,m47,140.75569654998105,485.4351746329795,898.49771242602
m48oa,m48,130.38773757407512,491.4570788807878,906.812892722042
m49oa,m49,137.33886241316645,487.2254744937652,951.3199479983332
m50oa,m50,118.33137550762288,582.6103490562476,1054.5153143191824
w01oa,w01,233.12615325707037,532.3837171743266,1140.3213143835023
w02oa,w02,210.68020964042648,434.3022555233715,1022.3396691823594
w03oa,w03,211.1408392917563,631.4158873402115,1133.431395632148
w04oa,w04,226.4841763337297,631.2076800951148,1303.5322083538565
w05oa,w05,223.06834958631413,459.54121228857787,895.4381776635297
w06oa,w06,203.58872714171932,592.172777419347,1017.801825079512
w07oa,w07,203.58072520374895,592.9018212834297,1001.9057998746208
w08oa,w08,248.7994570812778,530.0967397263662,1276.8318851415063
w09oa,w09,251.3109366156937,541.5314412839142,1007.9019907563892
w10oa,w10,220.06848036710937,466.3709529460469,993.1330550399124
w11oa,w11,196.2358698747714,587.1549545090339,1136.4836621573556
w12oa,w12,234.5284005217455,658.070625343662,1201.1744050192444
w13oa,w13,241.01999435283832,619.5733364548363,1170.83739451214
w14oa,w14,220.05742935441984,621.0023267648295,1004.8033741534828
w15oa,w15,226.3969006320572,470.845276599149,954.1560517941184
w16oa,w16,210.32553575829616,609.1967647530579,1042.0561876725349
w17oa,w17,211.1504319713553,604.0691584842814,1053.9369352788665
w19oa,w19,247.5223431825084,669.3324681225724,1207.7264494662384
w20oa,w20,178.79622695354922,520.1803022337858,1018.10581598302
w21oa,w21,231.65152212494172,472.713805088351,958.2258533475886
w22oa,w22,185.6585066844881,586.8380790855238,1043.5811733828343
w23oa,w23,199.3954241522687,573.7399190347594,1014.7719405094224
w24oa,w24,242.6616061073996,531.86111942695,1022.5890119773997
w25oa,w25,214.75890318778968,643.963865329017,1049.2279677412944
w26oa,w26,171.60113325738635,494.4199396492204,970.1148214196326
w27oa,w27,243.5607378226252,560.1640958917617,951.5983165350418
w28oa,w28,242.30201664186967,584.4842212747548,1168.2091785443831
w29oa,w29,279.366089809504,604.3362903646662,972.6522648907278
w30oa,w30,230.61005674565675,637.5423435263679,1123.9110831601088
w31oa,w31,201.4792743891597,582.7865563024478,1001.9903716688342
w32oa,w32,214.77775451027912,502.0600735774663,1024.8298374361862
w33oa,w33,244.0503126717368,546.1998417793006,1025.2969162019922
w34oa,w34,218.6744107452244,491.11425599879294,925.6956942294732
w35oa,w35,211.3891216323652,663.739573041122,1199.8339529281047
w36oa,w36,216.68799372077703,610.7322973907677,1068.947516463801
w37oa,w37,194.04577558714496,556.3833277178225,1170.2411487237405
w38oa,w38,224.51470094228435,651.8728356994042,1114.959167122101
w39oa,w39,199.7283791763547,438.8467074059711,867.0381527320577
w40oa,w40,205.9952889673924,457.12157105078535,829.8142638588076
w41oa,w41,220.98664813357004,467.16971272454975,890.8772317356445
w42oa,w42,218.61182941834596,463.5192643169708,1009.8088760426511
w44oa,w44,211.92269511976008,440.8629227114768,874.3333468961005
w45oa,w45,206.84938866913896,608.9711406264831,1028.0347396738343
w46oa,w46,182.6284196427221,548.3420147518817,1070.7775393214265
w47oa,w47,226.31371886362817,607.5821584760633,1113.156663294145
w48oa,w48,238.42471224186824,527.8378166263903,965.98234686325
w49oa,w49,207.276338619768,452.901152082808,845.6832249425278
w50oa,w50,241.8596338983468,723.4979467026884,1279.184848045665
b01oa,b01,250.67331489699995,798.1888160535318,1372.5213145799853
b02oa,b02,258.4018364682899,627.2139090684099,1298.5997168155493
b03oa,b03,209.20395274306748,663.5133975608355,1550.60434270772
b04oa,b04,247.24986314837963,749.8972512092573,2903.080070346983
b05oa,b05,203.15095405293516,642.2639084032882,1573.357818305492
b07oa,b07,311.7779709979216,724.9787677244713,1181.877037949254
b08oa,b08,245.17244945671192,631.5157714474811,1839.833084471886
b09oa,b09,240.2683141040895,676.5637669206761,1167.1185772549877
b10oa,b10,208.23095275949024,628.758017046805,1345.9935871716032
b11oa,b11,201.7279055200032,738.9345367074723,1917.1286413435064
b12oa,b12,261.65556404955584,776.1431342056479,2703.383570546061
b13oa,b13,230.509903012923,694.4164898557875,3104.351650267565
b14oa,b14,215.16940231647155,693.598789872074,965.1548648378536
b15oa,b15,280.2636015513985,583.835827358264,1143.2542131125908
b16oa,b16,211.6044557908876,594.2781546251525,1065.2363036611457
b17oa,b17,266.0251175843406,739.0208421245613,1560.5289597291587
b18oa,b18,252.7819443796752,841.1750839915255,1221.1785158704963
b19oa,b19,185.21179249961529,606.4144799451823,1696.9270902952976
b21oa,b21,240.3628843369401,519.5014589705485,817.3450172990532
b22oa,b22,262.2699951793803,882.5330060783733,2707.3791788265207
b23oa,b23,274.26255305040775,584.0520724895302,1188.6713695167562
b24oa,b24,213.12922309587685,650.098239994677,1042.056741097415
b25oa,b25,223.2524963279994,656.1979622601943,1229.1937385582082
b26oa,b26,218.4479354369172,729.9490455818094,1420.9352974367057
b27oa,b27,228.51376199300284,757.688971114466,1835.931163751432
b28oa,b28,220.60300539057133,733.2617929871382,2097.6567683383614
b29oa,b29,239.75665167257512,778.4249457101529,2748.929102890092
g01oa,g01,250.04879679004856,776.0557561983361,1965.493169337072
g02oa,g02,232.50721763515455,691.7133427021179,1184.740046056385
g04oa,g04,280.2464751939845,827.1171269364547,2208.4814293353943
g05oa,g05,241.6106440673016,749.4134981487897,1516.7632110821926
g06oa,g06,228.3424019719768,566.3650303557567,1233.56717222669
g07oa,g07,239.07720991416295,521.4028531955199,994.5187310795396
g08oa,g08,258.3510530433856,673.7270706303299,1213.6174976376626
g09oa,g09,275.1382447019293,606.0036288633175,1241.8218087431158
g10oa,g10,243.9483223986024,822.2663753819843,1618.1043822545332
g11oa,g11,232.55940732021028,549.354222255748,1487.7786946327296
g12oa,g12,227.7115768247577,670.8152903637756,1163.1248094012865
g13oa,g13,252.56927629601168,598.5829249226466,1378.2787419881006
g14oa,g14,238.8412536544033,681.5224220416753,3000.357320581488
g15oa,g15,243.25107656325525,812.3987193179993,2330.0730151335288
g17oa,g17,272.2919082977317,857.7900678821645,1837.5696634103797
g18oa,g18,185.2727221697437,616.01435950958,2031.7813314590924
g19oa,g19,233.8050993795528,696.9501825881694,1279.5280505563385
g20oa,g20,215.41463725970524,618.3700999920164,1237.660587124037
g21oa,g21,227.28346782227052,631.3345967518351,1103.8360190991848
m01oo,m01,167.83452047177423,473.6300670763384,1025.0426216957942
m02oo,m02,107.62546614336576,442.0037680020867,992.4126810462948
m03oo,m03,98.45762922231567,481.5493915648829,1058.1366306281725
m04oo,m04,135.87903963263565,516.8564506780998,1071.360562658095
m06oo,m06,117.37827101857452,480.9619306873682,1174.291772390287
m07oo,m07,93.50237186626798,457.1307851400487,1180.881754519563
m08oo,m08,136.0214915146065,478.433713746725,1164.2294575915712
m09oo,m09,122.55007981226694,465.59602281985696,1230.2992982801209
m10oo,m10,158.7108005326615,482.17702843267256,1107.1002345802772
m11oo,m11,149.67200686807814,465.94830318165305,1230.69194753898
m13oo,m13,112.8394887477021,457.1046364148084,1036.8356268135772
m14oo,m14,117.3495717162772,460.0619982493348,1275.0030564118974
m16oo,m16,146.8627881812489,448.838289830318,1169.3887543466603
m17oo,m17,147.75409303194377,445.7801190896535,971.3294337773264
m18oo,m18,157.089785961264,473.5350472951192,1120.0685233151992
m19oo,m19,162.87572614199237,498.7982684392696,1145.2953021599444
m20oo,m20,142.73247402915908,453.4604876899047,1221.4572320053298
m21oo,m21,124.19123363997446,455.0543050881828,1125.632377998581
m22oo,m22,123.34540231422775,473.1661994128114,1205.2696495025875
m23oo,m23,120.61166966481656,504.2701260949533,1044.941191891124
m24oo,m24,130.9143520509354,516.2419599210377,1355.0608483728483
m25oo,m25,110.63399094719594,511.54433165584953,1206.6376038304843
m26oo,m26,118.51652457217642,494.21023160907606,1175.069840622172
m27oo,m27,112.63480086273503,495.3415622132108,1072.1894675837789
m28oo,m28,136.86956232089025,454.7420652206818,1009.8064434496512
m29oo,m29,124.24641993098544,490.3501687958772,1276.825960507425
m30oo,m30,108.21776208451509,430.1514380566368,1094.4485209899992
m31oo,m31,153.69763503768868,465.51616849709376,1078.140325689924
m32oo,m32,158.1651569265887,501.5736045258184,1080.862365776352
m33oo,m33,138.56660298049047,482.780599458732,1100.4631992302498
m34oo,m34,125.35765333207456,496.6379957972336,1094.7276086641093
m35oo,m35,105.28693731017566,475.8597326391274,1364.5198878439471
m36oo,m36,120.07766025253493,499.07994458122886,1118.988446445543
m37oo,m37,132.04031459061676,505.4202159641089,1232.1982688070018
m38oo,m38,145.89701326887413,439.5635678893503,1188.1061275746597
m39oo,m39,149.66335965996183,488.8199571141142,1075.6536806021877
m40oo,m40,140.94723177742463,435.9101210238805,1249.567338882905
m41oo,m41,153.6862345683011,484.3059480560017,1129.4297914145254
m42oo,m42,126.7048127622186,519.3299837005288,1205.3392861112593
m44oo,m44,110.20437537825964,428.9720432139665,1018.090096171092
m45oo,m45,189.11500861812004,494.53751252773225,1082.885054496565
m47oo,m47,138.69747198246384,484.9694075052783,1136.8665584577316
m48oo,m48,134.18808687349468,449.3154394808967,1155.787357482868
m49oo,m49,171.4123753207624,444.6884091991099,990.3873687537932
m50oo,m50,120.96485189702484,491.3045949007064,1150.134414453517
w01oo,w01,229.10730152446845,487.988309901325,1350.5735767017422
w02oo,w02,228.96146040796972,520.1352247038332,1278.6245599959495
w03oo,w03,216.2489644004166,525.1143550604089,1110.0364416255195
w04oo,w04,235.60808265954503,534.199335802753,1331.3975434554145
w05oo,w05,243.05535038702595,530.7108374541838,1218.2009611052526
w06oo,w06,215.12798713764764,505.4626722303488,1108.7467310944885
w07oo,w07,181.40618062314235,569.2264385350926,1231.40887201142
w08oo,w08,254.92066351127625,549.2151522291304,1548.2113581649703
w09oo,w09,252.48887764355013,503.7529667159682,1216.1560164250166
w10oo,w10,239.72395094166723,496.40778035787525,1210.41604841472
w11oo,w11,203.81777411395453,554.7917298443249,1605.9116050675918
w12oo,w12,232.55501363970308,508.69446398146647,1339.9231526161025
w13oo,w13,246.9912772265475,546.5185227475303,1213.2760895280232
w14oo,w14,232.8366586730876,510.0010182839624,1173.0979626518983
w15oo,w15,250.94804048806745,496.6858836713934,1184.6039062640723
w16oo,w16,229.32114542621605,554.9200611462956,1155.4686085333042
w17oo,w17,241.665811882062,487.2479575733192,1199.3663304767972
w19oo,w19,254.42130504534128,519.5227148523583,1329.8603929085266
w20oo,w20,233.46971529442445,502.62465955649895,1066.1277791159378
w21oo,w21,242.95356254004224,491.6495285557285,1145.8439993552302
w22oo,w22,207.3079053940147,474.2138564211766,1087.718288530749
w23oo,w23,235.3297837743726,605.4396358886199,1312.5372425238068
w24oo,w24,265.52624670553314,551.8432897275516,1225.406760552628
w25oo,w25,231.69533810691792,565.815087917229,1146.7097469279602
w26oo,w26,211.83817392359325,502.2590341253231,1131.4189603076754
w27oo,w27,268.29259958908,578.3601887719733,1278.8984168718605
w28oo,w28,240.1217695301967,528.5053951365186,1404.5422580831157
w29oo,w29,286.39030779877,573.2753163926575,1094.4075547096477
w30oo,w30,251.9405160275849,545.2720445844201,1377.608111037002
w31oo,w31,233.3018073581976,472.5624434598397,1132.3612607243858
w32oo,w32,209.9136310280925,524.9410008942582,1117.245032481829
w33oo,w33,238.21886142616628,626.4025409026095,1406.640258374393
w34oo,w34,236.30081352778924,561.2951017054407,1327.3571289717586
w35oo,w35,236.0241906623501,531.2413723806764,1285.759069616471
w36oo,w36,214.70060707269803,472.1041677214464,1376.3819566474626
w37oo,w37,222.94080555297452,464.8790600582861,1159.337735700396
w38oo,w38,259.75155569637667,540.4357357035947,1189.8180488424732
w39oo,w39,187.60712509027297,469.4334303188758,1066.8860975888354
w40oo,w40,207.1904650114667,508.591366483666,982.8466512681072
w41oo,w41,225.3382022961884,469.7666066503363,1117.3162665340135
w42oo,w42,241.8863402718576,482.9023496773916,1445.076330313177
w44oo,w44,225.75576410059352,506.686766256965,1130.6208794238346
w45oo,w45,223.88997256658257,488.0034172061355,1097.766987892015
w46oo,w46,173.08712645006744,512.0441576200986,1349.5565272805254
w47oo,w47,243.16691678551032,498.0513431413991,1115.3818407474023
w48oo,w48,259.84668642957325,520.5354164414298,1082.0587592848158
w49oo,w49,252.25101563355528,515.9814793780848,1114.0466371378254
w50oo,w50,239.17598127573208,566.4394123533784,1203.055239032962
b01oo,b01,251.72718477849864,602.1528044972974,1598.0484282757277
b02oo,b02,292.3219491254472,603.2320133061124,2519.707266411274
b03oo,b03,202.87363392260625,612.8345459778205,1914.6510247675697
b04oo,b04,255.2945191853052,573.2822475718812,1912.797556428509
b05oo,b05,216.9962842147276,540.2182832376928,1606.8849102034262
b07oo,b07,302.13740743660435,883.962079759361,2271.868715330111
b08oo,b08,217.0978893751333,642.8089331318643,1853.1502302494328
b09oo,b09,236.28789646798316,748.6515741982626,1451.4834760860815
b10oo,b10,212.83347846968087,618.2290767055296,1789.291682760743
b11oo,b11,219.09498301584745,683.5923998748083,1618.064204734685
b12oo,b12,271.41745959168014,640.9240787705245,1805.952386229554
b13oo,b13,225.5982495678033,704.5970073928889,2605.3067511725094
b14oo,b14,223.706325608288,655.4415175021221,1506.1091280228088
b15oo,b15,287.3474202568008,589.9281409578268,1786.3705884398844
b16oo,b16,208.77800920960024,637.5661901399142,1572.02554096191
b17oo,b17,261.6873384908685,585.7199856647759,1848.296563737424
b18oo,b18,237.2342135404887,579.6207495702478,2035.2610491929288
b19oo,b19,252.001988791468,652.0281427541247,1630.5332977530838
b21oo,b21,219.9516206978257,578.8307222270112,1766.6426566011385
b22oo,b22,245.88214567108335,621.7089101658867,1971.7391581852569
b23oo,b23,278.1332585956369,582.1337329757898,1871.077560180996
b24oo,b24,245.24902108524637,560.045458826008,1903.830496580028
b25oo,b25,241.95588759980015,611.0186786480587,2417.1165127218246
b26oo,b26,228.02427608833503,609.4351406155135,1357.484640555777
b27oo,b27,215.8126305736104,634.5634428657344,1486.6372606440675
b28oo,b28,241.6260709167459,577.6331822146567,2417.766474610556
b29oo,b29,237.74564050661328,662.7260712335292,1739.1749121884045
g01oo,g01,247.7493711198541,601.308866348056,2386.011023553136
g02oo,g02,233.2667764433112,620.9548911789788,1511.9914362632635
g04oo,g04,279.5427278988357,636.2626700152334,2023.209082371322
g05oo,g05,229.239414585114,677.2892704947765,2084.94199709171
g06oo,g06,255.66314861735648,873.1027947559301,2392.394563222797
g07oo,g07,252.0255744414136,529.3376352862433,1767.0680423215242
g08oo,g08,274.3741221755582,717.7724908983608,2206.9485625477346
g09oo,g09,291.456337899569,612.0338466414426,1883.5839649305317
g10oo,g10,241.0515491931447,655.3204973477463,1552.1068199566348
g11oo,g11,219.42857504202937,622.6081902733553,1602.410372410951
g12oo,g12,260.0155594500751,606.4088042918473,1907.5258166311776
g13oo,g13,277.43680930438313,575.7917430938345,1767.8593334192765
g14oo,g14,246.8416200473509,505.6294889151526,2318.918381724101
g15oo,g15,237.97514083930736,706.5611879471038,1960.3520118997112
g17oo,g17,246.02823340027604,634.5177148719514,2077.8582475792223
g18oo,g18,216.18495494436328,702.7146193507042,1885.4173698302984
g19oo,g19,238.41062351996203,659.0850842164273,1529.8101325393925
g20oo,g20,245.7198724539328,580.2465727787538,1694.7378104751324
g21oo,g21,139.87175402467128,581.6038361827954,1616.7846373119153
m01uh,m01,170.5995670299506,665.1343074625054,1237.435100740337
m02uh,m02,100.34225051979786,665.8252832858844,1057.3918142946025
m03uh,m03,96.19536186322664,622.6735330859044,1090.9159129901332
m04uh,m04,131.7599929128493,665.9033405606816,1066.33632003033
m06uh,m06,122.09127123865323,636.8087275194881,1184.075795981499
m07uh,m07,93.1680431044878,641.4873051463072,1157.309708792643
m08uh,m08,133.95987874530147,634.9564129297216,1194.5949340676298
m09uh,m09,119.56549382794157,616.0488938264724,1392.4416796137468
m10uh,m10,158.58266650859863,644.6500636506366,1225.9298122619214
m11uh,m11,152.9880334521185,614.405847043662,1248.2540512966534
m13uh,m13,109.52566556988248,640.7852160928875,1151.582320535672
m14uh,m14,105.66096136879132,625.0171618669905,1127.8047821831094
m16uh,m16,148.81589432857828,587.1381011115112,1150.5596958936935
m17uh,m17,151.034479499598,681.3534577584596,1232.0520174103997
m18uh,m18,146.8354505950033,601.2669283400024,1166.3286395272023
m19uh,m19,153.7316415962994,657.9829771428768,1343.7036649620875
m20uh,m20,137.3730106549962,635.8167987911418,1231.3698423479093
m21uh,m21,119.32811760678764,593.9045885092331,1268.3052197395907
m22uh,m22,124.23051738253808,636.2766981540162,1197.9566306348845
m23uh,m23,112.5852431984015,612.9932821682443,1078.8934728071952
m24uh,m24,127.6147659897218,634.8448966332445,1263.7636325946537
m25uh,m25,113.22617481076924,594.761256008451,1207.6978829925465
m26uh,m26,116.09780717447607,598.851938672467,1242.6291907678085
m27uh,m27,106.1822054620491,655.5055085039148,1176.1198218146792
m28uh,m28,127.4000668211754,683.3563269307023,1219.250070337177
m29uh,m29,134.1464471611052,628.836377973561,1209.5794537955778
m30uh,m30,96.34688267187252,569.8514537523193,1145.83748048969
m31uh,m31,149.22647357389732,636.8902840915473,1244.2828036942478
m32uh,m32,147.2942876931943,654.67394150864,1129.5893226816593
m33uh,m33,135.7550336531325,586.4197784291583,1146.739487824506
m34uh,m34,119.61534434066397,584.4630890646733,1157.934152602981
m35uh,m35,109.99229398909875,559.1822823490057,1353.2195834443023
m36uh,m36,117.7268815089402,613.6256520694716,1319.843489843082
m37uh,m37,133.43002530753554,598.8743085937763,1102.6324283335316
m38uh,m38,139.64540689308822,598.0479415785953,1185.51961292769
m39uh,m39,146.4494877545301,605.7949156465819,1228.619726867278
m40uh,m40,139.2760622635006,623.2323959323473,1342.098879402782
m41uh,m41,147.88418011040898,643.3828269817134,1223.7987200443094
m42uh,m42,126.30212383796868,637.0049305477415,1257.2857885410715
m44uh,m44,107.74868943778031,654.9334811714273,1174.2538360157912
m45uh,m45,181.26294902321345,646.7637751729656,1080.8131021251752
m47uh,m47,124.53226056449915,571.9808011086518,1058.746543090045
m48uh,m48,116.97085663100658,597.5159198439742,1186.5222876175687
m49uh,m49,137.51036729100804,629.1223749296747,1211.5188607267492
m50uh,m50,120.16318360085737,613.8629415571445,1202.3261296430633
w01uh,w01,223.11842450109572,800.4852111570448,1496.4320571446592
w02uh,w02,231.62426434925075,824.0340678377914,1541.8746314499394
w03uh,w03,211.5961303547356,786.8325089298738,1311.8943108095934
w04uh,w04,217.73314725167597,737.8256147657883,1584.8552267307014
w05uh,w05,226.2509950868024,736.2180771219274,1318.6358397965182
w06uh,w06,229.6909481617177,810.3516699149769,1451.4635746005356
w07uh,w07,191.50942022722757,818.3431611961629,1287.561316841693
w08uh,w08,246.1906158454398,809.89698573016,1591.3498880048448
w09uh,w09,232.59011081914653,811.6481549334992,1367.1154977544268
w10uh,w10,218.2734617618597,695.4241942874212,1467.1929369789395
w11uh,w11,206.5808245460396,759.9480036732778,1595.9306943255422
w12uh,w12,247.1544093901948,820.0162363080783,1634.9515475418812
w13uh,w13,240.13066633902457,728.0019926496623,1322.0309972239124
w14uh,w14,224.18121629198623,761.9038970903629,1548.0708982688814
w15uh,w15,229.7808447813526,708.2638155171755,1330.3022926575638
w16uh,w16,199.6260927473568,810.8035474734495,1362.8505025437214
w17uh,w17,215.0542820837372,728.5943818598217,1274.1783248957695
w19uh,w19,235.4968589192557,852.9892526941446,1524.2208319715864
w20uh,w20,220.096147739699,673.0753558463637,1155.6292530525225
w21uh,w21,226.9448896065212,738.8992067631451,1355.2979887896936
w22uh,w22,187.9578868748558,783.7563177917245,1388.842061857172
w23uh,w23,215.3774947054593,698.9651273144071,1261.6476397100932
w24uh,w24,160.69192967891593,806.214631738236,1426.3201791780764
w25uh,w25,218.7257454459569,795.9840533957714,1248.5523633255298
w26uh,w26,215.059275609402,707.0381479382802,1391.1346224107838
w27uh,w27,248.43409127635303,817.6276757593841,1482.9486530897325
w28uh,w28,232.18430932080108,714.4390257322592,1584.812850528125
w29uh,w29,310.7883636791727,889.2151300324905,1591.8451275424525
w30uh,w30,235.04136139050385,831.054093718281,1532.7926560499811
w31uh,w31,212.3933682137484,731.1181939746945,1538.9933705212286
w32uh,w32,211.53074415918155,671.7016855859802,1147.0821338426042
w33uh,w33,242.63554281816488,845.6464057142508,1479.580225045407
w34uh,w34,234.02373030740955,862.48772083657,1425.8243444771765
w35uh,w35,208.16471268982397,729.2080461114567,1441.5502057361027
w36uh,w36,207.9685264955857,720.6518636615918,1294.7816364009077
w37uh,w37,212.57300744804056,800.1885293426257,1485.36391126485
w38uh,w38,229.20563918572293,812.8259720126346,1507.1808869628776
w39uh,w39,200.0611980382045,725.8348069797162,1309.8582524123876
w40uh,w40,196.8451359754996,721.8250072012438,1225.62498566134
w41uh,w41,214.7700703683478,792.2243723877384,1386.1397084736957
w42uh,w42,245.55918719382603,744.4711907925775,1339.267591348376
w44uh,w44,214.4882634840473,703.3128207462261,1223.5438051266606
w45uh,w45,202.7700676026764,784.5790685670015,1394.6939039534034
w46uh,w46,153.50267402112587,687.2751125924813,1259.7339075229772
w47uh,w47,218.03819454176144,730.3662649600623,1341.3473032931267
w48uh,w48,237.77476305611688,726.551460509373,1368.8744574477191
w49uh,w49,216.81122699726905,741.5653845746874,1337.2918255940947
w50uh,w50,213.7041290897004,796.5769205074835,1418.68546514198
b01uh,b01,241.23073865132068,747.3476566470357,1607.8718162652692
b02uh,b02,270.2118343445944,912.9606946246424,1957.4495421162308
b03uh,b03,212.7611635815665,889.9270063584208,1783.9511808606887
b04uh,b04,243.62962758733045,767.5395782320657,1724.1760154607405
b05uh,b05,224.5793283066861,731.5056315293881,2011.409195222632
b07uh,b07,288.0010423071016,903.4354573744192,1582.5115100447715
b08uh,b08,199.0584608306696,852.5403100474828,1469.0284547261208
b09uh,b09,240.066367243486,751.1023599891749,1432.4047571920423
b10uh,b10,210.81863169903025,730.0996332756076,1714.2462575676848
b11uh,b11,214.1846292798677,1090.7671836115956,1993.259769028208
b12uh,b12,257.2461384226196,813.5382433240268,1609.6420675026532
b13uh,b13,210.74023121415436,1125.0461526380134,2912.674928245394
b14uh,b14,220.5357342421276,779.6363728430031,1400.7989148894242
b15uh,b15,278.7222385795639,741.898508488908,1963.3863955384677
b16uh,b16,186.6984412095064,752.7711976435551,1429.877321277972
b17uh,b17,258.5987904231159,786.8674091377649,1398.675300674566
b18uh,b18,266.3552558273983,805.4628656443745,1488.212203201637
b19uh,b19,238.36755253411,819.14332212451,1810.407747471224
b21uh,b21,211.73127370204168,828.8296860110678,2509.1854968486987
b22uh,b22,261.40171382614227,869.4825195956079,1918.524513577935
b23uh,b23,281.212428217683,863.7515292675143,1502.5847699520448
b24uh,b24,214.96538188256196,799.9145460400924,1572.036163024327
b25uh,b25,224.169506394946,741.4257042173851,1508.8777964489025
b26uh,b26,223.7024779279919,706.4053645148,1614.935162565086
b27uh,b27,214.94874737948976,890.7454214026689,1577.460173358406
b28uh,b28,207.467130267234,742.9701156853147,1806.6197047576063
b29uh,b29,241.8497893670683,910.4569722104828,1431.1101040777107
g01uh,g01,249.2041054529757,885.6604672140271,1966.0374638513692
g02uh,g02,236.2267908942372,878.7099361967632,1603.538798133628
g04uh,g04,272.06161967496524,792.4496412678757,1664.1281271281273
g05uh,g05,224.23805559709743,894.961878815992,1740.5214956290238
g06uh,g06,242.1815634552424,918.7660689477937,1533.9706388466525
g07uh,g07,234.93476892382628,743.9978452622032,1740.6594851344637
g08uh,g08,241.03870035055263,786.2702092264715,1863.59007262163
g09uh,g09,264.02720313600344,779.5759552453878,1680.7274449198728
g10uh,g10,238.40102740441583,951.2372984966936,2009.4831675024489
g11uh,g11,228.6329680467969,735.2557959959299,1660.0163849742632
g12uh,g12,270.5127876107724,848.6232159833125,1854.272859868898
g13uh,g13,236.829075441849,774.5626191154499,1536.1892464555403
g14uh,g14,209.58740320607333,695.8589264460516,1660.1668443143512
g15uh,g15,253.7177828086733,884.1754001122779,1981.881674384707
g17uh,g17,262.9472872536692,910.2020406581884,2124.1460444945938
g18uh,g18,204.7354284990524,678.8145613133464,1794.8781998343225
g19uh,g19,228.60457444559967,902.69132269791,1727.8374476160998
g20uh,g20,255.85195803236007,890.0584075453386,1381.3496648568755
g21uh,g21,236.17461424694187,813.0687538592458,2037.1576805698528
m01uw,m01,184.5757261361352,374.2291930974464,927.5019365458576
m02uw,m02,110.612607477894,341.8313755231859,957.1879482740076
m03uw,m03,101.04149340922751,401.2550831204196,1012.3989818301897
m04uw,m04,144.12373667157672,404.3536533793539,1224.919258019298
m06uw,m06,118.326594983274,374.856232023385,957.6452096827292
m07uw,m07,111.66967294014802,345.2315831591821,1013.9142890132174
m08uw,m08,128.53174827817173,396.3209871043629,1096.8156783716831
m09uw,m09,163.223968158065,403.2876138062488,1287.8156594321592
m10uw,m10,156.07734921902983,363.0160033766167,1138.5419565968982
m11uw,m11,159.85248753967352,347.292264476329,944.0471315114738
m13uw,m13,116.58793231156132,379.73722945276006,799.585497925081
m14uw,m14,115.32925155891289,396.1669295068557,1132.0278816776272
m16uw,m16,147.9090890601995,393.33099324347376,982.213492392418
m17uw,m17,171.64123114403404,352.9858930014326,891.0998066478547
m18uw,m18,145.06717614213142,417.9170791949741,1049.840923169614
m19uw,m19,164.04332746739152,471.54138126176025,1192.7230193814833
m20uw,m20,155.5006958735201,383.74493894754426,926.4744390731156
m21uw,m21,114.505860126662,371.3512950202504,1011.9305101498176
m22uw,m22,124.11597368501324,394.0757711711232,1099.0276158631534
m23uw,m23,130.75107512933317,395.0485813118608,929.5054388449798
m24uw,m24,144.3193762377515,431.6979261131818,1113.4219122809377
m25uw,m25,121.00619628194752,376.9871837442576,1001.2360232321164
m26uw,m26,124.64260212985114,386.32589591176816,972.4021701719124
m27uw,m27,120.88198442721044,372.12746071701065,977.226908008196
m28uw,m28,193.542906173606,405.95345287734335,953.1670942930638
m29uw,m29,141.81587251468576,405.88832594052536,965.0469047732648
m30uw,m30,109.89777804978846,335.3807363856321,883.3903340174274
m31uw,m31,193.3596134097653,385.691586744086,1066.332230538076
m32uw,m32,164.80579601601974,424.0202894213953,833.7833428630854
m33uw,m33,158.00519857215906,380.5844809587777,942.5866231599364
m34uw,m34,131.58316652518818,393.7790215870269,1027.4626815426773
m35uw,m35,114.90406505662212,360.7096624034009,1156.0484037482847
m36uw,m36,123.58312826896524,411.5650522075109,995.6229875580444
m37uw,m37,144.02458503353847,422.10802740601815,857.2977923792026
m38uw,m38,152.70482665015953,398.5127096920593,1086.841221123171
m39uw,m39,193.43168066906168,386.1799843292182,945.1137450766156
m40uw,m40,148.31023809066394,345.6808674637461,938.2174456191646
m41uw,m41,149.43456230978586,442.4675404841072,1128.1223895059045
m42uw,m42,149.4605932967948,441.86953816531,1113.078924047257
m44uw,m44,112.01443083959384,373.58610912054405,1014.1419266179116
m45uw,m45,215.41658695612705,428.2879145493914,852.8369918607084
m47uw,m47,146.31487117120753,415.4542808415837,1206.980014124473
m48uw,m48,129.68945424283143,386.88324447508194,899.3481983174624
m49uw,m49,187.77238331821613,380.385392484853,887.2787191175137
m50uw,m50,129.35557987491654,403.585294484176,1009.8701479549948
w01uw,w01,259.878158090122,497.74339507966687,1055.938361817878
w02uw,w02,218.27408025799795,435.8372875827724,1438.8100280757528
w03uw,w03,213.70541630350613,426.8968432884394,871.0979236292037
w04uw,w04,217.1544571390324,433.9552283635064,1392.351936003636
w05uw,w05,249.224853374028,473.78874311393935,997.0309041025542
w06uw,w06,218.52181498681287,437.662723421442,1096.17609430801
w07uw,w07,205.646374085707,411.993177711979,1019.1606594123182
w08uw,w08,259.97990741522153,514.7106331652043,1525.129108036301
w09uw,w09,261.8247609174055,489.7991825609523,1070.0201062416045
w10uw,w10,240.34732155337625,480.2673411448352,1133.6262594045927
w11uw,w11,234.4140317899723,467.9993024949746,1626.5007694109247
w12uw,w12,242.47781923779013,478.6867693683559,995.6041732412788
w13uw,w13,232.0663033788809,460.4842402624754,1162.8428038266711
w14uw,w14,241.01107613122625,477.7141745488368,1158.0976448529177
w15uw,w15,270.6319475250364,467.46340980462793,865.6670719967727
w16uw,w16,226.42351054100536,452.1677102667202,1143.193829786355
w17uw,w17,218.2039681225296,437.65491822415646,951.946142571391
w19uw,w19,258.26300812567194,515.4090523957294,1029.781787113854
w20uw,w20,170.45446354932227,397.8000339463334,912.9946148561584
w21uw,w21,244.57044987376324,479.4573609192513,1244.860436227631
w22uw,w22,199.954618325334,403.3161074506641,1005.5086300065104
w23uw,w23,210.7092423004401,428.4901198075777,1033.9547496183802
w24uw,w24,269.8933989187997,532.1553915811442,1075.153659586563
w25uw,w25,229.0280801582888,460.79651901444174,1374.4989938493234
w26uw,w26,229.2195005231576,442.1698245184923,994.4059909082656
w27uw,w27,259.1927587386596,510.2075542563431,1049.4106545150607
w28uw,w28,260.79970912794613,521.4940796398681,1093.4442784681492
w29uw,w29,297.804017095263,476.881687112971,965.0278622849136
w30uw,w30,270.0035037421162,527.528072865244,1078.1141012664543
w31uw,w31,242.88025946982617,485.2060565970624,1126.036142867899
w32uw,w32,236.6233011569928,463.6578081060826,1153.2245818951
w33uw,w33,272.22014165235976,526.4368965329788,1094.9946034368093
w34uw,w34,241.10594445073443,479.5781512085684,965.748588863328
w35uw,w35,231.1163651444844,463.05506334829033,1470.3674051666658
w36uw,w36,220.12412200258848,444.5235991208334,1605.779975295847
w37uw,w37,220.95200033630255,439.2258640692094,1165.3625050077617
w38uw,w38,256.23158464284984,511.9347327995927,1066.715157467606
w39uw,w39,208.5134654616513,417.9018120071341,886.5631155718722
w40uw,w40,222.1772940488679,440.9578932773208,1067.4587242519788
w41uw,w41,236.6443218202798,457.0959969475949,962.3240819476456
w42uw,w42,254.6678772318443,465.5800889480054,967.1802607433992
w44uw,w44,254.00689249296155,451.517981897122,996.4928782423608
w45uw,w45,204.91717287383872,412.0382842429392,1007.4413348576207
w46uw,w46,169.86564545122582,366.7805824278024,1295.6147312106114
w47uw,w47,239.11351241036,477.2044935461117,992.1625886423512
w48uw,w48,233.9286762194457,469.2992630432418,1093.734322971059
w49uw,w49,239.55246626793624,427.2915565562547,961.350519425417
w50uw,w50,264.26266792528,487.9980090543714,1328.2250189160093
b01uw,b01,250.35201136504176,547.4364900372833,1708.6895297411218
b02uw,b02,288.50501827641625,615.258104436698,2632.663560279402
b03uw,b03,203.4955605269356,531.3666142669723,2476.3574847435943
b04uw,b04,259.5115336417466,559.3341780015355,3397.730473458764
b05uw,b05,241.8493526279703,507.8884329572028,2462.3124755944377
b07uw,b07,321.8919048394384,750.61047685637,2037.9149303856425
b08uw,b08,227.1362804895797,470.1305960597888,1663.5438703614875
b09uw,b09,256.14036245382005,528.8645696414148,1652.979402673496
b10uw,b10,217.0786792997612,503.0608926877546,2291.8883734033607
b11uw,b11,205.319227093296,482.0954730178803,2464.9439246557213
b12uw,b12,258.228704515757,514.5662580944106,1519.3872581831092
b13uw,b13,206.8017894550871,486.3423662959008,2696.199783406488
b14uw,b14,207.7480857428803,450.2874031136045,2287.1250780819078
b15uw,b15,277.82459283319434,579.366215685674,1731.7564524666734
b16uw,b16,245.8225785150674,518.6680134650317,2530.2967030970917
b17uw,b17,258.4456401511321,525.3492708732905,1729.7503445750935
b18uw,b18,275.7790760290653,632.3053897907585,2673.3563056806997
b19uw,b19,280.4597336233895,573.1141031249057,1131.236994063108
b21uw,b21,258.65614241411646,570.1388023464687,3182.8854776557946
b22uw,b22,266.0132501346509,528.2753587095348,2648.310338501131
b23uw,b23,281.68081761878875,562.583705439151,1825.9939655473847
b24uw,b24,224.7111263208517,461.88513157904833,1965.975298470356
b25uw,b25,218.3960391370586,443.3347905587436,2092.8681401658573
b26uw,b26,223.81434895183597,482.3508017339734,2871.1124587861204
b27uw,b27,252.45415422493036,528.6754331510791,2876.1786132210964
b28uw,b28,216.5847949936324,445.3307556170955,2091.7460048618705
b29uw,b29,246.10478542473416,498.2488606423969,1832.1478353242223
g01uw,g01,254.3733218280024,571.5170030576572,2382.970772276205
g02uw,g02,212.5546097335242,440.3794193614293,1111.828067861524
g04uw,g04,285.79572588253006,541.438262282348,1994.667728705614
g05uw,g05,219.56243474959896,453.0381264439312,1825.0267739914443
g06uw,g06,255.6756608056012,623.5115429307276,1695.7586949761387
g07uw,g07,257.6254134565373,562.6453699941503,2379.023250305648
g08uw,g08,269.9288144030433,528.4992028880721,1821.970441663293
g09uw,g09,301.4559468028612,639.2368349344715,1647.8812722285045
g10uw,g10,234.7436529552344,485.4608162051202,1546.757682418803
g11uw,g11,237.71204318569764,488.37722665638,2302.96213305193
g12uw,g12,277.1507064425033,639.7592735967468,2306.120618313009
g13uw,g13,274.7470376316616,545.9833293070767,3384.574057351433
g14uw,g14,239.03762636992755,519.0905704320608,1272.0812538463572
g15uw,g15,244.35918169534145,526.5861331949909,2282.843081642142
g17uw,g17,245.0856697091912,535.782061321377,2525.4166774972423
g18uw,g18,227.5009942843377,506.9865491838984,1958.80469969736
g19uw,g19,245.4192773314099,500.49078767272175,1415.4119584785233
g20uw,g20,253.2461840440843,508.3568312576987,1948.164814329519
g21uw,g21,226.1128894886957,461.379859978933,1619.5539328138675
