file_id,talker_id,mfccs_0,mfccs_1,mfccs_2,mfccs_3,mfccs_4,mfccs_5,mfccs_6,mfccs_7,mfccs_8,mfccs_9,mfccs_10,mfccs_11,mfccs_12
m01ae,m01,-222.71681,163.40218,-94.953255,41.8158,-20.55194,-41.742794,-60.25476,6.1575756,-11.537424,-5.1637297,3.4322593,-25.425087,12.261275
m02ae,m02,-222.5899,183.56212,-83.6982,49.213333,-13.779591,-36.48909,-41.444057,-6.852746,-1.8389078,23.40093,-5.17761,0.7938496,7.074496
m03ae,m03,-224.82143,186.76222,-66.97842,48.145657,-27.604216,-11.631143,-57.38294,-6.4624577,8.024565,-3.9794781,11.770772,-8.355895,2.038847
m04ae,m04,-249.9628,196.26328,-68.814896,41.259037,-31.070305,-25.01991,-41.282223,-13.665401,4.9997897,2.3214648,-5.145462,-3.1820295,7.906868
m06ae,m06,-251.32115,173.96033,-100.82888,39.52048,-30.191566,-23.411873,-52.478786,-14.981428,6.0201616,-10.114136,9.966738,-10.761333,13.1868305
m07ae,m07,-215.21834,180.18945,-64.83798,69.14511,-23.66917,-21.794827,-54.89287,-16.16985,11.126433,-3.7767622,1.8092798,-3.5974073,14.052217
m08ae,m08,-267.24512,175.58946,-74.45158,47.707333,-13.971251,-29.321602,-39.068073,-19.96306,-3.2134106,9.622655,-6.777413,-5.623883,9.836208
m09ae,m09,-235.20815,175.19106,-53.10719,46.54202,-24.131155,-12.130979,-73.05926,-0.22086902,-15.02782,-17.943586,16.10372,-29.360254,15.725712
m10ae,m10,-226.94656,171.09583,-93.83609,61.264294,3.8924835,-53.787262,-40.07883,-20.691708,-15.862956,-7.0044723,-18.73345,-3.381401,3.5554917
m11ae,m11,-242.08334,196.91241,-72.93668,42.655712,-27.801355,-12.417985,-51.335983,0.016708635,6.27125,-12.953612,15.357407,-19.79696,6.14041
m13ae,m13,-222.29337,204.43382,-90.280426,34.436943,-6.9941597,-41.931847,-31.343359,0.6574501,-8.474536,11.872359,7.565032,-10.389707,1.4298072
m14ae,m14,-203.8304,154.54465,-69.912704,61.36637,-29.23997,-12.397756,-60.364887,-4.0257826,0.3543288,-18.603128,7.4319715,-12.16205,17.210987
m16ae,m16,-230.12321,175.8629,-91.31293,46.117836,17.96561,-45.59517,-41.285522,2.4823852,-28.799425,8.103562,-5.4831295,-21.258009,15.953719
m17ae,m17,-218.04652,165.84535,-66.853455,25.586514,-64.142586,23.20492,-54.95011,-18.538584,19.20075,-6.7150598,5.3982034,-8.655117,-8.584913
m18ae,m18,-288.4325,167.50534,-37.66061,55.45553,-6.6441836,-32.857204,-49.822426,-5.003969,-35.142868,-6.145624,-9.41738,-21.77106,27.164942
m19ae,m19,-220.11649,163.2418,-52.298264,37.09934,-22.543638,-16.4202,-65.62092,-7.2960258,-1.1571574,-12.152645,10.891481,-13.713087,16.544352
m20ae,m20,-247.76059,183.17726,-51.598427,31.707144,-3.6677215,-28.904812,-64.65944,-8.10417,-9.71486,-8.421682,3.5773168,-12.592166,17.188286
m21ae,m21,-234.19598,169.80177,-83.999016,64.85468,-6.020585,-43.836136,-44.435688,-32.789368,-11.731536,7.3518405,-3.075138,-12.2569065,20.171919
m22ae,m22,-241.60797,183.9796,-68.11215,38.377502,-16.32094,-39.58682,-49.606506,-1.2760056,-1.2129697,-3.1459234,2.5714984,-4.4524183,6.6913385
m23ae,m23,-227.82657,163.89877,-82.17,71.330795,-29.666824,-29.903324,-51.744366,-8.804745,-0.75767624,-8.509308,-4.972692,-3.1879475,5.4153967
m24ae,m24,-281.6963,188.11902,-42.517193,34.53222,-14.454197,-24.200325,-67.17397,7.7384753,-6.4297085,-14.022028,2.960831,-8.971491,13.233483
m25ae,m25,-216.72774,184.94101,-73.16001,52.323364,-12.370799,-15.258471,-58.000957,-22.26122,-14.459429,-2.2030005,-4.8484106,-6.5085917,15.996135
m26ae,m26,-247.34937,185.67322,-63.532036,34.522655,9.217754,-52.92704,-61.329224,-3.850474,-26.923834,-6.023773,1.5747308,-11.455524,8.057976
m27ae,m27,-217.47287,156.13165,-82.53233,73.918335,-26.59449,-26.113922,-52.29961,-0.8871022,7.6312656,-8.293532,5.363489,-5.382284,18.312017
m28ae,m28,-215.64377,188.4097,-57.684334,30.26615,-9.043738,-32.680897,-40.444508,8.455877,-0.027069032,2.1899574,0.035004437,-10.887558,11.239485
m29ae,m29,-226.98495,195.708,-84.32547,53.922157,-2.9111457,-43.274834,-50.731045,-6.842355,-7.3682756,-6.795726,-1.3065815,-0.53965294,17.127232
m30ae,m30,-262.13855,187.75308,-78.48849,64.005356,3.3209038,-19.645596,-42.107414,-13.738215,-13.37563,13.47037,-8.012612,0.9604379,17.035873
m31ae,m31,-276.264,155.95335,-30.34696,51.290417,-16.519733,5.05955,-67.66085,14.62524,1.803105,-2.709608,23.569117,-7.4725575,15.660193
m32ae,m32,-222.34154,171.52174,-43.524788,32.604942,-29.760206,-16.258295,-61.575222,-10.109612,21.761549,-16.41225,6.610945,-2.005938,2.1750607
m33ae,m33,-238.08696,167.42029,-51.07633,49.139687,-14.81814,-33.742134,-50.86714,-7.2883244,-10.472462,-1.2220814,-7.575052,-0.13387008,17.13837
m34ae,m34,-210.62596,165.23584,-54.23235,62.294907,-21.756535,-15.351482,-49.649826,-31.984837,10.495721,-14.680407,0.4432431,-1.4847379,3.993359
m35ae,m35,-238.81358,168.69229,-73.21196,20.927666,-29.648497,-2.4683542,-70.838,4.2165203,-20.487337,-1.2661625,17.000586,-20.85475,17.10163
m36ae,m36,-282.9446,192.38235,-68.88609,35.30412,-4.7310615,-32.214592,-56.158516,4.697836,-24.870659,3.2987373,7.235525,-27.50144,27.018045
m37ae,m37,-237.71823,185.07176,-78.44488,42.354397,-23.181116,-12.9922495,-58.67391,-25.42352,-2.685142,-0.74060196,8.400819,-20.414425,10.065161
m38ae,m38,-269.79938,166.41554,-62.136158,49.50977,-12.373651,-38.468384,-52.2551,-17.25367,-2.1101997,-13.01533,-12.365697,8.651888,8.778549
m39ae,m39,-262.81116,175.0154,-49.26808,53.472023,-25.683996,-46.679848,-44.683933,-15.18101,-8.394906,-8.711294,2.2948718,-9.749467,18.837109
m40ae,m40,-195.59969,148.39261,-41.654243,48.509193,-43.12484,-4.701556,-81.207664,-4.6981144,7.690848,-19.77312,10.557386,4.149757,1.0354874
m41ae,m41,-228.5702,174.82668,-103.6236,51.62501,-10.306687,-39.04476,-31.181839,-27.207508,-2.1196563,-2.7135468,1.9430745,-3.1728277,-2.0079944
m42ae,m42,-271.15067,176.02394,-48.053543,47.112644,-28.46654,-19.720932,-49.637085,-28.573767,9.347296,-4.1717324,12.9332285,-7.580078,18.123743
m44ae,m44,-281.75214,189.00107,-76.48899,37.78564,5.62815,-41.39627,-52.339966,15.81751,-22.298899,6.5653677,7.4841743,-10.762285,27.503674
m45ae,m45,-282.10767,155.98042,-73.28841,75.39177,-36.411674,-70.23012,-23.806377,-6.5009437,-8.461176,-5.5812407,-1.9312931,-4.5064683,-7.5988083
m47ae,m47,-249.50647,157.59062,-63.208138,46.528465,-8.43044,-16.856535,-66.796486,-21.953465,-14.840093,-18.495787,14.341715,-19.651741,11.30323
m48ae,m48,-238.98474,170.81943,-32.394672,43.266693,-35.139732,-0.052293062,-69.82345,-32.54829,19.253407,-18.698383,9.021763,3.555263,3.8795881
m49ae,m49,-227.19829,178.2759,-74.19587,43.468784,-17.06144,-51.5283,-46.254616,-11.120911,-20.668396,10.98755,-2.5916333,-12.664376,13.29986
m50ae,m50,-273.8941,174.94728,-64.48883,65.64534,6.042437,-49.490086,-65.36028,-9.679852,-11.469797,0.8603425,9.883975,-2.97116,22.944767
w01ae,w01,-247.01967,161.9086,-71.1312,41.620598,-44.119236,-46.44204,-35.414616,1.6032962,-1.2295489,-13.789672,-0.6109138,-0.21671599,-9.57096
w02ae,w02,-280.9166,157.23987,-64.92808,58.820507,-51.387997,-49.803524,-40.173065,-9.333521,-3.1498554,-28.19801,14.527867,-13.125969,-7.9932494
w03ae,w03,-279.68134,176.65253,-69.73882,41.90786,-37.588882,-50.311054,-34.52586,6.457746,-8.097389,-9.908385,1.0966067,-7.5753937,-4.152404
w04ae,w04,-257.7062,151.28581,-83.84886,35.405773,-52.433342,-27.892511,-41.362442,9.827085,0.7140526,-15.570209,0.735572,-16.3645,-2.6548488
w05ae,w05,-251.74232,159.04454,-55.595837,37.887436,-44.108654,-22.362984,-56.86807,24.802467,-12.636609,-27.995424,10.278718,-26.239983,-6.3081493
w06ae,w06,-278.5834,135.945,-72.48303,56.679535,-32.305096,-52.064594,-47.838833,10.302903,-23.781778,3.9633198,-5.6686172,-12.8602705,8.707019
w07ae,w07,-261.98758,178.40804,-73.58808,31.74709,-36.818516,-53.185013,-38.910183,1.7187505,3.4904044,-22.430481,6.3738704,-9.644483,-9.865663
w08ae,w08,-275.8037,143.90436,-51.799603,76.34975,-62.985493,-33.803173,-26.753763,-23.014988,-0.69507116,-7.300667,2.6994376,0.4130106,-12.968187
w09ae,w09,-264.68176,160.85188,-79.64964,26.338787,-27.984291,-48.620792,-45.82195,11.095484,-21.91558,-1.4226854,2.0973542,-2.2974656,-2.437907
w10ae,w10,-236.04796,138.31895,-84.48273,61.211597,-36.285908,-42.622555,-51.662296,5.3213954,-31.510681,-13.470573,1.2606279,-3.3292668,15.31066
w11ae,w11,-231.14993,163.04874,-105.79562,5.6445436,-40.22805,-27.228386,-36.472878,13.152596,4.9702935,-9.3680725,-11.3937845,-19.105707,-7.1835737
w12ae,w12,-252.28949,137.27757,-59.192223,56.893055,-57.611816,-38.736996,-34.71314,-6.5819874,-0.27704835,-17.255247,11.928529,-11.177999,-11.726031
w13ae,w13,-270.66086,149.09973,-74.105225,63.692238,-38.04045,-45.7577,-39.487972,-1.0539012,-8.181176,-6.6689897,-2.2212467,-2.929684,-4.3590474
w14ae,w14,-259.6287,138.90402,-89.504074,51.95385,-58.16221,-46.832306,-25.07784,-3.4308403,16.367872,-18.808802,6.8378906,-3.4412239,-9.7471285
w15ae,w15,-260.1749,148.95042,-81.96825,67.6235,-27.562094,-50.582615,-33.499664,-11.146345,-6.7621284,-17.872252,4.5019627,1.7086061,-2.9228022
w16ae,w16,-264.45688,142.72441,-67.97094,71.12639,-63.49334,-22.272219,-35.241966,-0.4743565,-1.7961776,-22.180603,12.682522,-15.720136,-8.506935
w17ae,w17,-243.78183,149.71123,-74.13576,45.007797,-48.83402,-35.624035,-52.059635,6.437778,2.7293885,-11.861962,-6.618119,5.8435197,-3.449823
w19ae,w19,-230.72992,147.20462,-75.053024,30.301527,-52.284298,-38.780636,-42.05871,2.859763,-2.033097,-9.345488,5.748115,-11.63489,1.7393335
w20ae,w20,-260.17838,167.652,-42.496544,55.765903,-33.531227,-48.35983,-40.057217,6.1195784,-13.379258,-19.049988,3.4163198,-1.107442,-7.0206833
w21ae,w21,-296.72717,156.50783,-63.828926,44.792976,-15.217553,-47.463577,-49.557228,5.3414044,-20.060848,10.8779745,-4.2229586,-11.505476,10.516379
w22ae,w22,-307.42587,137.15347,-57.884056,92.29806,-61.691162,-35.67413,-40.402493,-10.345982,-3.7642412,-20.291506,10.806246,-9.712156,-5.44623
w23ae,w23,-245.42622,146.05675,-81.50686,45.40572,-54.836605,-36.188766,-41.812702,-6.357357,9.438946,-22.046768,8.105805,0.4767295,-11.115083
w24ae,w24,-234.25679,136.85533,-76.992546,39.193897,-65.604675,-37.487217,-36.201786,-4.6145434,1.4394459,-5.7305036,-0.39590055,-7.4885087,-5.8738556
w25ae,w25,-268.13794,165.89319,-38.556587,28.966993,-63.32482,-31.790234,-33.697247,-2.0874853,3.8213606,-14.305632,4.0745792,-8.909481,-5.267701
w26ae,w26,-238.448,172.35954,-110.160774,35.51926,-46.60551,-37.456005,-26.622551,-14.39447,9.321855,-10.37087,-6.329294,-13.337826,-14.630839
w27ae,w27,-271.73804,157.29422,-90.09456,52.25927,-43.174877,-59.82668,-21.065456,-9.238344,11.277588,-12.92333,-4.96525,2.0329814,-26.448765
w28ae,w28,-256.1007,126.39871,-71.43877,77.71207,-52.73163,-50.307846,-44.92297,-18.56959,15.901674,-19.236303,10.961509,6.4072895,-5.524941
w29ae,w29,-252.51836,132.59459,-65.037285,41.91101,-49.58991,-30.951752,-49.039673,13.841686,-4.9789104,-17.101084,16.85179,-12.92039,3.1970768
w30ae,w30,-247.60919,133.35243,-65.22582,46.156517,-53.125362,-16.559437,-57.27749,29.415968,-22.865654,-7.171735,7.449114,-19.72287,-0.5078117
w31ae,w31,-307.27188,164.55634,-70.262985,50.409798,-27.247217,-35.843315,-43.675564,-9.361201,6.5202103,-0.4837931,-0.59818053,-4.6326303,-4.685287
w32ae,w32,-274.64142,147.81953,-42.822292,24.502792,-43.15677,-25.575378,-57.722595,19.513874,-23.034277,-10.680671,10.467823,-14.014738,-0.25895596
w33ae,w33,-235.70082,129.28198,-61.95934,45.42077,-75.45923,-27.158928,-27.64178,4.2028017,-12.197334,-10.742258,4.4362326,-16.086287,-11.936735
w34ae,w34,-258.77985,133.96182,-47.76804,64.785164,-48.84789,-39.471222,-26.692942,-7.416139,-16.773573,-17.665892,-2.5364532,-7.4228454,-11.168321
w35ae,w35,-277.9315,152.6355,-84.221306,60.223347,-41.72351,-53.353386,-36.06333,-1.3471843,5.2874312,-15.813808,3.5262325,-6.6899676,-6.718992
w36ae,w36,-232.0367,149.10432,-76.34706,69.8581,-59.693016,-30.841482,-35.246708,1.4497954,11.644412,-23.150507,7.210361,-15.202508,-11.314088
w37ae,w37,-221.6805,151.58675,-87.99463,32.088085,-41.420536,1.0739901,-41.495556,19.165834,-7.813924,-12.687433,-16.448345,-30.368582,-1.616702
w38ae,w38,-269.18842,143.98027,-59.823067,46.94709,-55.62298,-38.665184,-41.22574,-3.9085822,0.62060213,-15.971555,21.007067,-12.825046,-0.6054605
w39ae,w39,-276.86154,146.6066,-79.0179,78.97574,-48.97646,-47.17161,-33.175694,-7.619252,-11.3234215,-18.947556,1.4813844,-3.5726094,3.8602946
w40ae,w40,-272.69348,177.02722,-51.900097,46.31721,-34.055027,-46.65235,-37.41814,-5.777989,10.776972,-10.502272,-8.877639,0.9790388,-18.301275
w41ae,w41,-271.29285,133.6181,-42.66176,68.41147,-58.139423,-43.944973,-25.876888,-10.797113,-8.049777,-12.017739,4.188157,-14.020452,-6.7955194
w42ae,w42,-290.5672,148.83572,-49.629288,71.829056,-28.985783,-47.8357,-33.224476,-13.704386,-11.206908,-7.3116293,-17.525015,0.49113685,-7.5513053
w44ae,w44,-264.49133,156.90094,-62.68426,30.309406,-30.601002,-41.431553,-52.369972,8.492642,-6.2596087,-11.664847,2.5652444,-10.386143,5.292797
w45ae,w45,-278.98853,178.00525,-79.70872,34.63651,-28.846716,-52.30006,-29.933802,-15.63515,6.2238035,-9.4317465,-6.1799603,5.2951894,-11.057814
w46ae,w46,-249.18246,168.58961,-24.004892,51.999035,-38.53758,-40.673393,-47.27123,16.111494,-22.178326,-7.354692,10.412981,-11.851088,1.9490559
w47ae,w47,-240.91302,168.9715,-100.64649,14.5154915,-47.407593,-27.554108,-43.382877,5.524296,15.024969,-20.976168,-0.41383016,-12.982397,-9.491813
w48ae,w48,-268.02942,119.64748,-68.46704,74.75199,-42.92924,-38.941162,-48.142654,-8.5843,-6.720627,-9.737378,8.17577,9.2819,-5.031893
w49ae,w49,-234.62163,158.2948,-83.024895,53.89669,-59.649815,-38.230545,-32.51794,3.5008917,-1.2760559,-20.682558,2.596586,-16.44489,-5.1743193
w50ae,w50,-249.22676,151.26381,-86.79014,64.73538,-47.311115,-50.769302,-25.67167,13.588622,-11.936898,-2.76571,-11.066678,-2.654791,-12.130519
b01ae,b01,-299.61197,145.76105,-55.165928,60.088833,-46.752415,-42.290344,-39.12631,6.65455,-14.884628,-17.892935,-6.189173,-2.699535,-7.3062415
b02ae,b02,-270.39343,125.674355,-72.93275,25.56533,-54.196102,-47.476696,-25.657509,23.359526,-2.6325548,-10.211597,-5.264234,-25.486336,-11.797088
b03ae,b03,-257.81793,132.13538,-35.42992,68.112595,-56.16329,-36.5802,-41.690895,-0.68927586,-31.726456,-2.356867,0.3501075,-2.1103446,-5.854092
b04ae,b04,-293.97247,139.22366,-37.216686,55.152836,-56.22099,-63.20728,-41.37433,-0.52478856,-1.8232588,-2.573309,13.061981,-12.122293,-8.325519
b05ae,b05,-293.91974,137.22723,-42.98506,60.915115,-66.29607,-42.415417,-42.737534,-1.1339444,4.6121063,-18.587746,14.28294,-14.584873,-21.733965
b07ae,b07,-320.08185,127.041275,-95.571945,38.284374,-55.63034,-25.179974,-37.94838,6.2951193,-0.94397604,-20.813097,5.521142,-20.791952,10.222945
b08ae,b08,-242.57062,129.89374,-67.653755,35.759377,-68.62289,-43.737522,-26.163477,21.095232,6.364178,-20.76376,-12.144021,-28.521318,-10.453553
b09ae,b09,-279.61328,144.36827,-47.20708,53.080887,-64.32901,-31.920258,-24.248686,2.46552,-9.135032,-10.200555,8.135097,-14.235661,-4.6752257
b10ae,b10,-242.49025,161.21898,-62.548084,64.0357,-57.729534,-39.578503,-31.810017,1.8115941,-22.830603,-26.123983,6.8137784,-1.8956715,-18.000616
b11ae,b11,-259.4339,142.5651,-71.56535,63.905663,-54.01402,-42.183422,-37.38867,-6.707498,-7.504514,-25.819218,12.272413,-9.491719,-8.829623
b12ae,b12,-283.7287,143.97362,-53.198486,49.03463,-66.94413,-61.56109,-37.16303,14.292597,2.6071827,-24.207737,6.0371003,-11.305018,-11.472434
b13ae,b13,-276.43683,127.22339,-50.53224,68.949135,-42.971104,-54.877213,-29.676292,-4.732024,-14.313387,-17.543589,16.21602,-5.027043,-10.415408
b14ae,b14,-263.15482,159.25194,-55.487514,49.794556,-58.157413,-28.608406,-42.489216,10.045568,-14.003559,-3.372196,-3.8071096,-11.175179,7.123495
b15ae,b15,-283.64282,113.94941,-43.256897,65.24828,-66.12663,-53.73054,-36.539074,3.250148,-10.266723,-18.094717,6.404356,-14.428338,-0.49753714
b16ae,b16,-237.7674,161.75616,-72.27872,45.690186,-55.1978,-39.39063,-40.21367,16.048162,7.633633,-25.387411,-5.960521,-22.4877,3.2903993
b17ae,b17,-300.09866,153.9589,-58.85504,44.56281,-45.912292,-47.963043,-28.89435,-15.65249,10.24817,-16.254457,2.0635014,-4.6162558,-12.822986
b18ae,b18,-302.20364,146.21486,-78.1334,38.395256,-54.458523,-45.610226,-34.630974,-0.51076436,0.08239805,-15.53487,7.070259,-12.116571,-11.759765
b19ae,b19,-288.72113,151.24278,-53.511658,63.129833,-61.528095,-43.386436,-18.199223,9.714937,-11.743794,-18.130795,5.0996513,-17.728302,-13.953977
b21ae,b21,-271.15482,166.43163,-69.54844,44.29091,-33.286755,-36.128788,-31.559328,-0.078836165,-1.3138644,-10.937133,-1.2419336,-11.724281,-14.82034
b22ae,b22,-251.26329,132.08542,-48.866062,72.97244,-60.5444,-47.308464,-41.558365,-2.4110398,-4.6940923,-25.559135,15.684104,-3.1579442,-5.9998217
b23ae,b23,-275.73413,112.145996,-66.338524,45.824142,-85.723335,-33.253426,-22.988594,15.767736,-1.4746368,-24.1609,13.738721,-21.321218,-7.350232
b24ae,b24,-307.62885,147.47,-31.344666,73.681816,-44.85361,-41.359833,-40.777405,-9.352918,-17.662907,-22.840399,6.411356,-13.467995,-12.494715
b25ae,b25,-315.5252,148.72125,-31.209938,61.310158,-48.825466,-61.507416,-45.073105,-9.433636,2.880352,-21.619198,5.77337,1.3215657,-7.1216574
b26ae,b26,-297.9663,140.5449,-21.74085,67.381,-69.780655,-40.776012,-35.133514,-15.688545,4.2566047,-21.453146,14.348511,-8.054452,-3.7508752
b27ae,b27,-279.6854,155.83751,-48.662228,59.542786,-52.43524,-33.676632,-38.157635,-10.630784,-4.9298005,-13.839681,-1.3872536,-11.457042,-15.145772
b28ae,b28,-293.01263,158.3224,-52.90544,51.282883,-43.436058,-42.592903,-34.248566,-3.8531437,-5.3711214,-11.09354,-6.9800987,-7.357424,2.015855
b29ae,b29,-232.80753,150.37088,-90.23161,52.209454,-57.257824,-15.886877,-24.28833,12.298414,3.4570343,-27.384558,3.8570876,-21.600521,-6.0419784
g01ae,g01,-252.67403,148.13403,-69.97292,40.16767,-48.917194,-47.256683,-30.745197,4.232865,-5.420728,-7.531863,-9.515999,-5.4651937,-12.054949
g02ae,g02,-260.02573,138.94385,-36.113354,54.084526,-76.0038,-37.06395,-33.112156,-4.205492,-0.16245073,-16.228245,9.851246,-19.504791,-11.642523
g04ae,g04,-260.24948,134.43382,-105.43307,41.244144,-70.81569,-27.09546,-17.842506,6.9427543,-7.0549307,-24.486664,-13.792263,-16.479614,1.9696088
g05ae,g05,-245.55476,126.64928,-57.088852,64.873245,-71.6892,-42.89705,-32.430336,-8.162165,-15.933178,-15.892097,5.6693215,-14.632214,0.65615445
g06ae,g06,-260.91687,151.40979,-95.48192,61.448982,-52.720375,-18.604753,-36.001324,9.768237,-2.1751206,-22.895979,-0.07948466,-18.603542,-11.850965
g07ae,g07,-258.78137,169.01964,-77.81422,40.9577,-41.223015,-44.34212,-39.714947,-0.2176644,2.7386296,-17.408638,5.621895,-9.467125,-3.566945
g08ae,g08,-289.35907,136.53676,-31.280245,47.32088,-78.267105,-53.29089,-30.205362,-10.020126,-15.018234,-5.4267874,-5.6050625,-5.719973,-13.105207
g09ae,g09,-241.46231,123.71135,-79.63225,48.626846,-66.64965,-28.574104,-28.193098,5.6172667,1.5026723,-18.486225,9.081171,-12.774036,-3.4772515
g10ae,g10,-230.57733,136.54779,-77.85665,46.95825,-68.83546,-25.733746,-19.27868,21.46753,-1.5297706,-29.646608,-3.4432435,-25.74578,-8.505347
g11ae,g11,-238.52055,154.04631,-69.90321,64.522385,-53.950317,-31.297865,-36.664375,3.3725202,-1.2622147,-20.530012,-5.7223153,-15.901554,-8.784069
g12ae,g12,-224.92436,121.42374,-67.05586,42.32256,-69.76636,-29.369627,-34.484024,6.8873243,-7.558686,-15.015805,1.3903222,-21.645947,-4.2741246
g13ae,g13,-259.11127,150.16211,-61.664124,34.96881,-64.490585,-55.398857,-33.40343,5.283389,4.8074274,-17.862835,-9.918088,-15.539233,-8.06709
g14ae,g14,-248.05751,166.45235,-56.095253,42.240063,-47.14119,-32.76018,-35.92425,4.443889,5.2792478,-14.5832405,3.4369636,-1.1694185,0.49956036
g15ae,g15,-250.47221,107.1207,-92.80216,66.52787,-73.63679,-7.1216183,-30.61944,15.966048,-11.23058,-24.505844,-7.198626,-23.621748,-5.2709265
g17ae,g17,-269.28568,139.4765,-59.539223,62.465805,-73.01895,-32.045425,-41.60538,1.5248662,7.8977146,-19.981823,5.870433,-14.686111,-3.6194265
g18ae,g18,-259.53018,151.1628,-45.085533,71.03283,-59.763294,-26.972391,-25.481213,-3.9679668,-10.819387,-26.399042,-7.80168,-6.1693335,-13.501955
g19ae,g19,-286.0065,131.88077,-35.476955,54.95633,-73.93526,-55.471645,-34.604427,6.2427163,-6.082944,-13.510749,14.756624,-22.091888,-5.1085587
g20ae,g20,-263.22284,165.40422,-62.250446,47.890953,-77.192635,-20.910566,-19.973782,7.3315606,-11.519134,-20.203562,-1.9942591,-15.530886,4.383356
g21ae,g21,-298.11865,140.27429,-38.103027,67.516914,-70.09603,-15.817736,-24.194508,-4.390519,-13.383558,-12.447854,0.33080882,-14.387184,-5.3736057
m01ah,m01,-241.09723,200.7872,-87.65191,-8.329189,-47.60953,-13.251028,-14.757797,19.478527,-35.19247,-9.780456,17.352434,-21.552366,1.9414985
m02ah,m02,-248.33884,205.32661,-65.72968,18.23624,-60.579807,-15.21999,-0.41418096,10.866432,-12.255132,-0.6194105,3.2893891,2.0472777,0.27876735
m03ah,m03,-226.62314,189.84074,-77.04172,21.543957,-80.33145,-17.124334,-1.1859353,13.026871,-13.7382765,-19.122717,23.435986,-11.1014385,-2.9622717
m04ah,m04,-271.7172,209.74976,-43.96461,-14.906687,-72.70503,10.746672,-12.185665,17.690365,-22.145123,-10.097174,4.2461405,-4.3280525,0.7934631
m06ah,m06,-205.89777,168.25052,-113.11392,13.014235,-70.11351,-16.224625,-2.0478292,6.841761,-9.845966,-23.474669,14.170876,-9.218786,-2.0156064
m07ah,m07,-241.18858,195.96585,-75.344574,9.639857,-59.36479,15.127753,-22.012276,0.20005406,2.1137598,-8.8326845,10.457016,0.7150174,2.5995765
m08ah,m08,-257.68384,206.30049,-96.08702,15.428177,-52.78598,-10.212625,-9.122309,-10.225626,-14.856398,-9.840063,8.179337,2.2184548,-2.754425
m09ah,m09,-244.33217,192.64955,-45.890743,-4.581575,-62.805527,30.296736,-52.40431,11.71588,0.7218931,-26.98371,34.295677,-18.360323,-14.782146
m10ah,m10,-258.22784,221.56891,-94.53711,2.6355002,-40.617443,-36.60622,2.0650873,-1.5331174,-24.674355,-2.793254,-5.6100435,-3.1950514,-8.115027
m11ah,m11,-242.7084,200.13727,-58.834606,-22.489725,-51.30453,20.71805,-49.474205,-1.7069541,2.2419386,-13.053794,19.696096,-16.08351,1.5277715
m13ah,m13,-256.88382,221.3966,-90.645996,7.240387,-44.59586,-6.001998,-6.1133213,4.3396473,-24.26789,5.2086306,8.678314,-10.209763,-7.7400336
m14ah,m14,-214.43826,187.4677,-65.05045,2.661837,-69.3471,15.970034,-32.28619,-2.4771562,4.1342306,-18.695007,21.442802,-1.8952106,-8.028646
m16ah,m16,-268.81796,238.18202,-75.89858,5.888722,-31.34869,-33.725975,-6.6961446,14.393222,-40.719837,-4.544338,15.454346,-7.1835737,12.461036
m17ah,m17,-253.34831,177.90242,-16.985933,8.1396675,-87.74908,-1.6090236,-30.228828,3.7035255,15.933147,-39.769917,3.4708033,3.7784636,1.600805
m18ah,m18,-294.73093,209.83858,-32.867355,-14.915219,-57.14532,-5.204724,-31.812904,9.956724,-24.202375,-1.8365188,22.955559,-18.837404,5.3581014
m19ah,m19,-210.35124,191.83089,-65.45192,-12.548044,-63.577732,22.078224,-43.61788,11.973141,-1.2009535,-32.393085,31.765333,-12.010239,-16.2199
m20ah,m20,-259.4981,202.68738,-89.262924,-10.766246,-30.701355,0.29367486,-39.730457,0.24633256,-9.863974,-8.801584,19.507404,-24.325537,-1.7816842
m21ah,m21,-227.1477,166.25125,-93.87358,29.15925,-64.59388,2.6040273,-14.58697,-6.036446,-3.9352367,-3.613726,12.889016,-7.3413644,2.5531948
m22ah,m22,-260.02255,224.65659,-75.074875,-10.193251,-45.570805,-1.6809641,-22.40883,3.7805648,-5.7552576,-12.48115,11.286713,-7.3846235,-11.35158
m23ah,m23,-240.82922,209.73804,-60.12387,4.764365,-80.468605,18.449738,-16.97041,2.4486709,-18.512257,-7.5201063,11.143549,-5.1783104,-5.3480444
m24ah,m24,-257.44446,200.77643,-77.86558,-16.351177,-55.50191,-11.291241,-11.14121,4.983024,-9.113556,-7.0163903,-1.9642917,-2.1208677,3.8285697
m25ah,m25,-243.46307,205.03613,-34.72662,-4.326121,-69.74618,5.20936,-23.872513,-10.086802,-10.938702,-13.285992,17.203974,3.7151785,6.720629
m26ah,m26,-271.4805,224.94266,-97.22604,-13.692963,-18.10624,-41.413445,-29.871922,3.8526866,-27.856554,-7.1602306,32.90127,-10.208956,-9.068133
m27ah,m27,-207.02216,178.89279,-57.73941,8.358117,-51.835716,16.138084,-36.63591,9.338921,-2.5812535,-6.152177,18.45043,-9.562297,-0.19429241
m28ah,m28,-241.52394,192.70668,-39.71263,-8.819811,-60.627827,2.367429,-16.210024,20.282127,-21.623339,-17.925604,14.509785,-23.42373,5.4103694
m29ah,m29,-260.47504,214.3111,-88.375084,-21.932884,-41.96785,8.17527,-31.139393,8.237993,3.0724707,-13.247328,21.763693,-16.385113,-8.143288
m30ah,m30,-229.34097,189.81013,-82.246895,37.24624,-51.243263,-5.7753286,-14.966311,-6.0582104,-13.788882,0.1997045,20.024302,11.684536,10.352864
m31ah,m31,-238.1886,185.63109,-46.279675,-14.875093,-35.791862,11.6927395,-35.30411,-16.518677,6.75109,-13.75928,21.762257,4.3451815,-15.615036
m32ah,m32,-256.64328,207.73328,-41.589237,-9.559464,-78.909035,33.577835,-41.92428,-2.6468472,8.43358,-29.929445,25.921602,2.6438458,-2.0304775
m33ah,m33,-246.32344,199.57779,-67.60039,-15.626593,-47.045246,-4.010756,-22.290508,6.863579,-10.264647,-5.600643,3.5467644,-7.2118177,-13.573145
m34ah,m34,-251.59584,204.64336,-50.721127,-2.437416,-54.03224,-1.4039683,-13.874943,-31.37888,9.277105,3.308161,11.41547,9.584393,-12.199429
m35ah,m35,-221.06454,176.25505,-87.23528,1.5265013,-69.811,16.751251,-45.495747,22.70307,-23.36302,-20.601603,21.902746,-7.7232547,3.9160051
m36ah,m36,-281.31723,222.11711,-99.06478,7.0365252,-28.522627,-13.295326,-29.837135,19.787497,-29.653473,-3.6438413,27.60125,-23.800964,14.413069
m37ah,m37,-289.80508,225.68169,-78.83892,-5.5186725,-50.08013,4.7140346,-33.043697,-14.201262,6.2603083,-27.015673,13.146796,0.6201232,-8.284099
m38ah,m38,-247.6805,189.19691,-70.43412,-7.711602,-48.374714,-16.766882,-23.022572,-4.111514,-23.979893,-10.309311,21.828217,-3.2624817,5.63432
m39ah,m39,-251.66621,199.78415,-76.44881,-13.583345,-63.265747,7.1791825,-19.592817,0.001103878,-3.2625127,-9.496015,13.054888,-29.435444,-0.5577088
m40ah,m40,-232.54984,161.62044,-46.9846,-3.96669,-90.71508,43.041492,-48.649834,-4.255394,-3.251327,-4.1817303,3.2770362,-0.5520612,-1.062573
m41ah,m41,-239.41455,205.31079,-105.80667,27.691944,-53.44288,-21.415306,-2.8183923,-13.5240755,-5.89567,-12.84519,11.027187,2.4928305,-11.382669
m42ah,m42,-239.8503,198.15944,-77.22909,-20.240719,-73.41405,16.965397,-38.20161,14.726191,-3.290371,-20.824532,14.742823,-7.772603,0.25593948
m44ah,m44,-267.6259,208.84521,-98.44709,-3.9755867,-39.20032,-18.879305,-5.087021,15.084949,-28.704227,8.214566,14.766701,-13.1939945,11.498686
m45ah,m45,-250.9001,193.99905,-75.49266,-0.8847716,-49.868088,-16.479342,-4.6532726,6.879211,-34.58362,-8.344252,1.7526599,-18.914356,-13.686085
m47ah,m47,-286.1034,208.95575,-60.197746,-7.3916364,-79.59759,12.704934,-33.78893,-10.393254,-2.474571,-35.71881,19.677633,4.8136134,4.2070985
m48ah,m48,-231.63298,211.72595,-46.780273,9.015136,-72.584694,5.411982,-16.827635,-16.287111,-7.7584844,-13.487909,21.918135,2.2054079,-11.921865
m49ah,m49,-233.27919,189.09167,-99.50827,14.665663,-79.595726,6.854082,-11.726358,-5.762654,-13.151424,-22.861662,25.623348,-16.46408,-10.431178
m50ah,m50,-234.07556,187.70923,-77.35582,32.348244,-43.346504,3.3801792,-34.405758,-5.174946,-9.784609,8.163052,31.777555,-9.538842,8.754314
w01ah,w01,-269.5056,180.30443,-91.133286,-17.170221,-38.280098,-5.664901,0.8207576,-6.882417,-8.677322,-7.2113376,-10.3468895,-11.505152,-18.361088
w02ah,w02,-252.38077,175.11113,-110.84758,19.167782,-56.040737,-9.583445,-16.591072,-20.730713,1.2990985,-14.171723,-8.291068,-28.851881,-12.138075
w03ah,w03,-256.1398,174.53914,-91.40396,-22.316689,-37.448063,29.821873,-39.54718,14.596737,-16.601757,-24.815573,14.930564,-34.440746,4.762685
w04ah,w04,-266.76956,172.84937,-106.85679,5.3768725,-52.779766,7.4929957,-15.092698,-17.78932,0.999398,-13.274071,14.684162,-15.376054,-15.464709
w05ah,w05,-259.1747,171.40198,-63.962856,-18.921017,-55.759373,45.66278,-57.38792,19.396173,-10.826618,-45.174835,23.616076,-25.313177,-20.788263
w06ah,w06,-245.13779,160.61647,-100.15585,-3.2760148,-64.59978,4.9900203,-39.799637,15.279971,-29.333319,-7.238562,16.968513,-27.637707,3.0437636
w07ah,w07,-257.06998,207.3919,-70.69357,-29.091677,-59.254177,-6.036858,9.589924,-8.432067,-12.143756,-18.445124,-9.7904,-5.1058493,-14.598202
w08ah,w08,-252.62187,179.82281,-117.51131,8.317194,-35.85173,-13.891191,-17.031862,-10.237637,-13.520429,7.5719495,-10.440774,-31.682253,5.1150136
w09ah,w09,-288.4133,165.3994,-77.23048,-25.083405,-47.447235,16.74358,-19.63359,-4.9241805,-13.297312,-3.578703,-5.5260944,-10.131442,-9.624208
w10ah,w10,-241.2557,171.305,-101.11075,-16.887022,-43.38132,-6.2074947,-29.035482,2.1679265,-18.196423,-14.245554,15.937605,-17.753115,-12.076722
w11ah,w11,-249.34715,172.86345,-86.314445,-14.525745,-61.28887,18.300846,-22.67052,5.3491335,-26.780104,-7.2368383,8.810349,-24.971605,-8.937128
w12ah,w12,-245.95532,176.98714,-105.075714,-15.171134,-24.24781,2.763221,-43.147633,12.089358,-5.757548,-14.961079,-6.2621026,-11.070282,-9.879449
w13ah,w13,-231.81776,158.99588,-101.92762,10.097742,-52.497704,11.35652,-27.386446,7.34301,-39.89418,-4.3004303,11.930444,-23.365253,-0.21970485
w14ah,w14,-237.4603,174.8562,-104.71156,0.3928875,-58.113487,-6.037298,-10.370947,-11.941409,1.1324358,-14.376086,3.405154,-16.895977,-11.697645
w15ah,w15,-260.0585,185.2382,-113.21807,1.3803831,-25.284119,-5.318954,-20.0494,0.43472853,-15.989221,-7.091257,0.6639001,-15.039386,-4.809985
w16ah,w16,-216.973,176.94621,-118.47649,18.06683,-46.43834,15.139783,-24.665123,-3.6173928,0.5317455,-27.004,6.0374756,-15.707065,-10.002676
w17ah,w17,-275.18338,182.31934,-99.70263,-2.940644,-46.53647,4.2256804,-19.428215,-4.136838,-19.1396,-2.36839,-5.1768055,-28.752354,8.420686
w19ah,w19,-236.16095,155.46977,-88.9132,-10.792303,-41.546013,12.97117,-30.763338,7.109766,-21.077557,8.113894,-12.56615,-18.476917,-8.068263
w20ah,w20,-251.59676,192.12425,-61.861023,5.830819,-69.91676,-1.9970062,7.0729337,-14.802612,-29.70517,-3.1117454,4.7506075,-21.988981,-6.4267
w21ah,w21,-239.0461,159.75047,-82.05902,2.160705,-51.42376,3.5946593,-21.67274,-0.23171616,-23.945774,10.202568,2.8226292,-19.47114,-1.1922348
w22ah,w22,-215.08528,152.98497,-121.49998,18.16635,-79.38432,17.171007,7.468456,-23.710691,-1.3312901,-16.526897,7.7105975,-21.853767,-17.82886
w23ah,w23,-229.67021,158.95142,-90.21723,3.258532,-68.336426,15.225928,-30.279884,2.076692,-6.5044327,-9.614291,7.338252,-22.929054,-6.5155625
w24ah,w24,-278.3275,140.34076,-113.95097,-10.421532,-34.223522,12.330615,-22.189634,-6.5459995,-18.392412,-5.988798,7.7421346,-27.0049,6.000833
w25ah,w25,-271.59653,192.20654,-71.86032,-32.97284,-41.73147,3.8409655,-20.788511,2.269744,-20.834892,-1.5845467,-7.6060686,-19.17417,1.0203904
w26ah,w26,-241.77364,182.578,-106.13656,14.918789,-74.501335,-8.239036,-6.3009505,-15.734627,-3.8680696,-21.46549,13.016541,-9.771443,-25.632088
w27ah,w27,-271.0956,176.89833,-126.031166,17.700132,-41.61599,-14.887007,-11.088105,-18.066044,7.094948,-5.1071234,-12.419397,-17.293528,-16.936865
w28ah,w28,-231.07803,128.29211,-90.483795,11.967392,-57.227196,26.50921,-30.995806,-1.9896088,-17.72653,2.5805523,9.821234,-27.90797,2.317365
w29ah,w29,-303.22028,154.08345,-68.28029,-10.806993,-64.65427,40.458916,-35.014595,6.011823,-12.363699,-20.47921,21.209696,-22.662512,-11.933516
w30ah,w30,-231.07889,151.46548,-99.44818,-1.2956791,-39.91738,22.49441,-48.309963,22.07243,-29.719845,-9.844558,8.4479475,-36.79506,3.2668023
w31ah,w31,-232.98218,159.6803,-103.44135,14.336628,-66.65651,27.003553,-28.816992,-13.060172,5.54285,-11.900352,12.946998,-29.453955,-12.941623
w32ah,w32,-262.40988,166.74255,-56.884903,-3.4373612,-55.544853,24.659855,-70.19417,15.360201,-4.368477,-27.69126,17.443901,-34.600094,-5.6780906
w33ah,w33,-255.45715,165.37498,-89.56051,-27.301945,-50.676758,33.18687,-33.74832,-6.3799944,-19.732738,1.1836838,-10.329783,-26.004333,9.123623
w34ah,w34,-234.2486,159.79535,-100.97269,-2.0683951,-42.808006,16.248812,-27.001295,-5.1319833,-20.736769,-10.840325,7.8428855,-17.059868,0.04037269
w35ah,w35,-230.62575,171.96837,-102.281204,-11.497386,-41.784164,9.773574,-11.284757,4.945413,-35.990105,3.4948683,-5.1701617,-15.099969,-6.100022
w36ah,w36,-245.75371,167.2891,-111.23024,17.402647,-51.33402,3.972313,-0.24798237,-16.304476,2.0059688,-12.496445,-3.3660302,-25.691545,-14.296679
w37ah,w37,-241.80186,183.21764,-79.759346,8.152503,-69.59646,15.253836,-1.591801,-1.7312897,-34.620914,-0.69519013,-4.182285,-32.927483,-5.6129117
w38ah,w38,-248.50917,168.19157,-111.02194,-10.407891,-41.425278,7.210382,-24.773481,-4.557615,-3.2026312,-14.637576,6.118426,-22.367464,-8.668881
w39ah,w39,-234.41919,153.74812,-94.90366,5.705175,-65.046524,25.668358,-29.86719,1.4855148,-12.77657,-26.160728,12.120481,-13.019104,-9.147119
w40ah,w40,-245.75032,194.1687,-81.871445,-0.66292745,-56.423317,-3.9024415,-5.623935,-12.468849,-22.0804,7.091218,-3.2773666,-19.07861,-0.18462782
w41ah,w41,-243.86203,180.1737,-105.38695,10.989092,-60.922813,11.8267565,-13.6041,-12.197924,-20.339695,-8.031341,-2.7453086,-20.16896,-11.551644
w42ah,w42,-275.54816,187.75201,-93.87184,-0.9114482,-20.057348,-14.93632,-7.508194,-9.561145,-31.308464,0.9655681,-6.937275,-28.646955,-13.326547
w44ah,w44,-290.32205,176.41985,-99.582954,-18.977386,-43.46346,-0.964822,-26.974005,3.518648,-14.310791,-16.50071,7.0481834,-26.83933,-6.930836
w45ah,w45,-276.35095,192.29146,-83.332245,-29.691277,-38.67887,-9.170826,-8.470037,7.954623,-17.264574,-3.7645507,-0.49059305,-16.176785,-20.033205
w46ah,w46,-270.32996,203.69305,-70.23671,-11.081423,-36.795918,3.8603342,-11.4886265,3.8203506,-9.784107,-13.314921,8.289102,-19.39303,-14.235829
w47ah,w47,-244.01619,176.84525,-110.389366,-9.287443,-50.600594,-5.3186164,-12.271643,-16.449034,-0.7268591,-21.37241,-1.2521551,-9.714274,-18.32425
w48ah,w48,-225.76483,158.87329,-90.32419,-0.11942116,-51.76422,12.070905,-25.23464,1.6114787,-26.937506,4.2294493,14.733426,-18.270746,-1.9561695
w49ah,w49,-251.2793,152.89383,-74.4954,12.758908,-72.226265,9.730112,8.323426,-22.392046,-21.725714,-18.71207,2.5279396,-12.211692,2.131035
w50ah,w50,-230.79408,167.14668,-104.37582,13.557757,-40.008125,5.7530613,5.046123,-5.21948,-21.56899,7.9728494,-10.885095,-13.437767,-15.085156
b01ah,b01,-264.16595,173.34224,-96.141205,-3.0176425,-26.389864,14.73159,-53.289524,14.772266,-12.271854,-17.31788,-1.2204052,-18.900127,-8.280869
b02ah,b02,-263.1963,152.7208,-82.05618,-29.337873,-35.806087,11.335717,-32.168217,13.064072,-26.908558,-14.316703,-8.429437,-23.625868,5.2015967
b03ah,b03,-236.4685,143.43814,-114.724915,15.55663,-36.866615,16.571758,-55.363464,19.642157,-17.86149,-5.364991,-8.380932,-25.102468,3.6603801
b04ah,b04,-233.39764,144.75043,-114.19793,26.30761,-56.043686,8.314705,-44.361393,-0.29493102,-0.8416831,-24.447927,-8.547154,-25.209793,-5.313023
b05ah,b05,-268.50998,151.20016,-67.39401,1.1425264,-63.009907,22.60139,-14.277312,-24.7143,3.037687,-16.503069,-12.246086,-21.21009,-9.510674
b07ah,b07,-265.65738,119.17208,-113.77004,5.076424,-64.94099,-6.147645,-11.2509575,-20.428413,-1.2756596,-4.932827,1.9234558,-28.885874,-8.269552
b08ah,b08,-236.90302,160.236,-73.04369,26.13514,-61.318714,3.633252,-22.367615,-4.3404336,-22.332037,-14.22989,-13.651586,-39.745193,0.15158398
b09ah,b09,-276.0252,155.0401,-75.32181,-7.051913,-36.389538,22.7423,-21.018957,-1.3271163,-26.544933,-5.6259,-12.635915,-25.846634,2.0185523
b10ah,b10,-244.57414,176.99336,-96.61626,1.0360653,-44.43543,14.044067,-22.15027,-13.249661,-27.952799,-2.739769,-14.355168,-14.237248,-3.3625238
b11ah,b11,-276.16364,204.27762,-98.04842,-8.712835,-40.66086,5.993713,-28.566105,-6.351615,-2.102547,-17.969923,5.591397,-23.66877,-9.043679
b12ah,b12,-268.61246,130.46704,-104.47584,-1.3726039,-46.22617,6.07614,-29.167074,-7.7407117,4.671412,-13.128361,-20.891079,-16.548382,4.15408
b13ah,b13,-242.63274,161.61693,-116.77313,24.476683,-57.27944,6.245375,-24.121506,-5.730601,4.4700804,-28.321854,5.514781,-32.25375,-13.592288
b14ah,b14,-266.1526,175.10294,-81.13951,-30.285984,-46.06012,33.035194,-36.446453,3.8485441,-28.436775,-9.160835,-0.39678752,-30.970177,7.085133
b15ah,b15,-245.57312,123.136894,-85.7811,10.466071,-73.357155,-5.2203465,-30.827353,3.679699,6.6406302,-22.9747,-6.367644,-31.64927,8.7649145
b16ah,b16,-226.41795,174.27821,-66.071754,9.894108,-78.62928,4.3262744,-30.798105,12.617872,-17.01019,-20.00283,15.131133,-32.488796,-4.3937063
b17ah,b17,-269.40015,174.22269,-108.74122,10.37144,-52.590744,-0.98751265,-4.456549,-15.444035,-14.272884,-16.49579,5.026805,-29.689953,-8.482232
b18ah,b18,-270.86005,152.17094,-138.57596,5.4748898,-34.65237,-7.8208337,-2.901264,-18.02575,-3.975457,-6.231982,-6.558233,-17.000141,-5.5505147
b19ah,b19,-280.35056,182.43465,-104.80196,23.078379,-28.895,-5.971289,-22.434275,2.6343274,-0.6391411,-22.036392,-8.542515,-14.726347,-8.357162
b21ah,b21,-248.09326,174.30641,-115.808975,13.391245,-40.46567,-4.45634,-27.50893,5.3989687,-5.474289,-22.680264,-7.8041453,-18.776276,-9.93451
b22ah,b22,-263.5152,128.73018,-97.23611,16.502304,-65.30446,22.251816,-30.832916,-11.936225,-14.375144,-18.791504,4.935125,-28.190279,-7.074682
b23ah,b23,-278.15366,135.92264,-85.264404,-21.642307,-52.99569,26.587086,-12.7227545,5.5519757,-26.730145,-22.139511,6.4176636,-26.810726,-3.1664479
b24ah,b24,-296.10406,186.12936,-90.137215,-2.0340028,-42.237556,19.851585,-0.9126477,-26.043873,-17.04575,-20.02786,-9.016251,-6.746745,-10.411681
b25ah,b25,-255.96948,177.01903,-65.81094,-16.860424,-45.874966,3.6154609,-41.160503,2.0794568,5.7309566,-24.359245,-8.215091,-18.026012,-22.21098
b26ah,b26,-294.57852,191.01556,-63.70198,-8.634472,-68.23882,4.2036543,-18.164066,-20.358292,-5.555812,-5.62982,-0.025434451,-13.936392,-11.574523
b27ah,b27,-278.1561,183.663,-111.84658,1.1992567,-35.014534,11.722778,-15.840488,-14.616258,-19.702381,3.920924,-15.743241,-20.266703,-6.71416
b28ah,b28,-267.66107,185.8183,-99.5665,-3.3987668,-50.28291,-10.583129,4.002222,-11.099834,-21.285994,-6.3357387,-4.0446415,-17.340698,-9.459903
b29ah,b29,-271.8171,153.98453,-98.63893,18.625572,-67.077034,17.856663,-12.282191,-17.763918,4.8600726,-29.644308,4.757926,-18.054222,-18.934145
g01ah,g01,-239.31235,180.07483,-92.44037,-4.156747,-49.75118,9.022306,-2.1650183,-16.53528,-9.620744,-8.862644,0.46692872,-17.88908,-18.316732
g02ah,g02,-251.36597,165.22253,-119.18618,14.585695,-39.484444,19.935703,-44.10471,-12.510604,-15.847386,-14.696546,-6.542773,-22.681126,9.741705
g04ah,g04,-263.57693,172.32672,-121.84871,-1.2858201,-33.521694,-2.1328297,-22.670135,-9.815339,-18.693121,-6.323039,-12.844151,-21.650776,4.3170795
g05ah,g05,-242.7593,163.2784,-106.39732,6.17046,-43.122704,-0.24921696,-24.68322,-5.9761133,2.2087874,-25.716204,-6.932028,-30.07735,-8.002321
g06ah,g06,-281.0897,194.45761,-109.80721,-12.555084,-15.653316,11.830305,-19.881971,-4.231423,-15.419171,-19.817822,2.9403138,-11.462155,-13.691132
g07ah,g07,-264.60617,183.66107,-108.641815,8.10826,-21.957664,-20.832523,-30.901274,-4.0185394,-4.9322214,-16.936384,-7.9179926,-24.237623,-5.783795
g08ah,g08,-262.97324,160.46693,-79.32745,11.306758,-59.504723,-1.6909503,-20.86872,-6.0028305,-8.492315,-15.452828,-14.641206,-23.060553,1.1444272
g09ah,g09,-260.88474,146.50116,-118.060036,11.920506,-50.381386,31.482903,-22.548094,-14.627877,-16.79546,-20.942732,1.8270637,-24.660908,7.6962185
g10ah,g10,-231.06949,160.832,-88.57371,11.926883,-45.036217,13.879301,-29.277866,-5.942646,-4.5062585,-8.756119,-12.790849,-25.511292,-5.937267
g11ah,g11,-256.33487,165.00198,-101.1866,9.306236,-48.3615,28.914448,-34.859123,-3.913976,-21.72765,-26.820734,7.7436934,-30.554977,0.61900747
g12ah,g12,-267.74884,169.54506,-104.452805,1.6106172,-37.554245,15.463006,-29.14485,-1.0197358,-8.405712,-21.52599,-6.761444,-24.453491,8.176278
g13ah,g13,-250.16254,164.26527,-98.2349,-2.5050685,-46.427273,14.04174,-32.253468,-10.549058,-9.4386015,-6.877465,-18.148367,-31.78647,4.3239207
g14ah,g14,-272.01706,204.285,-87.192154,-22.931929,-55.54153,-4.0768094,-9.599425,0.0057811304,-14.131729,-17.431562,10.433951,-31.139837,-4.5331683
g15ah,g15,-237.00174,120.52019,-129.44586,42.057487,-53.303856,41.138123,-34.575584,-9.849017,-23.231365,-10.730101,-5.3697643,-35.007362,11.0112705
g17ah,g17,-246.4269,134.75229,-97.39243,23.464739,-78.86952,27.852339,-25.846453,-16.858273,-6.7765307,-6.7515717,3.132746,-33.049416,5.65658
g18ah,g18,-245.4563,168.29994,-85.1528,15.751324,-51.574963,13.513078,-24.09336,-4.842029,-4.808918,-7.646155,-42.18285,-15.738517,7.5251737
g19ah,g19,-276.8221,164.82849,-124.321236,24.6327,-39.216114,7.2916684,-42.489532,9.062594,-16.146181,-19.707361,-11.393866,-24.114023,18.852083
g20ah,g20,-246.29164,165.87996,-77.33092,-6.320345,-55.82902,21.913841,-12.833765,-13.553243,-20.41671,-13.064959,-7.5210366,-30.709965,10.575906
g21ah,g21,-276.09744,155.49387,-70.30897,25.852598,-55.984295,28.339663,-29.55917,-11.490416,-20.508429,-7.0478334,-11.661204,-32.19736,10.779742
m01aw,m01,-257.29453,176.8657,-48.69855,-0.51068544,-61.930904,-36.622787,-29.508081,41.885475,-26.690845,-12.1349125,8.310479,-31.848747,10.765221
m02aw,m02,-283.4881,213.1569,-22.318296,40.1115,-67.64979,-43.96299,3.6790836,4.820841,0.6867744,0.008895278,2.9937832,-3.100746,-12.138619
m03aw,m03,-277.2797,206.1919,-38.948833,31.270426,-90.4769,-46.805847,-4.6745095,16.914728,-5.7502046,-8.452373,19.938757,-29.197159,-0.9030228
m04aw,m04,-260.09656,196.75891,-18.219748,25.56771,-92.674126,-27.42267,5.1465373,20.606556,-14.954705,-3.8954685,-11.735969,-9.455331,9.086291
m06aw,m06,-226.92072,156.49184,-67.12304,45.505913,-111.65838,-29.404137,-18.670557,13.87695,-2.7505558,-21.084328,12.667449,-16.921862,13.252054
m07aw,m07,-270.37054,214.5679,-27.572678,14.611525,-77.485275,-24.567526,-12.13264,5.610756,11.981491,-8.520128,-5.7255526,-1.5547132,1.8263943
m08aw,m08,-252.3912,201.79176,-62.521484,22.563118,-78.57358,-26.091164,-9.526192,-0.38350636,-7.0174513,-17.781872,-4.196217,-0.10105315,5.9422884
m09aw,m09,-264.63962,200.29137,-24.939142,5.923027,-86.93658,7.9383836,-38.70815,20.259996,-9.592617,-43.180862,28.250906,-19.166222,5.9209843
m10aw,m10,-280.93246,210.74368,-58.877197,36.972607,-65.41079,-74.96668,2.4800804,-1.5407975,-11.140602,-1.6969998,-4.3425913,-13.560443,-9.524658
m11aw,m11,-260.16852,195.26927,-45.95608,-4.5491643,-66.47182,-5.4772525,-29.216661,12.541992,-4.086604,-28.953255,8.709344,-14.755499,13.37765
m13aw,m13,-300.31915,228.14346,-21.016726,-2.2979147,-61.914654,-44.9599,7.9100785,4.407748,-12.646879,-8.179248,5.939536,-1.0711427,-3.8822377
m14aw,m14,-245.81198,194.94719,-37.230675,16.858639,-90.044426,-16.123732,-10.039567,20.997917,-1.8224419,-27.528421,8.409234,-8.810721,5.5231237
m16aw,m16,-242.15424,206.6443,-62.100357,7.3279076,-41.34794,-50.82738,-2.289666,19.055414,-35.073517,-10.975843,4.692153,-16.81586,19.115555
m17aw,m17,-290.07697,199.37375,-7.458883,10.231424,-92.35187,-17.262459,-27.609045,-5.1494126,31.033901,-22.600037,-9.56191,-1.5223557,2.9041147
m18aw,m18,-311.94653,204.51894,-5.914743,-3.4824655,-73.413345,-42.10455,-15.635192,26.12722,-29.540241,-8.54335,14.449093,-16.840195,20.703423
m19aw,m19,-270.7594,186.08751,-8.282787,5.1662455,-95.7697,-4.6905746,-26.466057,14.952935,-4.54456,-25.74619,20.79528,-16.757734,-0.089039035
m20aw,m20,-277.18304,216.42989,-44.052605,-10.464627,-61.19032,-6.753966,-38.32136,23.202602,-8.300585,-23.643066,19.90771,-20.734026,12.620712
m21aw,m21,-243.4992,194.5482,-45.18288,-5.1151023,-52.27703,-42.166946,-17.03258,11.3108835,-3.1993082,-6.681879,0.8503098,-13.341827,23.408485
m22aw,m22,-307.905,245.5711,-45.020134,-13.4148855,-54.341137,-20.508095,-9.388954,7.0102005,-4.0377603,-24.856249,2.477312,9.820606,-1.8871155
m23aw,m23,-271.77988,208.02231,-51.03819,22.013458,-87.41201,-24.918142,0.02485304,-2.1544433,2.3961587,-12.56712,-13.601074,0.3805073,-7.2849283
m24aw,m24,-278.1038,208.24126,-51.29807,-11.240065,-59.967747,-25.684422,-6.1680694,6.896766,-13.243511,-9.627399,-6.7830353,0.543381,11.8734665
m25aw,m25,-267.39954,213.03065,-23.3155,3.6729567,-56.66909,-38.877754,-17.291029,4.625495,6.826268,-10.439325,-6.6219625,-2.3712902,9.2193985
m26aw,m26,-261.80884,228.11308,-63.220947,-8.821802,-30.329214,-59.625378,-23.507765,19.466852,-21.233427,-11.083169,4.4787707,-14.96039,15.670764
m27aw,m27,-235.81194,192.26959,-37.885223,3.18167,-78.479485,-5.539539,-18.910769,12.314862,4.967169,-25.157036,11.638081,-4.0353017,12.427619
m28aw,m28,-287.0618,209.95518,-3.7330165,6.776229,-79.74154,-24.737045,-2.3805292,7.5043473,-9.569722,-7.586477,-2.1497648,-0.96689063,-2.241963
m29aw,m29,-258.93076,236.32549,-62.670612,-17.380693,-45.693024,-38.307686,-2.2369592,6.95784,-4.687347,-7.1037626,-8.282996,4.7339315,9.991357
m30aw,m30,-250.00438,200.77205,-43.07758,21.900314,-59.43916,-22.688858,-9.676339,7.4088573,-14.458253,-7.086743,-4.7611027,3.584097,17.21133
m31aw,m31,-277.10165,208.40121,-20.321104,-20.160448,-44.802177,-12.88375,-21.736712,-10.140216,3.1360834,-23.075052,5.101125,5.295613,5.8028636
m32aw,m32,-285.70383,199.35039,0.998799,1.6174537,-87.04372,-1.7580984,-25.418264,-3.857079,2.8605964,-27.290419,17.951475,-1.2201998,15.557748
m33aw,m33,-289.81436,217.56895,-34.984196,-6.250291,-56.265812,-38.31726,-14.159698,19.63445,-23.8874,-5.2510805,-10.968441,-4.6736298,22.250074
m34aw,m34,-285.74323,219.59485,-10.540538,12.264698,-78.48018,-28.089756,1.1142465,-14.727864,0.34639204,-15.999785,-1.6372199,9.746491,7.192159
m35aw,m35,-243.105,175.39032,-42.37535,3.3430357,-72.749664,-17.47824,-34.21528,28.434816,-13.2357,-24.192371,14.441392,-14.438593,19.484388
m36aw,m36,-288.72485,229.87016,-64.53567,7.8794694,-47.695362,-36.880943,-5.370576,29.906408,-28.011684,-17.713924,15.83327,-20.994751,20.686403
m37aw,m37,-310.6357,231.98999,-21.955456,-20.314453,-45.167072,-33.145504,-34.512047,4.425857,-1.4135882,-25.876474,3.9950125,-9.634726,-4.5722632
m38aw,m38,-273.46564,201.47502,-43.30768,-3.8386636,-71.57834,-28.655512,-16.411186,13.916385,-21.415926,-24.884453,11.893576,-7.074393,22.995564
m39aw,m39,-299.61978,229.21123,-10.688833,-15.73725,-48.608883,-43.50852,-20.761335,22.125444,5.9101257,-16.528273,5.7620053,-5.367447,6.375093
m40aw,m40,-256.01996,179.27328,-7.702609,-3.9951568,-71.22337,16.40039,-35.7304,-1.9141157,-0.3909523,-24.973812,0.35678974,17.574366,18.942104
m41aw,m41,-243.80423,207.09299,-89.92398,13.371545,-63.2087,-50.097004,7.339251,-1.7713977,-12.417063,-17.898434,-5.282289,2.268333,2.7806232
m42aw,m42,-290.72845,201.64986,-11.050274,-5.2554874,-90.24322,-24.792067,-10.657871,1.9322453,-4.905892,-12.904186,1.9488333,0.27890497,11.380657
m44aw,m44,-289.43073,223.72913,-61.495476,10.017136,-65.7419,-51.37441,5.436927,12.878426,-21.523022,9.679678,1.7737713,-19.984795,18.978052
m45aw,m45,-273.34088,181.08939,-44.16192,22.822197,-87.887825,-59.698223,2.2481105,24.97285,-16.135338,-22.861929,-7.6398406,-21.521809,2.7047908
m47aw,m47,-259.3931,197.12047,-36.12771,-0.3776265,-70.82346,-41.716858,-31.919056,4.2015004,-13.630966,-31.539454,10.069468,-7.1995225,8.520017
m48aw,m48,-268.26663,201.7253,-10.156784,1.1473155,-73.802055,-12.704479,-17.278156,-12.694248,-9.636486,-20.886292,0.573314,11.098621,19.06443
m49aw,m49,-311.94464,221.69539,-22.74998,-2.6384833,-73.435814,-45.639454,-17.110355,3.0447807,-5.768452,-12.090654,15.251332,-19.472914,1.6741756
m50aw,m50,-244.76299,216.2229,-31.184729,10.130705,-53.085712,-10.033838,-19.181383,7.4410844,-18.564953,-2.9562716,15.462379,2.468984,18.644053
w01aw,w01,-293.9439,189.11978,-57.424072,-18.11665,-60.96935,-10.358835,5.012259,0.124138184,-16.155073,-13.882608,-6.0441194,-0.25659692,-15.475983
w02aw,w02,-259.74402,173.41566,-79.0115,1.0612152,-76.13678,-10.936787,-2.1684308,-22.10284,-7.6391926,-16.423199,11.33872,-11.653254,-15.794098
w03aw,w03,-268.5758,193.93419,-49.43368,-14.516968,-78.2918,-20.188356,-0.5861597,17.355717,-17.354656,-18.705778,0.7487253,-21.943907,-6.550926
w04aw,w04,-257.24286,192.55544,-79.1914,-10.976093,-67.92518,-5.0870275,0.21406645,-19.55902,-12.747463,-20.180468,8.276791,-6.009979,-14.964437
w05aw,w05,-277.60574,194.23836,-43.51586,-36.116394,-56.322666,16.456106,-43.057217,20.910492,-9.267876,-45.411674,17.28124,-17.829311,-21.527088
w06aw,w06,-244.13518,170.64276,-83.11287,-16.77435,-77.19473,-6.822921,-17.249697,11.642363,-31.866291,-5.827064,8.200487,-17.817247,9.920547
w07aw,w07,-291.28275,222.11436,-44.481266,-34.70189,-62.90908,-34.789913,8.186034,-5.90441,-11.265187,-12.768097,-3.9308512,-1.491964,-17.71035
w08aw,w08,-246.25351,170.13133,-91.89893,-4.2709217,-61.882107,-5.1726933,-1.129411,-16.938782,-15.056785,0.33674192,5.432028,-22.832167,-6.331946
w09aw,w09,-291.52744,185.16624,-58.86804,-36.39489,-65.46518,-16.310276,4.1041536,-1.2211013,-12.095197,-6.968124,-12.889787,-1.5721463,2.7015903
w10aw,w10,-247.72758,175.10861,-95.75226,6.624826,-75.28516,-17.643501,0.87286323,-3.2857144,-27.846966,-21.672607,15.536011,-9.858958,6.498352
w11aw,w11,-255.26938,179.66759,-55.810513,-10.326557,-80.047905,-8.385192,-3.9599993,5.4358315,-27.348646,-14.662368,-3.9946964,-11.75236,5.4704695
w12aw,w12,-261.2513,184.64441,-77.14593,-14.412047,-59.845158,-8.217407,-18.422237,-3.807619,-1.6865131,-24.229078,7.263409,-11.23434,-12.346633
w13aw,w13,-280.85852,181.05504,-46.476475,-19.97005,-60.076176,-13.226084,-24.729567,13.093897,-34.361515,-4.282628,-2.9478812,-7.618501,1.6466419
w14aw,w14,-314.69656,192.55275,-55.144848,3.118491,-81.938896,-13.304338,-1.081965,-3.5317154,-14.872345,-16.147894,-0.77620757,-2.7123246,-16.572264
w15aw,w15,-293.65152,198.38014,-83.71449,-5.9993515,-50.427643,-21.285507,5.511766,-2.1469705,-17.854479,-14.062084,-2.4245064,-3.4246464,-3.713143
w16aw,w16,-253.27892,173.39278,-84.674355,5.6323586,-83.7247,-3.9819555,2.3651896,-5.7392125,-15.790952,-23.61898,12.123752,-24.530981,-4.6432548
w17aw,w17,-263.7235,181.49443,-65.21072,-9.291915,-76.6036,-20.173529,5.718315,2.4498785,-26.255995,-0.68527025,0.6791241,-15.479225,9.573709
w19aw,w19,-289.76093,180.15253,-58.85706,-19.549675,-82.914314,5.238922,-10.229159,-0.09531481,-17.435785,-13.6786,10.709873,-22.657585,0.31653312
w20aw,w20,-286.54837,196.8191,-34.674442,1.6996083,-74.40631,-22.621058,17.699148,-12.668354,-25.398893,-3.7162368,-0.18474573,-11.485969,-2.7989616
w21aw,w21,-259.72693,154.45282,-53.575264,9.5519905,-79.61223,-4.689719,-20.386753,13.515609,-35.464607,-11.368782,6.9872622,-17.337723,2.1711826
w22aw,w22,-242.02821,146.17442,-60.440395,19.754244,-101.51265,-16.962975,10.318406,-17.500002,-5.4943547,-13.813897,2.4138007,-5.2273307,-5.816675
w23aw,w23,-258.31567,188.8169,-85.44129,-20.826586,-63.088673,-7.8978543,-15.842021,9.606482,-17.2511,-5.3368473,7.9974403,-8.763061,-3.752608
w24aw,w24,-285.98785,166.36893,-67.813736,-7.6468096,-65.97731,10.18513,-19.467714,-4.4067254,-19.951952,11.924374,-0.601646,-28.20602,7.97848
w25aw,w25,-289.32394,204.4147,-65.22005,-19.894806,-69.942924,-4.3398724,-10.432472,-9.254217,-16.367214,-18.06904,9.496046,-14.503049,-8.910848
w26aw,w26,-285.1662,191.52252,-63.388393,23.296143,-83.58884,-38.718216,8.277449,-11.01617,-2.4222188,-27.523907,-6.2068105,9.838879,-7.90627
w27aw,w27,-243.83443,171.32498,-87.40788,-3.8930411,-47.732903,-31.105747,13.31739,-5.712727,-23.601791,6.9724073,-14.784239,-4.2644157,-12.658847
w28aw,w28,-214.02313,153.0307,-117.332954,18.703238,-66.74623,11.185845,-18.000038,-18.94989,-2.7793374,-9.36247,18.698214,-24.12203,-9.888315
w29aw,w29,-268.05228,160.90762,-35.02944,-17.341522,-81.15396,-11.101226,-26.540363,26.806383,-29.43413,-7.199397,10.83429,-18.54182,4.647807
w30aw,w30,-275.67303,177.40166,-65.41648,-16.054096,-58.325195,-1.913861,-11.997075,12.803978,-23.772514,-13.763786,8.547055,-28.002625,-3.6579406
w31aw,w31,-243.90761,156.06174,-57.071926,-0.6349468,-81.364426,-2.5882535,-3.4263012,-20.214256,3.5062907,-9.535632,14.972295,-2.409569,-25.644579
w32aw,w32,-272.25574,171.32875,-24.44682,-28.981867,-82.46201,23.765268,-52.055897,16.61689,-18.677977,-37.679523,23.376827,-20.015072,-12.675276
w33aw,w33,-263.81317,154.12149,-66.35091,-22.952967,-74.1737,26.615725,-20.826775,2.8606284,-28.75342,-5.1206136,6.978361,-27.686779,4.2909856
w34aw,w34,-275.43,172.72656,-56.036263,-17.845993,-65.87873,14.544828,-24.22678,14.09255,-23.8555,-30.738361,10.861847,-16.171997,-2.6423411
w35aw,w35,-248.1877,179.48222,-68.675995,-13.580283,-68.49,-12.996499,-1.5249738,5.643307,-41.048748,3.723455,-6.246519,-12.834787,8.56995
w36aw,w36,-264.81052,162.87465,-87.26323,17.407335,-94.10488,-10.1257,22.576742,-16.930716,-2.8690324,-14.874106,-0.19573283,-14.993657,-9.310293
w37aw,w37,-266.77777,181.21236,-58.288765,12.637255,-93.156746,-6.710398,14.497528,-7.6074877,-20.301748,-1.5412835,-9.100508,-18.813305,4.201005
w38aw,w38,-299.78256,193.64178,-78.80152,-16.714752,-65.736824,-2.5865204,-6.5734787,-2.1785746,-18.099112,-18.614729,13.027856,-24.126526,-6.4945483
w39aw,w39,-235.08163,160.03378,-66.29753,5.4092917,-89.807495,-4.5793514,-11.067845,8.706818,-20.550636,-32.29063,8.064465,-11.606136,0.7501153
w40aw,w40,-303.4911,201.16486,-30.89098,2.4944234,-76.470856,-18.387983,9.964584,-4.895084,-17.518456,-0.024596572,-10.326372,-21.623518,4.9423285
w41aw,w41,-277.74246,187.84918,-54.909084,-7.7123685,-85.30647,-21.366896,10.753681,-1.2187089,-14.593604,-11.27543,-13.726391,-10.946503,-7.4709363
w42aw,w42,-284.63168,183.84827,-73.87217,-3.2591646,-62.99898,-14.5747,7.79901,-12.644157,-11.971969,-17.847055,-2.391057,-13.3183565,-14.58403
w44aw,w44,-292.6629,198.26576,-64.99958,-25.842394,-54.99066,-28.042227,-18.45678,7.581085,-10.066799,-24.251198,-2.0575583,-7.2996726,-2.4121757
w45aw,w45,-284.10822,192.23466,-46.621353,-30.341269,-65.32487,-25.13045,0.4354842,9.123613,-19.769634,-11.378247,1.978562,-13.615409,-15.546569
w46aw,w46,-267.4798,192.80104,-44.954075,-7.7052836,-78.64157,4.6863437,-6.478899,15.488337,-30.583626,-7.4870954,1.4327714,-25.531254,-3.833558
w47aw,w47,-267.47803,185.6171,-76.745285,-8.677975,-72.595436,-17.6269,-0.6516753,-1.137157,-5.224952,-34.45421,7.7463565,-5.676672,-6.4108257
w48aw,w48,-265.70724,169.59845,-67.486626,2.8038216,-74.53727,-28.050165,-8.60242,3.3680317,-20.67608,-8.384244,11.729172,-14.974399,0.7552338
w49aw,w49,-274.35135,176.28531,-40.900967,16.441254,-106.71895,-14.451629,18.97255,-21.667372,-5.595831,-19.344694,-7.171921,-10.477726,-1.6692224
w50aw,w50,-263.06314,161.89026,-76.69701,3.513258,-80.0824,-11.068585,19.481895,-4.9206305,-14.487469,-13.140865,-15.449501,-4.9243255,-16.509418
b01aw,b01,-264.68607,171.01909,-69.76944,-11.812428,-43.765095,-3.4680977,-30.068478,-0.29090595,-25.309467,-5.3883104,0.094685316,-11.4157505,-7.170536
b02aw,b02,-299.18198,170.06691,-50.392605,-38.300125,-67.88892,-8.999831,-12.50025,7.386948,-32.641308,-9.793751,8.378917,-9.113473,-0.68857574
b03aw,b03,-287.6836,203.04901,-80.172066,-21.20996,-49.0081,-2.1869495,-26.918549,-5.214638,-23.593262,-12.2701235,-5.8532615,7.369717,-22.719347
b04aw,b04,-264.10703,164.02217,-61.833378,-2.8853354,-67.9868,2.4219682,-23.112925,-2.9397569,-9.203952,-8.892202,0.42132083,-15.719495,-11.636748
b05aw,b05,-313.4463,182.60367,-37.207184,-2.2613087,-83.15103,-0.047605038,2.8539534,-25.777487,-3.0729241,-0.83095026,-2.17495,-6.037731,-7.6156693
b07aw,b07,-307.0479,150.44269,-93.34549,-16.242113,-75.23697,-1.6662151,7.7618604,-24.211998,-13.133418,-12.506823,3.8697023,-15.969589,-17.189342
b08aw,b08,-236.2617,176.6367,-54.561646,20.534166,-81.85029,-11.418617,-10.379523,1.6695229,-32.020496,-14.780652,-1.5204159,-20.608583,0.20194332
b09aw,b09,-261.3845,144.58643,-52.822147,-3.0844305,-90.86108,12.17637,-15.59931,7.9922075,-26.073195,-5.493087,4.8314495,-21.293222,12.736454
b10aw,b10,-275.54752,193.64644,-48.71953,-3.4378319,-71.04333,-7.2515974,-5.7155037,-22.191612,-19.097403,-9.703835,11.875641,0.96614546,-12.439517
b11aw,b11,-243.01128,169.5453,-82.518776,0.95118064,-76.42437,4.1228805,-18.888754,-10.604158,-14.796789,-21.923134,17.46414,-16.034285,-11.4094925
b12aw,b12,-299.95837,166.68456,-76.923676,-8.334519,-57.897415,-3.0904703,-28.628744,-9.055797,-9.581877,-10.647407,-13.112987,-16.954123,-11.426521
b13aw,b13,-242.58046,166.56297,-82.070335,11.897446,-76.892876,-11.712137,-7.4929333,-5.333691,-8.56084,-27.99047,9.799481,-16.13302,-12.983913
b14aw,b14,-284.97775,184.70024,-52.68771,-36.50014,-61.737198,9.350587,-20.96461,9.501224,-32.679325,-15.168621,-4.9158425,-18.169815,-2.0876455
b15aw,b15,-303.27408,161.63998,-58.977367,-19.763416,-73.387375,-21.680721,-7.5248804,-11.838395,-25.482859,-8.587793,10.872861,-17.635635,-1.7599175
b16aw,b16,-275.2246,172.27693,-48.22366,-0.23498389,-94.72131,-7.0741816,-9.541353,16.923578,-18.123022,-28.918842,10.259085,-27.115604,3.929431
b17aw,b17,-278.59946,167.77647,-82.37273,-0.31972227,-72.90905,-13.521509,4.219194,-13.041691,-16.678242,-17.32406,7.3571043,-21.987797,-6.0208955
b18aw,b18,-239.0842,146.63124,-100.43846,1.3665973,-72.15323,-14.570509,12.195458,-18.764608,-7.1976395,-14.070777,-1.9376264,-14.499786,-9.421093
b19aw,b19,-303.3247,177.24275,-80.776245,6.3322577,-56.073296,-4.4479365,-7.265609,-15.532987,-5.0872917,-19.792976,10.719192,-13.155855,-22.46056
b21aw,b21,-278.40558,172.89496,-72.59692,4.6052885,-72.3772,-8.082384,-19.7981,-0.7556776,3.9527597,-30.21334,6.871089,-10.027403,-19.033718
b22aw,b22,-265.69852,154.08067,-71.05811,13.04571,-70.089874,-8.546876,-15.128618,-15.462933,-10.665758,-17.16205,21.864624,-18.138695,-10.313757
b23aw,b23,-317.0529,164.0863,-61.153347,-14.334298,-82.12105,14.81169,21.054766,-11.781071,-14.462677,-22.55987,-1.5472476,-16.334826,0.15981388
b24aw,b24,-282.05106,193.85318,-57.013332,-9.3335905,-59.9641,-17.688366,-6.819981,-1.0970037,-6.9602594,-19.123539,-17.259129,2.2364867,-7.999302
b25aw,b25,-301.5538,194.25783,-30.466768,-13.446381,-76.34734,-19.277565,-18.56851,-3.991777,-6.1272907,-23.585938,5.4311924,-9.633401,-8.186743
b26aw,b26,-323.73886,188.28064,-37.92909,-0.026123047,-71.656006,-1.2801143,-19.608711,-25.334976,-12.724168,-13.689441,4.4871917,-23.210709,-4.969543
b27aw,b27,-313.97177,199.61887,-65.64002,-24.51246,-51.83065,-17.401987,3.5449185,-9.217238,-24.098078,0.3678219,-2.0178883,-14.458081,-7.0702095
b28aw,b28,-327.01642,201.91827,-23.893524,-4.9295063,-65.72382,-43.48147,-12.687067,1.1166232,-14.448583,-15.010858,-2.716478,-13.685353,-5.238632
b29aw,b29,-250.3993,162.3142,-85.52961,-16.406927,-63.255405,9.806888,-13.325125,-3.9369445,-10.698749,-17.041376,6.1529737,-10.114155,-15.431528
g01aw,g01,-264.85873,174.00783,-64.020355,-8.527829,-87.16688,14.854137,7.779595,-17.147646,-19.813185,-8.058666,-7.145527,-16.139544,-3.5416672
g02aw,g02,-261.45526,185.04967,-72.96506,-9.252328,-57.44002,10.933975,-6.1405087,-23.144361,-7.7426767,-4.9179287,-2.1059177,-23.067726,-3.7945645
g04aw,g04,-253.47353,164.79549,-87.12431,-7.809938,-83.061676,17.516209,-8.62009,-11.47232,-26.618456,-7.274949,1.0929317,-30.317776,5.7356186
g05aw,g05,-320.78146,188.8233,-76.92054,-19.803446,-61.859253,4.2677593,-4.554169,-7.574608,-12.676875,-22.779095,-2.568354,-13.58972,-25.446575
g06aw,g06,-266.63675,188.77274,-80.57107,-15.474878,-46.609093,-8.599207,-0.84519976,0.835522,-19.471268,-27.16427,-1.643164,-13.936651,-7.760905
g07aw,g07,-277.15973,196.86198,-80.84106,-22.774744,-33.528778,-20.057629,-21.74994,-16.108358,-13.874054,-8.175067,4.4283547,-0.2173636,-7.195559
g08aw,g08,-265.5726,163.89272,-78.99015,-20.213154,-59.980465,-13.70126,-11.786406,-16.022606,-14.68861,-0.11964006,-11.621245,-4.8203483,-10.734713
g09aw,g09,-295.23547,121.49486,-81.865105,-14.955595,-74.72867,22.141949,-3.3660743,-10.912411,-10.090543,-11.261119,15.008479,-20.15901,-10.857981
g10aw,g10,-256.79517,178.6159,-55.887836,-12.653845,-54.93927,-2.0749004,-12.956839,-15.408262,-8.535361,-2.2557008,-5.945275,-25.534382,-14.325655
g11aw,g11,-242.17308,160.95929,-74.97737,-1.0691217,-74.6537,19.462893,-22.262882,-1.1514156,-21.936123,-22.457813,9.915844,-35.070595,-1.1057004
g12aw,g12,-256.18146,163.88966,-102.257744,8.265812,-60.449818,27.674511,-20.015001,-18.9529,-3.417301,-12.203571,-1.788719,-30.72444,-0.24562384
g13aw,g13,-270.7615,173.15942,-57.202465,-6.950525,-84.93319,5.6246853,-8.476884,-18.270313,-12.9784775,-3.2264059,2.085821,-25.709944,2.5260336
g14aw,g14,-272.80344,185.261,-63.71775,-15.577831,-86.274345,-3.6001122,-0.9803844,-1.55537,-12.070926,-24.9935,10.253597,-29.0895,-7.1626935
g15aw,g15,-244.20143,133.6971,-81.34428,17.28995,-92.31827,34.148403,-8.064315,-14.1127405,-34.767315,-2.0351083,0.65344834,-25.221687,5.079839
g17aw,g17,-278.52985,163.9232,-53.13481,15.418837,-94.44323,7.1442456,-7.1775064,-21.3998,-12.120898,-4.9994407,4.6686096,-26.19172,-0.4601059
g18aw,g18,-271.5268,176.56491,-64.77793,-3.8106308,-69.40657,13.547183,1.7241484,-6.210607,-30.556868,1.1594555,-17.94961,-20.835484,-3.0166473
g19aw,g19,-308.41556,203.39267,-71.41252,-13.520818,-79.07489,20.706297,-2.17997,-30.921873,-7.37293,-18.508472,-0.24861948,-20.229763,-2.1710079
g20aw,g20,-292.35718,176.38672,-62.664383,-19.805876,-67.33831,-2.3207345,18.297295,-19.729055,-24.747059,-3.9737194,-18.886436,-10.746626,7.38365
g21aw,g21,-316.3007,184.76657,-69.512886,7.3808365,-79.67602,26.46806,-4.814451,-28.271458,-18.250263,-10.428022,4.419359,-31.278496,-4.050216
m01eh,m01,-198.57913,148.11185,-94.497444,62.34259,-21.68835,-30.93373,-66.92349,5.419001,-23.677427,-3.1837537,-1.7672822,-22.263136,17.730658
m02eh,m02,-231.48921,176.44902,-63.783756,57.99455,2.3524742,-23.105392,-44.911526,-1.3730053,-12.510151,5.869985,-8.722066,-4.9934487,11.984767
m03eh,m03,-213.77335,194.14313,-65.758064,33.4577,-15.576083,-0.20971242,-67.24275,-16.278149,4.1216826,-12.951645,6.322553,-10.273837,6.7355056
m04eh,m04,-219.50583,183.81218,-61.134895,52.88051,-58.04945,-5.3224373,-33.691475,-18.578842,3.358119,10.45102,8.230786,-12.000076,-5.1484795
m06eh,m06,-212.23083,149.26314,-91.32178,59.52402,-22.992033,-26.289408,-49.593212,-25.498985,-10.726468,-6.153519,-7.4899116,-9.7945175,12.787978
m07eh,m07,-238.75388,191.47997,-65.434975,49.164783,-16.908276,-21.754242,-57.004307,-16.012531,1.5985135,-1.9768249,-10.439,-11.679815,18.221254
m08eh,m08,-262.13577,182.1389,-83.74668,45.833393,-15.069103,-20.75476,-47.980118,-20.918522,-10.310219,14.547934,-7.337724,-10.961002,10.622417
m09eh,m09,-189.37042,172.90334,-60.464153,29.043417,-27.787716,-12.700331,-62.195873,-13.24925,-14.953112,-15.6093445,21.390038,-30.975052,8.184679
m10eh,m10,-233.23807,176.21867,-78.2477,50.54867,-25.468536,-21.787878,-31.987299,-21.948812,-13.432226,0.20906761,-6.510619,-5.75937,-8.301778
m11eh,m11,-201.59991,176.43529,-63.77225,45.479084,-29.75153,0.3660533,-62.17673,-8.031051,-9.031274,-6.561159,21.89555,-18.1682,15.491155
m13eh,m13,-257.82196,198.422,-50.95556,48.603767,-1.8464977,-39.965187,-29.935068,-9.262693,-5.771332,10.464174,-2.98017,6.2243013,1.8098272
m14eh,m14,-208.9866,154.37291,-57.38871,48.957153,-28.2789,-11.823265,-66.71687,-3.5251217,-0.8034413,-16.81071,10.803362,-20.125408,15.612119
m16eh,m16,-230.67473,184.50478,-84.08429,52.255527,10.176465,-40.13737,-38.196445,-2.2265298,-36.709503,7.2827415,-4.769645,-20.722528,19.106758
m17eh,m17,-215.56075,151.85052,-38.71681,59.466278,-28.584335,7.380905,-75.156654,-30.58518,7.242527,-14.466563,0.37472925,-5.651304,5.747915
m18eh,m18,-214.92354,168.04547,-49.966496,33.36536,-14.419335,-13.616321,-66.58808,0.9131403,-20.77345,0.63371557,8.423888,-27.97643,21.776466
m19eh,m19,-256.99765,159.73894,-42.00635,45.5525,-23.986197,-11.034798,-63.11946,-11.178841,-14.52504,-10.78661,6.7657013,-18.217165,17.365126
m20eh,m20,-213.13882,181.43053,-61.41494,23.052385,-18.42808,-16.343212,-61.778175,-8.254672,-12.382867,-0.47528163,23.862116,-32.811672,8.691377
m21eh,m21,-191.35303,153.3862,-59.250404,21.39437,-14.742065,-18.439596,-46.554245,-38.827126,-13.06564,5.290357,0.3422038,-6.986158,13.039537
m22eh,m22,-230.63223,198.78117,-64.697685,27.704464,-16.674007,-31.858002,-43.951572,-8.274137,1.8965551,-0.87108886,8.184943,-9.637736,-3.5439699
m23eh,m23,-196.44005,163.30782,-72.1479,52.793995,-48.39623,-8.628302,-49.88829,-18.504555,8.735362,-1.9785658,-2.3218737,-8.824828,-1.1072625
m24eh,m24,-204.53308,159.3365,-68.12072,37.048954,-27.56756,-24.694159,-54.50618,-9.235831,-6.207075,-0.9302754,1.6434993,-8.111734,14.698483
m25eh,m25,-222.57475,175.04915,-44.95556,52.2648,-24.536291,-7.3559675,-57.516705,-19.964245,-6.323701,4.5325036,4.645393,-10.183352,14.911157
m26eh,m26,-282.85727,211.24702,-64.2174,23.45104,-4.6545873,-29.263382,-52.046413,1.1081187,-21.607567,14.134879,4.149332,-11.630485,5.45101
m27eh,m27,-225.5896,159.99995,-62.302258,45.959145,-29.823692,-12.9558735,-59.997322,5.0601206,8.184629,-1.7677865,15.828871,-13.676771,12.112757
m28eh,m28,-206.83841,187.82608,-53.294006,26.863052,-17.349041,-31.62478,-37.70694,-1.071039,0.38627148,0.58990747,9.5739975,-11.47426,6.7998595
m29eh,m29,-241.89954,205.14284,-77.51675,37.721592,-7.0642304,-34.08267,-50.819157,-6.6548104,-8.1398115,7.2390323,3.7209024,-7.3350735,14.570637
m30eh,m30,-232.79387,180.83662,-81.86271,65.18168,-2.0292945,-25.724094,-33.287643,-22.063395,-16.592648,16.021986,-6.2272415,0.41322866,7.43514
m31eh,m31,-215.36288,160.43929,-31.69221,36.211357,-15.476361,-13.064087,-45.265358,-9.631008,-9.807675,4.0079775,7.3129897,-10.973923,7.9139547
m32eh,m32,-213.34436,170.22173,-47.116962,27.941137,-22.986563,-13.493472,-71.0913,-8.449951,8.449892,-17.978905,14.876919,-11.07386,3.4233885
m33eh,m33,-240.7144,176.39041,-56.907253,41.60366,-14.980164,-29.546879,-45.929226,-8.34012,-17.44296,0.562663,-6.016544,-7.061657,7.6172166
m34eh,m34,-177.84048,158.30872,-62.887665,59.360588,-32.894825,-2.0502872,-49.399647,-30.873976,2.1336577,-15.696165,5.933379,-9.354225,-3.0671353
m35eh,m35,-195.92728,148.25221,-80.57955,56.884235,-9.003823,-7.7313437,-70.76783,-2.6211958,-35.81299,-3.2936056,0.3415006,-23.035938,23.93357
m36eh,m36,-257.1892,174.84055,-59.890446,50.160713,-9.430526,-32.988758,-43.76321,-4.7340007,-20.348814,14.0689125,3.8688354,-16.954422,27.38887
m37eh,m37,-236.29788,181.70737,-68.04429,32.36788,-11.082149,-13.215155,-61.715576,-20.401672,-11.139029,-2.8139997,17.104261,-23.339298,8.439722
m38eh,m38,-284.8752,169.00826,-41.959972,28.917131,-24.79132,-13.500751,-51.56023,-10.914903,1.707634,-10.707038,3.323117,0.85817677,3.291507
m39eh,m39,-217.9097,170.67992,-46.95765,42.52356,-31.72272,-30.037903,-59.250507,-20.937428,2.3852017,-3.588298,13.708478,-14.054436,7.47525
m40eh,m40,-212.79262,148.9281,-35.259193,47.783978,-48.157722,-9.703056,-78.731705,-11.388783,11.267151,-24.087454,9.574724,1.6312932,1.3597276
m41eh,m41,-234.86046,192.06425,-110.90187,56.724667,-23.226213,-30.682392,-18.553457,-39.92406,-7.671486,-4.2214036,7.629655,2.3052437,-14.480331
m42eh,m42,-236.12048,172.50139,-37.479626,32.94097,-34.911976,-21.446276,-44.870964,-40.236004,-4.6942854,8.017526,0.7123064,-9.524496,15.637616
m44eh,m44,-267.033,179.49535,-64.71706,38.38901,9.92929,-29.072865,-54.039032,0.12283748,-30.842747,14.997727,8.301516,-20.251188,33.187202
m45eh,m45,-288.6534,159.26273,-52.461864,48.08486,-44.72693,-58.431732,-23.999208,-9.737959,-9.223337,1.127724,0.85301954,-4.1024404,-4.3488073
m47eh,m47,-222.6472,147.90317,-53.980194,43.286587,-30.459187,-0.676946,-65.438416,-25.111021,-30.970518,-16.133806,31.095556,-17.338583,2.5845885
m48eh,m48,-200.70445,148.16599,-29.06718,37.30637,-43.11706,4.291378,-70.544174,-27.055101,8.913715,-12.615747,4.466727,-6.691146,6.761576
m49eh,m49,-238.42882,168.61427,-41.04096,60.953644,-19.01407,-45.35269,-47.198505,-26.206041,-20.20522,0.7496323,-4.1086063,-6.8115373,11.688472
m50eh,m50,-223.75049,147.71056,-61.84477,76.603355,-14.313316,-17.598837,-72.95095,-9.972653,-12.4648905,7.1415634,8.639092,-12.069435,32.37666
w01eh,w01,-276.60428,177.69594,-63.809975,22.353134,-37.353085,-30.217075,-33.25483,-1.3737992,3.9876027,-9.402252,-9.416814,-13.41536,-13.461949
w02eh,w02,-238.61403,175.28926,-70.298965,51.069355,-46.241043,-32.097878,-40.809868,-2.8647723,9.2827635,-23.953642,0.6771137,-14.994345,-6.809668
w03eh,w03,-237.70984,162.46207,-83.29872,39.416496,-42.9182,-41.01251,-41.77613,-3.9952695,10.384551,-9.098032,-2.4814093,-11.125069,-5.8376303
w04eh,w04,-222.55019,132.37611,-80.646774,40.691994,-61.94341,-15.939417,-47.10498,-4.34758,16.17454,-12.306873,6.666266,-18.840832,5.274699
w05eh,w05,-197.43085,155.9682,-61.68303,10.12192,-39.139412,-4.5782413,-65.76638,25.979408,-3.4454424,-20.716494,15.985223,-35.76639,-1.3090924
w06eh,w06,-229.00887,148.61067,-83.31737,20.602688,-38.627327,-33.36616,-44.323566,7.834693,-14.261169,10.821586,-6.1082873,-19.499296,4.341176
w07eh,w07,-235.03717,172.64743,-84.47043,28.601826,-37.51448,-44.07658,-47.01957,-5.525425,16.526024,-18.469166,0.9931885,-5.852169,-13.378105
w08eh,w08,-197.7792,126.4492,-83.886284,38.223778,-54.47589,-33.1031,-28.400066,-2.4510646,13.263489,-9.247177,-11.005262,-8.914203,1.135478
w09eh,w09,-268.0264,158.11311,-64.159134,20.939262,-30.863464,-34.47876,-48.49377,6.547159,-5.0685835,-9.726765,-5.1311207,-2.890175,-4.5626497
w10eh,w10,-245.39993,143.66248,-83.10141,35.75514,-40.730694,-22.982315,-48.2615,4.590836,-17.99546,-1.6323264,-6.269781,-16.600182,13.155947
w11eh,w11,-210.83519,165.02687,-75.99654,22.53115,-44.76604,-21.003042,-48.07229,-6.262955,1.6137966,-4.8230057,-1.9052429,-26.25758,1.1335794
w12eh,w12,-233.74664,161.71445,-79.38204,46.4061,-50.155632,-50.59986,-42.540512,0.5671029,-0.53781915,-11.237755,9.299421,-13.308196,-5.4078507
w13eh,w13,-224.48593,136.63104,-87.92451,44.438873,-35.50907,-42.81573,-43.608273,1.7166555,0.68719256,-2.697481,-11.077432,-5.8717356,1.6072721
w14eh,w14,-221.16559,148.24615,-85.793755,36.080414,-58.253746,-26.994387,-23.71691,2.139246,17.861498,-17.023338,4.9107227,-11.014484,-6.9642515
w15eh,w15,-212.11504,152.22534,-91.70146,40.49558,-42.651146,-34.53756,-33.02101,-7.369634,0.96609306,-2.1537166,-9.121948,-13.930562,7.026393
w16eh,w16,-212.66693,157.36336,-90.94225,36.697773,-52.239834,-34.005756,-32.32671,3.9258885,7.5852203,-12.424585,3.8313315,-23.479187,-0.90666604
w17eh,w17,-204.1437,144.95316,-79.131516,26.058956,-42.821236,-23.43136,-33.75495,-6.3771515,10.551544,-1.9098126,-9.856033,-15.286842,-3.7272
w19eh,w19,-210.90826,152.14696,-88.62591,16.123505,-57.249718,-14.551339,-43.00546,0.60855776,7.971028,-5.7294364,-6.3673325,-14.382043,-0.23223235
w20eh,w20,-261.1222,181.7327,-37.710873,44.7236,-50.505577,-31.030203,-43.154778,7.0011044,-1.5013894,-14.160801,3.4486077,-17.58983,-4.6147113
w21eh,w21,-230.77544,141.16173,-79.50104,24.737617,-48.557777,-15.941078,-55.668823,12.552119,-14.3732815,11.721809,-3.8406162,-23.470919,1.6100571
w22eh,w22,-260.2899,148.18594,-72.612526,78.6797,-47.59241,-31.633335,-51.804756,-17.677462,8.509159,-22.16166,4.9766464,-8.798115,-4.2487545
w23eh,w23,-211.22672,160.10208,-72.44663,20.186169,-62.407013,-21.462414,-47.957905,-3.4580314,6.743548,-1.2895132,-3.8128922,-15.965793,-5.2847686
w24eh,w24,-230.8194,143.13858,-78.749245,-1.3567878,-64.013695,-13.686739,-25.57543,3.0963566,9.991949,-14.075987,-20.407475,-16.271656,9.461557
w25eh,w25,-255.72842,168.62375,-80.66783,16.57871,-50.25318,-29.324331,-41.28204,-6.4231253,15.69183,-3.7781663,-8.402549,-15.133001,-8.685373
w26eh,w26,-222.5242,141.09276,-81.87428,53.739952,-32.77479,-50.810055,-38.173702,-19.249834,2.8929908,-10.714403,-9.889544,8.569018,0.66991395
w27eh,w27,-238.34955,155.10925,-97.75332,35.916683,-44.118706,-46.356644,-26.747627,-8.58622,18.308273,-5.270603,-21.991413,-5.1622434,-11.286932
w28eh,w28,-190.85905,116.2948,-85.41217,56.90999,-58.03952,-24.456108,-50.120136,-11.702012,29.303785,-20.068354,1.08807,-14.750117,2.7642891
w29eh,w29,-283.2122,147.50754,-43.71345,56.40543,-38.218815,-39.400074,-43.4911,-5.9885964,-14.8723755,-23.9804,6.2945075,-3.6242168,2.0742273
w30eh,w30,-219.59619,138.29764,-75.927124,17.371544,-46.920326,-0.8997611,-57.50946,35.00074,-9.978594,-5.6687946,-1.8139153,-36.30816,6.0998764
w31eh,w31,-276.81784,129.851,-49.468853,58.352924,-31.436035,-35.253784,-53.07678,-19.682106,0.35295498,-13.000253,2.5040195,-7.743203,4.0856805
w32eh,w32,-204.00948,157.12428,-47.607662,-13.805718,-43.705536,1.8066095,-56.113426,16.395878,-12.785344,-3.3447685,6.1071706,-29.663,-0.26409334
w33eh,w33,-173.84846,114.0849,-92.241554,25.577593,-64.96781,-15.354791,-29.651245,4.3739824,5.0783234,-14.687197,-15.533915,-8.495238,-1.1145169
w34eh,w34,-231.84729,167.92888,-101.78475,17.547018,-45.237453,-30.958326,-43.744263,9.51723,-7.895222,-8.338208,3.631819,-33.003555,-1.3152014
w35eh,w35,-238.01508,157.93118,-84.326035,39.957214,-31.518494,-37.32081,-43.416954,3.4177842,4.401582,-4.777133,-5.200359,-7.712534,-7.991092
w36eh,w36,-230.83165,146.78992,-88.665535,63.07003,-56.120968,-19.04315,-40.10151,-4.471182,15.135544,-17.049212,-2.6062176,-25.412651,-4.268976
w37eh,w37,-236.30492,152.38196,-62.85399,58.543854,-51.587643,-26.178053,-57.631855,1.874714,-2.2599666,-10.093455,-1.4584707,-17.125233,-0.0100091295
w38eh,w38,-219.65152,144.28284,-74.93974,41.22999,-67.17716,-25.560892,-46.594612,-11.757321,7.4413867,-15.298863,7.106877,-18.217688,-1.7419885
w39eh,w39,-255.45177,167.97725,-79.313286,38.852127,-41.822166,-16.063658,-50.777172,12.181586,0.27508974,-14.951307,7.6472406,-22.72602,6.851984
w40eh,w40,-227.25511,173.01852,-52.842552,34.435307,-41.77179,-46.966408,-42.711197,-1.7848215,5.806797,-0.9522585,-11.382629,-6.255309,-6.8247666
w41eh,w41,-247.42583,159.02042,-82.52642,53.703064,-55.123047,-41.653114,-38.276222,-6.397158,11.656205,-23.407766,2.4513934,-11.403227,-12.436723
w42eh,w42,-248.77509,164.28984,-66.01672,42.04206,-37.71862,-44.119896,-29.835056,-28.393513,-3.2320094,9.90929,-18.752857,-10.539882,-0.34442675
w44eh,w44,-218.40727,155.6055,-81.374916,14.606969,-39.471115,-30.525381,-51.342453,3.7662456,2.7882833,-6.8418818,-1.4738243,-20.626102,11.049962
w45eh,w45,-244.50732,171.39781,-81.11985,22.80555,-28.170855,-63.459297,-30.29164,-5.0615306,10.771805,2.3596206,-11.829447,0.79287386,-13.780117
w46eh,w46,-237.07121,177.38199,-67.188484,24.999409,-43.62022,-41.97719,-53.766457,10.555558,-6.595877,-10.4361725,-4.3412256,-15.58118,-1.3112075
w47eh,w47,-249.9588,160.22672,-82.50876,23.86364,-54.062458,-17.093756,-44.364136,-13.824027,32.366318,-14.778458,-2.312825,-5.475666,-16.952324
w48eh,w48,-209.47589,132.541,-80.9441,49.5341,-49.314312,-17.684374,-44.466328,-10.942732,12.934055,4.057708,6.016611,-12.541411,-4.526434
w49eh,w49,-214.1949,139.20682,-81.65507,49.114746,-60.56861,-25.58008,-33.71444,-1.5131544,-1.4086584,-18.431995,-1.7894614,-19.565216,0.38585976
w50eh,w50,-215.1694,142.89296,-85.75302,38.45247,-48.764175,-30.688354,-27.637325,2.5321584,1.9912747,5.6134543,-22.570744,-16.862698,-6.827433
b01eh,b01,-244.68382,150.09181,-59.496063,30.741522,-30.605118,-42.548363,-39.439785,0.383108,6.063648,4.9753532,-9.626663,-6.300528,-1.097559
b02eh,b02,-310.9871,144.10033,-69.91221,47.05288,-43.833546,-39.98963,-42.994995,-1.4384905,-7.114814,-7.905285,-16.283339,-6.8474436,-15.067011
b03eh,b03,-212.86786,144.86629,-58.90427,38.03852,-43.25449,-31.163052,-45.036892,10.173124,-1.9809352,-7.682272,-8.40881,-1.3348517,-13.3433275
b04eh,b04,-256.44962,116.09831,-68.359856,60.515686,-63.959232,-54.38409,-42.85818,0.47653764,0.5853643,-12.89474,6.191538,-6.27947,-6.2386346
b05eh,b05,-265.00702,130.6263,-67.24879,40.150536,-64.42323,-30.9313,-54.382442,-3.283045,17.887373,-11.699026,-15.816652,-18.286734,-7.075516
b07eh,b07,-234.16158,120.49089,-107.2982,18.207548,-53.558983,-32.815224,-26.381647,-3.2686813,11.101801,-13.747525,-7.4685073,-21.789446,-3.5244968
b08eh,b08,-237.63037,143.66312,-27.437641,65.2884,-57.627174,-39.747272,-33.806503,12.429652,-15.750247,-17.612171,4.528009,-10.067223,-10.068638
b09eh,b09,-233.21574,122.19247,-59.950153,34.88846,-60.817905,-25.760351,-48.706043,-0.49202496,2.6820486,-7.377425,6.623758,-8.083027,3.1715515
b10eh,b10,-278.27936,144.78738,-66.89076,56.382713,-49.417645,-54.3721,-17.465473,-14.786017,-6.076606,-11.532625,9.199454,3.719663,-12.158598
b11eh,b11,-195.77643,125.09365,-99.50304,38.514805,-69.11832,-19.463215,-45.089897,-0.36468625,14.276105,-15.314348,-2.1647756,-20.567173,2.4653018
b12eh,b12,-270.02762,139.62881,-65.16076,42.952663,-61.855034,-45.787693,-47.49188,11.3308935,7.5872445,-18.377214,2.4584978,-11.493369,-1.3724313
b13eh,b13,-257.0609,136.26402,-74.20223,72.44993,-52.81971,-39.24373,-52.150917,4.5001574,5.299107,-28.376484,0.6197037,-16.091713,-4.534144
b14eh,b14,-243.12482,176.73595,-61.514256,20.814547,-47.512177,-37.505764,-52.624165,13.774621,-2.781584,-5.841948,-15.476249,-16.337301,9.416461
b15eh,b15,-250.57788,121.891205,-64.94605,47.83981,-72.97796,-31.332964,-48.334324,-1.2882094,18.056221,-12.108923,-15.050763,-4.117757,-0.5649506
b16eh,b16,-250.69258,147.9241,-56.0909,68.06218,-51.404137,-49.382137,-40.679253,-1.7496,-0.028579522,-24.227493,0.48475417,-6.600225,-3.9886417
b17eh,b17,-306.676,172.28691,-63.90701,28.941454,-39.17697,-17.291903,-24.609549,-13.291588,8.118482,-8.257583,-4.627572,-25.732916,-10.127601
b18eh,b18,-230.6903,146.88283,-90.5877,27.394054,-47.5126,-29.522934,-32.778187,-18.87383,15.55215,-11.756714,-6.2839284,-14.131322,-4.7243032
b19eh,b19,-293.17386,147.65924,-39.903763,60.102028,-51.81495,-56.469692,-40.584324,1.8746251,-4.6284523,-28.087399,16.365433,-7.7464995,-4.9076214
b21eh,b21,-235.25858,166.32368,-82.53957,60.45714,-41.12584,-25.407566,-43.28904,-20.161125,6.650571,-15.950007,-6.125075,-9.472113,-7.873764
b22eh,b22,-277.63052,129.186,-44.89107,43.742,-44.269966,-21.128538,-51.194187,-2.4668534,10.282699,-19.699131,1.672098,-10.785143,-1.0763849
b23eh,b23,-240.22679,120.69045,-92.313095,24.302101,-69.15853,-7.3318677,-14.299522,21.601496,-10.360252,-32.553326,-8.95084,-14.874308,8.030076
b24eh,b24,-258.35928,156.10143,-59.5407,42.79953,-41.119034,-19.926083,-51.508728,14.83001,3.346574,-28.308249,8.93278,-15.511779,-6.5518193
b25eh,b25,-247.20134,151.60251,-56.15649,34.178787,-56.037174,-33.618187,-52.75727,10.09193,2.8523812,-22.11597,0.050400972,-18.588688,-2.0341063
b26eh,b26,-264.28677,152.81992,-64.24433,35.32802,-54.909046,-23.563696,-48.464138,-13.112003,3.7383354,-13.418876,-11.276307,-15.756091,1.305222
b27eh,b27,-228.25014,122.578636,-66.10422,52.72375,-60.938606,-12.800971,-40.620964,-8.341844,10.187551,-12.107591,6.0957046,-20.251896,-5.45177
b28eh,b28,-260.06003,153.99376,-49.62994,52.350403,-47.86423,-39.52846,-43.81283,-11.817496,20.01093,-17.167019,-3.984103,-6.3717813,-3.455435
b29eh,b29,-234.84406,131.14664,-77.295784,47.221535,-66.91821,-9.963364,-46.84092,25.536692,6.7085056,-26.8069,7.3943253,-18.299147,5.0967665
g01eh,g01,-239.25175,150.61388,-70.52412,46.76188,-39.622746,-29.185312,-32.57918,-7.0175867,-0.23216112,-12.681159,-9.39803,-3.559259,-10.372186
g02eh,g02,-223.95372,144.74359,-93.563965,34.521545,-55.07238,-6.554241,-30.617382,7.8996015,6.32498,-34.73638,-14.483764,-10.309113,10.277795
g04eh,g04,-260.13983,159.05893,-68.8795,32.312004,-64.81397,-43.853302,-33.648838,7.550055,3.3498166,-31.348444,-8.318396,-15.97143,-6.4550257
g05eh,g05,-198.85435,138.58911,-94.61802,51.681602,-65.50967,-29.011202,-36.499924,2.4758914,1.0309956,-23.666822,-6.564596,-19.726458,-1.5609845
g06eh,g06,-223.54787,142.60956,-76.96488,58.030766,-47.54398,-20.661482,-45.611095,1.7614431,1.1111209,-14.081497,-0.52300125,-12.119099,5.3058085
g07eh,g07,-264.17596,144.64156,-53.448616,58.753338,-41.711506,-55.323853,-47.276447,-10.6378355,3.3278031,-22.85287,-3.6181557,-6.052556,-6.1424685
g08eh,g08,-282.55652,150.25046,-38.137054,42.494072,-65.12032,-55.373405,-37.737465,1.5889633,8.430597,-20.440586,-4.7569222,-5.4245896,-11.338209
g09eh,g09,-211.92465,133.4444,-89.61552,53.46916,-74.485565,-22.333889,-37.086113,9.721875,-3.4129817,-24.034327,10.077212,-14.176211,-4.3153543
g10eh,g10,-212.38103,148.60738,-58.93154,41.906776,-64.59179,-24.424435,-31.769016,18.784798,6.7706437,-13.629567,2.9442613,-13.351057,-3.492035
g11eh,g11,-227.63466,149.4682,-61.716244,54.51519,-56.69303,-13.461653,-44.18557,1.1560448,0.65409887,-19.218882,-10.174669,-24.238077,6.850809
g12eh,g12,-218.15985,119.619835,-73.52933,45.242584,-75.93652,-9.8167,-52.780518,13.486706,-1.32862,-19.31106,6.4375463,-19.119045,9.826157
g13eh,g13,-247.26375,137.07227,-75.306915,29.285513,-57.67517,-50.7153,-26.33624,-1.0371828,2.012985,-12.547418,-8.805478,-12.765492,-13.720085
g14eh,g14,-270.64066,161.26874,-37.238605,64.98021,-45.672115,-40.771004,-35.51673,-13.404726,5.9289618,-23.97982,7.3632574,-2.0809114,3.8445792
g15eh,g15,-209.75192,100.202194,-85.86552,62.5563,-78.90941,-12.297629,-26.205378,13.134982,-12.333933,-20.274433,-1.105243,-29.850468,-4.041276
g17eh,g17,-275.96994,133.67824,-61.04001,43.00466,-67.37688,-21.305355,-41.21589,-9.557451,17.088968,-18.342981,-8.002091,-17.249454,2.5313468
g18eh,g18,-256.37225,158.12297,-54.346207,47.441578,-59.906013,-12.077214,-27.589579,2.7660382,-9.995336,-29.97996,-9.800546,-21.185781,-7.0534887
g19eh,g19,-222.66522,153.30862,-68.416916,32.36708,-63.77785,-26.428574,-30.390892,2.876069,3.7926307,-21.686539,-17.685291,-17.624937,0.0902707
g20eh,g20,-220.41618,150.13132,-65.483505,34.33953,-72.161064,-14.052644,-15.0461235,7.561248,-10.671003,-22.008911,-6.6761355,-18.419342,-0.26687747
g21eh,g21,-216.92859,125.55391,-43.933884,41.683346,-70.95531,-4.8013077,-52.02086,21.805681,-3.653973,-22.807806,1.2606297,-17.991104,0.7531748
m01ei,m01,-229.05426,144.44296,-60.483982,77.57214,-8.067408,-36.28449,-63.26857,-0.85272413,-32.696987,-25.400114,-5.5183625,-25.681242,15.342349
m02ei,m02,-288.976,162.20084,-54.337547,82.71109,12.220481,-29.27948,-34.24778,2.5208225,-16.19735,-6.0256233,-14.599495,-6.6069202,4.775496
m03ei,m03,-266.52426,165.48814,-47.421795,79.868004,1.6199795,-15.371715,-55.7215,-3.7018147,-5.952456,-29.549715,-8.153443,-9.26557,1.7937613
m04ei,m04,-243.33366,169.39938,-23.811663,74.819954,-27.53967,-24.10824,-29.60315,-13.135585,-11.005688,-13.286242,-8.320738,-5.2722034,8.783644
m06ei,m06,-256.62787,137.66953,-82.32012,82.89,-12.671867,-41.48207,-45.989403,-16.674652,-12.7094,-18.319956,-14.928024,-5.609489,10.228653
m07ei,m07,-266.41263,160.31174,-42.95621,72.036804,-13.190009,-29.264791,-36.178764,-13.466609,2.8296814,-8.167118,-4.0227485,5.227595,2.926716
m08ei,m08,-256.28656,153.97813,-63.211838,60.037605,-2.1879795,-32.53373,-41.317944,-18.725878,-7.0944963,-10.866451,-3.8068662,-10.566439,9.351285
m09ei,m09,-239.95175,170.91821,-58.022938,65.125626,1.7459669,-22.919659,-49.396957,-2.7277515,-24.256086,-14.092214,-13.889788,-20.689508,3.3891418
m10ei,m10,-235.07324,135.87535,-67.26811,96.51481,2.6919608,-46.69444,-40.286327,-12.652845,-23.71815,-9.887014,-24.684422,-10.664511,3.738255
m11ei,m11,-252.93391,169.96745,-61.03085,79.548,8.603539,-36.20838,-40.614548,3.3688915,-23.885931,-17.795937,-9.014716,-21.499228,15.5483885
m13ei,m13,-254.46802,157.81859,-45.80599,88.4003,18.863928,-47.675636,-22.621466,-8.582569,-22.410385,-10.565302,-19.781315,-5.2084565,9.618064
m14ei,m14,-258.67532,155.1882,-46.215076,81.534,-19.949146,-26.79728,-49.613842,4.799653,-7.4941735,-18.322952,-7.552938,-5.0156903,3.9132614
m16ei,m16,-251.06798,167.36592,-72.41093,63.727013,21.683893,-47.62304,-40.62751,8.454646,-35.814735,3.5327766,-17.211786,-23.073124,22.049002
m17ei,m17,-250.93756,128.1213,-33.450825,86.226974,1.4532956,-27.24298,-63.37132,-16.171886,-10.450741,-34.32889,-12.868986,-18.965538,11.985989
m18ei,m18,-253.04033,150.72995,-29.889757,67.659035,-9.32447,-43.76324,-49.316956,-0.018482724,-42.08883,-24.173227,-4.771219,-15.897401,21.359863
m19ei,m19,-261.99188,156.53494,-42.088226,61.15644,-0.5996345,-33.090775,-56.31283,0.46189177,-28.069546,-22.578587,-6.3424172,-8.268465,14.550753
m20ei,m20,-273.03967,159.69931,-52.64018,45.000328,-10.201997,-17.227856,-61.785362,-3.403999,-14.059166,-8.396763,7.8269224,-29.378826,20.890974
m21ei,m21,-231.71017,136.5151,-54.793587,93.78788,-1.0024073,-31.823406,-39.329346,-25.121103,-20.07388,-13.092751,-25.545908,-18.023909,17.403873
m22ei,m22,-251.28314,184.49908,-64.6529,54.962402,7.398507,-49.23488,-42.92652,-8.641424,-14.305257,-23.68958,-8.656821,-6.7301784,2.2445002
m23ei,m23,-217.1369,154.21098,-64.52362,93.33991,-14.432113,-38.14202,-40.270493,-19.06912,-14.368671,-20.47574,-17.571728,-2.9157674,1.5030557
m24ei,m24,-266.03864,172.05397,-39.206406,45.916683,-14.885304,-28.560318,-59.577312,-3.7697043,-16.546822,-20.382353,-6.9147353,-8.091382,14.65287
m25ei,m25,-263.58664,168.05838,-30.176374,69.67367,-9.010426,-8.070012,-59.68261,-22.820818,-2.3835986,-21.565233,-8.998657,-6.9049797,8.308901
m26ei,m26,-274.1153,195.83481,-68.92916,57.399,22.277325,-50.281746,-54.999893,-3.374646,-32.472008,-1.5412982,-1.1663196,-14.113567,6.557555
m27ei,m27,-241.88902,169.72151,-64.20519,92.47332,-15.999063,-20.993954,-53.09496,1.7255125,-8.576936,-23.718847,-7.135192,-17.093481,1.5286201
m28ei,m28,-244.4362,166.55719,-40.704906,63.229614,13.313058,-47.1819,-39.786224,3.301322,-27.214746,-22.171495,-7.7886477,-4.93755,-1.1432682
m29ei,m29,-235.60689,140.60912,-62.906307,99.92112,8.128093,-42.160805,-20.175308,-1.1664172,-30.270163,-22.349577,-22.24161,-9.549715,-3.0597975
m30ei,m30,-260.40076,128.23247,-55.663544,130.40535,13.475517,-32.681957,-11.830537,-2.8023746,-33.5182,-12.211018,-17.154173,-10.144514,-2.9961395
m31ei,m31,-235.37988,147.9877,-28.35978,69.71395,5.9600782,-12.910214,-59.098133,0.46351203,-23.71484,-29.98067,-2.2766957,-14.145573,8.327917
m32ei,m32,-224.44345,146.06313,-31.497263,59.45744,-25.474497,-9.109933,-58.275173,2.4393125,-8.036821,-26.336992,9.0661335,-4.9592395,5.4193335
m33ei,m33,-320.969,170.17236,-19.284927,66.1759,7.67308,-28.469017,-50.475792,1.6987014,-8.262887,-22.632154,-13.586529,0.37981164,9.377152
m34ei,m34,-242.94681,166.78442,-25.717018,77.687935,-6.9223313,-15.330257,-61.882744,-4.5883684,-6.9330935,-31.48679,4.3957257,-13.800258,4.3795757
m35ei,m35,-230.06381,141.18495,-78.739204,80.43981,2.247556,-24.747272,-59.489456,6.004669,-39.882126,-14.971473,-4.867445,-28.69602,24.272078
m36ei,m36,-237.65031,161.45139,-60.9701,70.14306,1.0490476,-35.63254,-40.81171,-6.211635,-35.225426,-9.328263,-15.730528,-30.674778,25.523458
m37ei,m37,-250.66187,175.01816,-43.465565,57.722565,10.787989,-31.110004,-57.51302,-13.560321,-13.09032,-9.592099,5.836798,-15.613699,7.0615478
m38ei,m38,-269.1231,155.6246,-48.17958,71.68886,-2.4824529,-30.348833,-52.368866,-16.885288,-13.0596695,-33.27614,-13.3522415,2.888404,8.31419
m39ei,m39,-260.57568,144.98044,-33.09553,81.87361,-4.0006266,-47.83505,-34.653847,-28.69942,-25.318525,-27.53505,-14.359444,-8.810808,8.951452
m40ei,m40,-249.28592,154.08635,-26.238714,60.28982,-32.614464,5.8652835,-72.9442,-8.09755,1.4161857,-34.31893,4.358254,-2.7990973,-3.8407407
m41ei,m41,-254.56458,169.76193,-97.22976,86.71711,-8.555157,-35.085815,-35.3089,-26.186827,-2.424232,-13.751921,-12.883875,-6.3760543,0.90075547
m42ei,m42,-236.91962,163.99161,-58.90462,61.383316,-0.7648234,-30.143776,-53.485657,-16.496239,-8.481321,-3.7771616,7.8613586,-11.292036,25.591408
m44ei,m44,-318.31516,177.54999,-51.3741,58.042942,14.291406,-34.47426,-53.55699,20.907206,-34.69009,-2.522644,1.875981,-19.83289,26.735802
m45ei,m45,-312.48462,150.61642,-27.0262,83.6264,-23.246017,-68.006546,-25.12334,-18.890259,-20.860592,-24.415117,1.8220165,-1.1721057,-5.8861914
m47ei,m47,-265.44626,153.17827,-47.77886,50.918858,-0.850082,-21.04394,-49.849754,-20.568972,-31.174738,-24.014774,-6.4685373,-21.164034,7.7509584
m48ei,m48,-303.12305,164.51605,-11.290645,69.11455,-19.212122,-10.42661,-65.45803,-26.865164,8.309953,-35.459534,-3.8986628,-0.9448207,5.7800527
m49ei,m49,-249.55426,147.44704,-39.77755,86.818184,-4.302048,-53.88082,-20.810017,-15.749519,-41.514282,-15.410723,-22.207912,-6.1787424,1.8472861
m50ei,m50,-235.09317,149.1805,-46.252228,91.17297,-2.775879,-22.31421,-55.539017,-2.2636402,-22.824059,-8.861415,0.5232576,-12.865456,30.007744
w01ei,w01,-288.1915,145.94669,-18.697525,63.3732,-20.660992,-46.07071,-38.133553,-4.1567354,-19.755936,-26.03769,3.77299,-3.3276951,-14.208771
w02ei,w02,-274.2374,121.41563,-47.37525,105.5887,-59.805214,-51.906746,-25.483685,-24.260197,-7.2785716,-35.224808,2.826397,-11.250887,-20.305088
w03ei,w03,-271.01562,160.67665,-64.0819,68.16528,-40.231827,-52.604,-29.930735,-10.263187,-14.006911,-19.529177,1.6023406,-4.2001014,-9.391239
w04ei,w04,-259.4433,146.94884,-40.458138,66.01649,-44.048553,-28.62716,-42.480816,-6.964746,-11.102099,-27.042097,10.86704,-12.873696,-8.243531
w05ei,w05,-264.56296,118.73018,-22.405949,68.27202,-28.350103,-31.552109,-45.66384,-2.0970304,-36.52407,-32.15729,-2.101272,-21.802105,-5.5719686
w06ei,w06,-224.90025,107.06483,-57.821873,82.12174,-39.53066,-48.15956,-32.14657,-1.3524673,-37.349075,-11.736073,-15.013727,-10.260433,-1.7943059
w07ei,w07,-238.6149,159.96002,-46.10698,66.74124,-25.643774,-55.098263,-29.675262,-15.722665,-17.533508,-28.338268,1.7810379,-2.7632272,-15.049211
w08ei,w08,-252.07599,127.09403,-40.478436,85.73814,-49.67524,-34.19815,-26.646318,-14.784969,-17.977596,-16.72331,5.8573494,-14.390202,-10.618949
w09ei,w09,-284.67383,117.86168,-21.53157,56.97585,-21.343884,-50.09071,-20.750519,-25.741894,-36.7912,-15.807217,-1.5347681,2.2059221,-8.764362
w10ei,w10,-241.80597,118.07028,-51.57924,75.68224,-34.944965,-42.209164,-42.62195,-0.40136036,-45.199245,-26.034662,-2.242099,-7.293749,4.1681294
w11ei,w11,-243.30046,133.63278,-76.23852,68.36898,-35.371193,-42.50272,-55.94823,-0.21083559,-15.578117,-23.159061,4.480303,-8.087156,0.013027941
w12ei,w12,-276.7304,133.40099,-50.726578,93.9937,-55.756958,-35.459007,-27.565447,-22.932854,-9.837663,-27.33949,10.049938,-11.092131,-15.024921
w13ei,w13,-258.33084,145.4117,-71.5054,80.444084,-43.347645,-43.32466,-38.794426,-9.276379,-13.420755,-10.894964,2.7890708,0.72717535,-11.203586
w14ei,w14,-240.3121,144.26947,-35.244495,92.8105,-44.907284,-34.01642,-31.658398,-7.6453676,8.518929,-27.340647,14.001059,3.9632652,-9.839453
w15ei,w15,-300.81735,130.04968,-48.848045,81.89226,-31.81914,-46.67274,-31.404222,-13.801205,-16.192362,-25.190813,2.672756,-8.060795,-6.8354173
w16ei,w16,-233.75398,131.17778,-45.576214,76.24974,-61.358013,-37.598076,-36.604412,-19.31024,-10.566703,-23.138397,15.736136,-4.59717,-5.4975777
w17ei,w17,-271.24796,137.51822,-47.388977,72.84653,-40.02728,-34.740005,-43.971954,-0.84013027,-19.868877,-22.888908,0.98780835,-1.1502137,-8.55444
w19ei,w19,-281.39047,149.94322,-58.6073,53.198925,-52.51927,-40.61754,-35.216015,-11.223376,-6.818238,-21.541216,3.2618415,-7.0325885,-9.677419
w20ei,w20,-253.98087,156.5097,-32.22209,67.764275,-31.939009,-50.405174,-49.26318,-11.230438,-20.066492,-20.973711,0.13197866,2.115051,3.4507935
w21ei,w21,-269.99396,122.50415,-35.762714,72.77905,-28.599548,-22.08491,-58.644592,10.870219,-24.895855,-7.1812654,-9.444101,-12.982907,5.423751
w22ei,w22,-233.99089,134.19934,-54.36656,101.84759,-44.82314,-34.719555,-36.00507,-12.802142,-6.2072887,-29.028816,10.8771105,-8.679507,-9.632906
w23ei,w23,-239.3597,142.77136,-43.039963,77.9043,-50.159027,-32.80145,-49.582638,-5.707493,-13.422401,-32.139874,9.022946,-4.6474986,-9.985083
w24ei,w24,-282.57477,133.01823,-45.477955,62.76977,-65.56855,-35.879482,-29.129797,-8.423972,-8.515441,-7.5937066,5.9470596,-11.596246,-12.658235
w25ei,w25,-280.82834,157.52267,-8.708223,49.588757,-60.525944,-36.04816,-36.441093,-18.437086,-9.403374,-17.339968,12.672981,-11.109532,-10.905305
w26ei,w26,-303.83282,132.72717,-68.917786,111.36574,-22.762358,-53.690502,-25.806652,-20.972433,-24.931314,-30.328396,-21.102526,7.7020125,-17.250238
w27ei,w27,-273.6186,137.97223,-63.336998,75.365974,-38.840538,-58.136677,-23.09552,-14.405985,-8.017873,-18.811562,-4.849264,2.7855413,-22.902462
w28ei,w28,-255.63196,121.173416,-51.49113,88.28833,-51.21622,-38.251434,-41.068485,-20.511238,0.16546184,-23.521944,11.625902,-1.0565248,-4.556076
w29ei,w29,-230.28189,125.052574,-45.076332,57.911957,-44.00608,-32.255894,-52.757744,-0.6895108,-11.13613,-29.22673,10.8144655,-8.01415,-2.2200544
w30ei,w30,-248.07692,111.97393,-40.262234,80.32757,-37.509007,-36.35823,-38.454697,-0.8914694,-47.60245,-17.334654,1.3161025,-20.9364,0.7650394
w31ei,w31,-257.32587,124.993004,-32.958115,77.14041,-35.138073,-45.548203,-46.935764,-25.865023,-20.173748,-14.6793585,-3.6263459,-9.966887,-13.501904
w32ei,w32,-222.07492,146.81888,-32.687878,41.06148,-40.400608,-7.184714,-71.94242,19.2879,-13.773277,-29.667042,21.544703,-18.223553,4.6961308
w33ei,w33,-229.2045,110.17704,-41.169865,72.44261,-67.79469,-28.705465,-32.64213,-23.279135,-21.644947,-20.71613,4.074191,-17.481262,0.29443288
w34ei,w34,-238.11816,111.908,-45.092842,94.251854,-45.284534,-41.385014,-20.66206,-18.088737,-28.12698,-24.827074,-5.693739,-23.421698,-12.055935
w35ei,w35,-253.08453,136.60988,-64.07769,85.62619,-41.067562,-49.275394,-36.66488,-1.8648467,-13.327545,-11.187041,1.8815249,-5.9750767,-13.1830635
w36ei,w36,-222.27365,138.77895,-63.40923,94.07017,-53.80073,-30.488796,-41.16684,-11.804682,8.129966,-18.613255,7.3952966,-6.63252,-4.7458453
w37ei,w37,-231.6063,122.64417,-30.87395,90.27098,-42.85606,-34.47275,-38.729435,-6.0843606,-34.903103,-9.405152,-7.4147205,-5.8825502,-1.8399037
w38ei,w38,-258.37738,137.27773,-58.801506,80.21463,-65.318665,-36.929314,-49.576855,-8.333681,-9.403683,-26.133871,23.007092,-12.825887,-6.505236
w39ei,w39,-257.65054,127.628075,-31.239027,86.925316,-29.653708,-39.499218,-32.96838,-12.73669,-28.57222,-35.428825,5.587597,-18.14496,-8.9878645
w40ei,w40,-258.4944,150.29526,-29.747925,74.44736,-36.10909,-45.14735,-33.63029,-12.094769,-4.333156,-17.267467,-4.235815,-4.440027,-17.791847
w41ei,w41,-262.81903,136.45682,-34.52556,90.10445,-60.551067,-36.48925,-25.937117,-13.741566,-18.600695,-16.752106,3.628028,-18.662325,-4.6794314
w42ei,w42,-270.2853,127.85258,-44.996067,82.210884,-24.168213,-55.969448,-33.085163,-25.215813,-21.810633,-12.130458,-27.076302,-0.8611636,-5.550448
w44ei,w44,-301.28668,129.94376,-41.72354,62.183098,-20.868395,-57.22835,-33.418724,-8.519447,-23.263535,-24.51708,-10.3158045,-14.619909,-3.6910279
w45ei,w45,-239.12206,156.5507,-74.844604,72.01043,-25.724512,-59.029762,-37.908882,-23.019468,-12.413257,-20.942127,-2.3954241,5.630111,-9.542922
w46ei,w46,-274.5463,155.71466,-13.073926,74.94189,-31.540224,-43.57068,-32.908863,-8.4766035,-39.81391,-27.281713,-6.5553894,-14.93042,-3.3399792
w47ei,w47,-255.58315,134.24304,-28.45699,75.88494,-50.141983,-40.961784,-33.328655,-19.31993,-16.706034,-33.53564,3.0513422,-9.716167,-22.643242
w48ei,w48,-232.66138,117.402985,-63.403282,103.0385,-34.26801,-42.980556,-54.506798,-21.449303,-7.2195024,-14.83572,-2.2783134,11.394894,-8.299188
w49ei,w49,-258.0186,113.241646,-33.552242,88.80861,-39.42711,-39.769882,-21.943138,-24.802313,-35.315773,-24.066362,4.685635,-13.793875,-6.730295
w50ei,w50,-244.41069,130.6982,-76.576164,82.25556,-54.733204,-45.021885,-33.437843,2.3434217,-14.625079,-12.625703,-9.566239,-0.25333232,-11.699505
b01ei,b01,-233.4794,115.678474,-44.654266,78.00593,-57.257362,-40.09092,-38.55876,-4.5954227,-29.64521,-12.035519,-0.5277251,-10.335781,-1.8261594
b02ei,b02,-308.05084,122.64906,-23.53423,67.720474,-38.980553,-35.341347,-30.872478,-14.720073,-28.279856,-16.335918,-5.0150023,2.4349225,5.2278643
b03ei,b03,-255.60832,143.93188,-27.84274,66.06605,-36.60824,-46.5187,-27.07851,-23.508602,-34.82995,-3.8434658,-4.788621,3.0932527,0.101716995
b04ei,b04,-235.2556,118.382034,-56.054184,83.7939,-64.43042,-55.374386,-43.456814,-6.792452,-2.723808,-25.867296,2.6391172,-1.1485347,-7.3597064
b05ei,b05,-263.5453,120.29044,-24.61962,81.44294,-56.324154,-48.75701,-45.445404,-19.011717,-9.15727,-20.045303,14.472746,-0.34713268,-12.154369
b07ei,b07,-289.76797,104.71102,-56.428345,71.80945,-64.50594,-52.272976,-31.093323,-27.190474,-7.6340528,-18.756529,12.4178,-4.221127,-7.2794533
b08ei,b08,-263.62573,125.112076,-38.67982,91.57317,-44.150555,-34.59483,-47.788116,0.44140244,-6.417876,-19.355362,-2.2797809,5.914689,-2.132681
b09ei,b09,-283.843,130.43422,-36.826366,75.650536,-47.103844,-26.123096,-45.910633,6.137835,-19.218554,-19.3896,3.3507848,-13.581029,1.735623
b10ei,b10,-286.69125,141.94037,-20.403069,78.1574,-53.797153,-49.701645,-16.15049,-24.955568,-24.185427,-11.693589,6.2601256,5.848781,-4.6158524
b11ei,b11,-269.76434,133.0553,-34.469578,73.115364,-47.29416,-29.919926,-38.190823,-13.128622,-16.951216,-26.53572,12.059133,-9.893389,-4.106482
b12ei,b12,-298.81555,114.44824,-32.661095,73.13155,-66.84985,-35.234383,-35.253326,-1.3874278,-7.655027,-19.81938,14.778836,-9.278804,0.9538523
b13ei,b13,-274.2061,114.92079,-40.8556,94.61713,-55.95916,-49.437466,-43.094154,-9.697809,-11.813471,-29.532047,11.011863,-9.665936,-12.792326
b14ei,b14,-307.3211,134.99019,2.2141519,75.83403,-49.75678,-33.598503,-25.392803,-19.922953,-20.145836,-23.722239,-6.6961555,-6.450412,-9.152697
b15ei,b15,-309.8209,103.29739,-31.204306,68.85516,-68.80256,-56.240128,-33.96872,-8.060081,-21.43998,-23.660692,14.602548,-15.743221,0.18117435
b16ei,b16,-290.8771,144.9846,-30.476395,81.04747,-44.008434,-57.46596,-42.12321,-15.035174,-16.269964,-28.894623,9.884229,4.902347,1.2973309
b17ei,b17,-294.1769,130.72078,-35.37251,67.2272,-26.868404,-55.905117,-32.45963,-22.524956,-17.369686,-30.962778,-13.192385,-1.1226908,0.6478728
b18ei,b18,-286.4872,121.30063,-99.128914,76.26187,-49.183865,-55.21284,-27.231289,-19.67766,-1.3731502,-18.989344,6.184672,-8.876007,-9.919276
b19ei,b19,-297.1939,142.32442,-29.418842,67.19504,-53.30738,-43.557396,-37.147724,-7.7458477,-11.206088,-21.993263,11.691338,-12.420641,-4.7578115
b21ei,b21,-285.38116,124.18948,-35.372353,102.1496,-40.447777,-56.49267,-28.112392,-17.61338,-26.86192,-22.531256,-0.80764556,1.7516569,-10.2176285
b22ei,b22,-264.08435,109.975784,-39.735256,92.97269,-63.427334,-27.031248,-39.45935,-10.117684,-12.434916,-24.88252,18.45219,-7.053952,3.4048142
b23ei,b23,-287.00793,105.98597,-35.18662,67.21257,-75.19302,-31.313055,-23.619984,-13.627536,-19.435175,-27.913195,12.676553,-10.268479,-0.56187093
b24ei,b24,-269.4103,127.38674,-32.452892,86.32343,-50.850903,-43.751263,-50.856182,-12.40375,-15.483371,-26.24159,16.89563,-6.0163226,-4.381413
b25ei,b25,-312.33582,140.22505,-17.774155,62.546684,-40.553204,-54.395996,-31.129725,-20.116413,-19.775143,-19.709743,-3.21952,-5.418156,-8.249826
b26ei,b26,-265.63937,141.09901,-39.33271,82.196075,-68.19503,-26.006073,-33.93581,-13.473846,-6.7650733,-21.3105,3.6807652,-5.9860845,-3.7023227
b27ei,b27,-242.94507,84.88873,-31.715967,114.07251,-69.183266,-19.316511,-41.693867,-29.657291,-12.501444,-27.270405,17.36926,-15.465609,-5.454598
b28ei,b28,-262.5364,135.80031,-43.88406,72.23093,-51.43673,-37.217453,-39.2113,-11.682366,-20.30111,-20.068651,0.31124634,-3.431925,-2.1755202
b29ei,b29,-275.04117,105.97102,-53.91898,99.85389,-92.30394,-22.530975,-50.093624,-0.3934953,-12.942327,-20.795252,25.053768,-17.804033,1.2989295
g01ei,g01,-263.1392,116.194824,-21.468697,89.73803,-44.530563,-35.22099,-36.614437,-23.009275,-27.63556,-25.60755,-1.6459888,-2.6067638,-9.852937
g02ei,g02,-249.23401,120.58742,-39.155937,64.26283,-66.50958,-43.344536,-35.377678,-22.38821,-9.816027,-10.891909,13.537664,-12.579826,-3.5836957
g04ei,g04,-242.01888,111.34586,-40.49494,71.69676,-69.95612,-35.97713,-34.991985,-15.543334,-17.827717,-25.046509,8.941495,-10.504195,1.2383275
g05ei,g05,-277.91428,140.62152,-45.072983,60.852005,-58.166294,-41.87849,-25.211748,-9.126514,-14.130977,-16.591545,1.0805553,-12.468628,-0.34460393
g06ei,g06,-230.41756,119.55748,-50.795757,84.83868,-59.95174,-34.981678,-42.04592,-14.081356,-30.611952,-23.359346,17.853481,-13.781225,-3.3854563
g07ei,g07,-296.6523,144.20839,-60.392002,64.08514,-37.62738,-63.256626,-39.426918,-20.455164,-1.9184994,-18.481823,3.3950124,2.3623662,-14.692152
g08ei,g08,-303.618,114.15806,-14.132936,56.696667,-57.53514,-51.285473,-32.182034,-31.720182,-20.45384,-12.8685875,-6.3258424,-5.1206927,-0.91488594
g09ei,g09,-263.05524,95.00539,-56.278366,79.09291,-75.402695,-31.775204,-34.03398,-15.348128,-20.366293,-25.806566,16.258512,-17.11187,0.5598351
g10ei,g10,-267.89462,130.89659,-20.251532,65.964,-63.422745,-30.648354,-31.071562,3.9680915,-4.810559,-5.6051617,20.669168,-15.532999,0.11057391
g11ei,g11,-282.20932,134.20831,-44.18592,81.60248,-47.6719,-46.230904,-32.182976,-27.236263,-9.487143,-22.419367,0.611246,-10.201426,-5.144811
g12ei,g12,-253.46419,110.85348,-40.270504,75.798874,-79.77767,-23.701996,-33.4463,-5.8591127,-9.59022,-18.532803,17.325043,-22.920876,2.6870818
g13ei,g13,-254.4886,112.83719,-46.95218,72.73684,-63.22301,-51.741367,-27.723978,-21.773684,-19.851973,-15.767323,5.346848,-11.650434,-0.17252924
g14ei,g14,-232.20766,142.00926,-50.702854,76.890274,-62.30864,-42.112812,-32.69759,-13.96926,-7.8621087,-27.46994,-0.5336089,-0.5250282,-9.227974
g15ei,g15,-248.3815,96.23973,-49.524483,106.19901,-70.98487,-21.254442,-42.52682,-7.2188025,-30.046244,-11.703973,3.3102772,-18.98715,4.9164376
g17ei,g17,-290.8258,103.65409,-44.424107,78.044495,-73.66406,-25.675669,-42.3841,-10.379912,-2.8429294,-29.135586,5.4866524,-13.136421,1.7998765
g18ei,g18,-314.6227,144.76627,-11.32256,81.87589,-61.182873,-39.938553,-33.58259,-27.769562,-18.257746,-9.231853,-10.896562,-9.95867,-3.5810795
g19ei,g19,-286.0165,142.72514,-23.382738,79.17593,-62.633816,-36.18358,-44.876076,-10.026392,-19.21771,-11.467183,13.50973,-15.742707,10.0934
g20ei,g20,-238.98772,136.66461,-40.97582,58.42687,-69.92105,-28.186596,-26.21553,-11.4711,-21.78372,-21.642265,4.751906,-17.688229,-3.0162609
g21ei,g21,-271.325,119.35334,-21.48727,74.02787,-67.47651,-24.502506,-43.26988,-1.5412096,-23.128864,-18.24399,7.7592006,-17.362658,0.31146863
m01er,m01,-218.37132,170.36382,-53.323853,-5.3004255,-12.984677,11.427877,-44.957645,-22.32324,-39.871677,4.171604,-2.4885447,-37.965782,13.279191
m02er,m02,-264.80582,213.22075,-4.588838,-7.4854455,-29.731329,43.55531,-11.717262,-3.461491,-55.759857,7.4351325,6.8418684,-30.405151,15.624495
m03er,m03,-263.27197,219.29817,-20.230253,-10.468433,-39.211952,38.445454,-27.000423,-36.042717,-21.704592,-13.053087,9.429745,-25.548738,7.7296443
m04er,m04,-269.9071,213.4937,-6.6557465,-0.26021168,-27.431694,21.682543,-11.262108,-36.41678,-44.14943,23.203636,-14.367432,-12.317441,-0.7126046
m06er,m06,-206.16043,172.19093,-58.545338,8.025343,-27.613525,2.7675347,-24.182867,-52.256653,-19.258064,-23.444134,-3.0450406,-12.271758,-7.5385895
m07er,m07,-295.712,231.50713,-0.59067,-13.0057125,-29.492895,30.614319,-9.83002,-49.29271,-17.872335,1.0890827,-7.936689,-0.36978722,-5.8331575
m08er,m08,-239.41196,208.00046,-33.7948,-19.903286,-4.520247,5.665201,-15.661548,-40.73012,-66.99098,19.352028,-4.0685616,-25.892508,14.763576
m09er,m09,-277.1179,219.21167,-33.842285,-27.878721,-8.583198,26.445793,-33.15536,-27.247833,-44.392853,6.6747875,6.694283,-34.65743,11.159884
m10er,m10,-278.86905,235.2281,-38.73789,-13.468461,19.342182,-8.177307,-27.955778,-28.622887,-39.7526,0.8150898,-2.267058,-9.799757,-7.051909
m11er,m11,-249.45123,197.4517,-30.217308,-13.186666,-3.516156,22.671137,-41.735348,-15.560963,-49.41913,4.1157084,10.078416,-41.524677,21.894493
m13er,m13,-286.94733,214.86305,-9.354975,-8.139228,-2.2035394,13.489377,-11.301558,-40.538567,-43.794453,2.9250941,-19.459724,-8.682728,5.2058425
m14er,m14,-238.03032,218.31729,-43.207405,-9.713124,-23.706493,36.66471,-36.080914,-52.351116,-2.9290962,-11.528712,13.409991,-17.418251,-8.55936
m16er,m16,-248.82089,219.4576,-60.126713,6.204126,14.187209,-17.98966,-15.066918,-36.142704,-43.136833,5.9326673,-17.924091,-18.91356,9.314011
m17er,m17,-287.87125,184.44374,7.3290534,5.467956,5.879259,17.74785,-37.538982,-43.02346,-31.047682,-4.7075353,-11.511976,-13.93484,1.5676299
m18er,m18,-245.47488,217.7701,-39.87436,-13.061595,-14.026604,4.69748,-23.7843,-50.312695,-41.58442,11.500413,-12.551985,-20.159779,35.48522
m19er,m19,-274.3643,220.56796,-35.145782,-18.492544,-5.60698,7.0302377,-38.502144,-25.475803,-31.948633,-10.256688,-3.1406708,-14.735211,21.717236
m20er,m20,-262.9608,200.88918,-28.963257,-14.250671,-22.684761,32.784668,-44.358597,-46.273266,-40.291157,-13.968984,23.152008,-39.267334,3.431914
m21er,m21,-252.92024,217.33981,-35.611057,-18.413904,0.54583466,8.046726,-22.055775,-53.62797,-35.692207,-5.3611465,-3.1770818,-17.823368,-3.2195232
m22er,m22,-275.65512,232.235,-32.008125,-21.074139,16.316027,0.30119023,-39.865963,-38.029263,-22.010035,-0.27337253,-9.619837,-11.539423,-1.2121787
m23er,m23,-283.413,237.43538,-37.53891,-18.492321,-32.582664,4.888685,-3.131005,-56.532463,-25.232016,4.2785187,-18.994751,0.79669714,-5.278045
m24er,m24,-251.73654,198.06982,-33.904423,-17.876163,-5.0229564,-5.354101,-51.07399,-7.0085726,-43.567856,-5.5158825,1.5507545,-26.238255,24.129417
m25er,m25,-268.29895,215.48708,-24.885206,-10.099622,-4.3824563,16.35692,-28.301943,-20.091936,-48.20383,2.7012625,7.441513,-29.145378,18.386526
m26er,m26,-264.4656,219.70184,-30.29459,-23.882671,7.461329,-14.305289,-28.44618,-18.182402,-59.71942,-9.670916,18.388176,-19.514265,-14.478084
m27er,m27,-225.46835,195.46538,-34.460793,11.421177,-20.089828,35.183224,-50.881912,-47.95063,-15.08516,7.268388,-7.858046,-37.39634,0.17285436
m28er,m28,-246.12413,218.12512,-30.49748,-28.15244,2.4107435,8.422502,-34.872013,-23.219341,-33.91341,15.855626,3.92242,-21.701817,6.6943574
m29er,m29,-275.56195,229.5366,-34.705425,-12.077208,-2.0168436,16.562622,-1.3110737,-49.34774,-43.312603,6.252366,-6.4553742,-17.280285,-4.369141
m30er,m30,-254.50722,202.04132,-19.19699,2.7275617,-19.617073,34.252163,0.665406,-44.17734,-40.233597,8.293751,-4.735632,-3.0511827,-4.042195
m31er,m31,-310.04233,225.5503,7.6924095,-18.174803,1.4315134,36.20345,-21.957205,-41.132534,-25.848768,-16.837349,12.013715,-14.59123,-10.122855
m32er,m32,-268.37775,210.80681,-2.330542,-35.028717,-30.174822,40.132908,-51.96888,-45.694603,-29.163227,-9.844909,19.2243,-29.532236,13.768532
m33er,m33,-258.87534,213.87589,-23.595161,-22.591743,-4.072009,14.633331,-37.35127,-22.334692,-50.633408,-2.225901,-3.2917585,-35.187572,3.5060992
m34er,m34,-289.57654,220.59026,-4.965904,-6.9109664,-0.22355874,17.838877,-29.719975,-55.400673,-15.1475525,-13.229099,0.56007874,-5.7658715,-20.824253
m35er,m35,-247.13016,193.46443,-57.86295,-0.6111143,11.753488,15.051555,-41.24214,-30.538025,-56.313007,2.6212156,7.7407184,-37.544514,6.5541754
m36er,m36,-247.79337,207.26575,-45.461113,-10.087841,-14.704147,27.79421,-46.72951,-39.15506,-35.480495,8.802946,-0.4893903,-32.487926,20.449955
m37er,m37,-245.19641,204.60168,-20.00185,-10.957012,7.895361,15.4981575,-20.531416,-46.080215,-39.1622,8.174992,1.5655318,-27.64803,3.7180495
m38er,m38,-266.635,223.15688,-38.48277,-7.657129,-13.2207775,0.9086785,-18.161896,-44.746395,-30.896685,2.776883,-5.4197755,-10.391528,19.173037
m39er,m39,-292.47427,231.3862,-6.053338,-13.478381,-14.897938,21.815975,-24.580688,-51.807095,-25.408615,1.1767813,13.672087,-22.64869,1.6399606
m40er,m40,-287.95135,192.13489,-9.553223,-7.506959,-19.033203,33.067665,-48.778393,-45.219933,-16.065638,-0.8651376,-1.9579052,-18.078457,9.77168
m41er,m41,-253.3935,219.01509,-71.82947,0.3761961,-21.20612,-6.7747507,0.28604698,-46.59086,-46.522285,2.5851698,-2.717763,-24.035585,0.90515316
m42er,m42,-285.0348,207.86493,-11.085369,-36.847466,-42.39488,33.539833,-31.748987,-55.10679,-32.946537,6.3399506,1.9394497,-12.096994,15.732413
m44er,m44,-307.10645,241.70023,-49.323444,-8.403849,8.536456,-0.9577487,-19.928612,-29.753689,-42.38279,4.6053953,0.92536896,-21.19106,23.471987
m45er,m45,-304.00064,201.41667,-10.565377,-23.733833,-8.837194,8.313166,-34.892838,-32.131603,-38.69945,3.9990137,-0.21358289,-25.836153,21.144783
m47er,m47,-233.0899,176.7768,-18.54991,-11.748966,-42.955803,39.254677,-24.256708,-45.5802,-52.297684,-14.872694,3.382304,-23.41064,2.2749782
m48er,m48,-266.72726,186.42511,-8.459459,6.578156,-26.019112,39.109497,-53.40276,-58.65644,-9.081297,-11.951517,9.695728,-21.129114,10.32554
m49er,m49,-287.8,206.06839,-9.30513,-28.928043,-19.536129,37.155025,-28.143478,-57.433193,-53.631023,-2.7884138,5.851556,-20.719187,4.451191
m50er,m50,-269.20712,223.4026,-11.944717,-20.887766,-8.245741,14.313122,-31.409904,-55.502155,-26.487497,15.360823,1.2204051,-5.379114,20.838305
w01er,w01,-324.0081,196.83493,-18.02673,-12.961466,-25.402084,19.99638,-42.702015,-54.656067,9.503157,-20.571,-4.934822,-1.1978515,-23.064157
w02er,w02,-294.49252,212.01363,-39.845585,-6.4268193,-4.877655,22.164804,-35.532864,-47.041016,23.119314,-6.2648544,-13.892378,-0.10375922,-5.9971776
w03er,w03,-295.12958,208.93994,-29.928202,-41.4055,-39.60463,23.098274,-27.01059,-45.919945,-23.639004,8.064766,-1.9280577,-0.21972927,-12.642042
w04er,w04,-254.74493,157.81157,-73.45957,15.099187,-17.119577,-3.8003273,-59.34434,-40.70257,19.33767,-12.27526,-2.1284418,-5.339581,3.6805289
w05er,w05,-257.19992,191.38838,-38.755882,-38.35261,-10.27755,26.19354,-61.66182,-23.309679,-5.507935,-15.882279,1.2488253,-27.106434,1.1056453
w06er,w06,-260.96872,181.23193,-64.1993,2.629542,-9.584791,-0.91948384,-49.171356,-41.451622,-8.530774,16.091108,-28.863787,-10.563471,10.303834
w07er,w07,-269.25897,202.47026,-23.013266,-13.559513,-18.842518,3.6848428,-52.65063,-44.86397,1.7663087,-20.585798,-5.7841587,-1.441442,-7.8939533
w08er,w08,-262.73633,159.7739,-62.52132,32.050896,-5.0382514,-26.017431,-60.671753,-29.310131,19.195122,-20.864672,-10.387131,7.2556353,-3.9682746
w09er,w09,-283.8215,186.54634,-45.474453,-29.299717,-27.231625,15.581968,-44.798866,-68.60491,2.594821,-8.472332,-10.214322,-5.0712233,-9.321046
w10er,w10,-262.63037,193.34259,-78.81538,-13.744057,10.796761,-21.450516,-34.790318,-43.02268,-30.74753,9.967635,-19.417517,-14.807401,10.01637
w11er,w11,-275.09833,213.97841,-39.505466,-31.372824,-22.700766,16.580513,-56.17184,-51.712864,-5.562271,3.4153662,-7.4788747,-9.5955,9.707712
w12er,w12,-267.18826,204.0728,-59.484436,-10.696948,-17.413668,-8.23972,-31.14148,-53.04343,5.2877603,0.30537733,-20.681326,-4.9539347,-11.741132
w13er,w13,-233.40475,164.75224,-61.471947,-4.555976,-13.449496,2.2509868,-56.062885,-36.57657,-4.7718263,14.109499,-23.109346,-12.927534,9.808191
w14er,w14,-221.99434,196.76967,-59.027657,-19.104364,-24.507347,3.2678914,-59.08066,-37.577126,-5.352929,-2.7499514,-4.7380376,-17.06658,3.5274284
w15er,w15,-285.83932,192.54865,-68.17254,9.3957205,5.6890526,-14.100753,-32.446163,-53.66302,-7.525005,5.276607,-24.081087,-17.171339,7.621633
w16er,w16,-250.60356,182.58134,-64.70437,-13.810389,-19.754278,3.0634408,-54.679596,-40.425774,-0.81911165,3.4341614,-7.5308723,-12.43976,13.580648
w17er,w17,-269.01852,206.70885,-54.0489,-28.59112,-14.481967,6.5258684,-31.453585,-52.359604,-14.579235,5.820508,-3.5723784,-23.396479,0.173915
w19er,w19,-263.00772,183.065,-55.373142,-17.673126,-28.694643,-3.7907982,-39.277676,-39.9324,-8.930957,0.5729135,-19.907228,0.91469723,-0.23736082
w20er,w20,-322.09305,207.53375,-20.292208,-21.914536,-7.6391053,27.22365,-54.458584,-60.44969,-15.117283,3.0769525,-9.194808,-1.4788895,4.333499
w21er,w21,-281.0246,178.53343,-18.542294,-21.681389,-27.82397,19.786264,-37.610092,-46.990498,-26.340412,0.06591452,-19.444462,1.1267378,-16.167034
w22er,w22,-281.39435,181.90324,-29.79953,11.180564,-28.569462,34.041527,-36.443447,-57.488686,15.097097,-5.077007,-5.270599,-6.272696,-10.858451
w23er,w23,-248.85112,185.1623,-79.10726,7.724945,-14.615493,1.1856006,-50.38931,-53.075054,10.220123,5.57325,-28.388311,-0.7764104,3.223918
w24er,w24,-276.24734,156.43587,-53.126514,0.4777845,-19.052359,-11.753964,-59.809208,-30.55674,3.8452756,-4.355897,-12.918832,-6.323862,9.368212
w25er,w25,-284.79315,194.10814,-51.48597,-9.400495,-21.002848,-1.0190369,-44.65791,-49.711365,21.635908,0.0766622,-7.841455,-5.0781503,-9.089965
w26er,w26,-267.3617,183.69286,-60.505604,7.3483777,-12.29983,-9.412273,-36.635372,-44.40407,-20.776031,-0.4310207,-27.919914,6.7381287,4.8738647
w27er,w27,-303.60352,160.96118,-57.947475,1.1229233,-7.326232,-17.226715,-44.285313,-51.528217,15.438837,-0.60210377,-31.612984,5.077625,0.071365
w28er,w28,-236.07889,159.88136,-80.37668,25.352512,-6.037421,-22.014816,-49.956093,-46.13037,18.763498,-5.005995,-14.609293,9.544376,2.8668664
w29er,w29,-325.50934,185.31897,-34.60783,-33.07146,-23.755875,17.475826,-46.104725,-27.9664,-6.6397157,7.2520576,-17.816948,-6.30034,3.0999932
w30er,w30,-272.64835,198.73854,-54.75321,-8.596868,-5.797934,25.020824,-53.733143,-17.914574,-1.1303502,8.893348,1.297905,-11.237182,15.705769
w31er,w31,-261.4921,190.19218,-40.900078,-3.379714,-13.768924,2.9409094,-53.794964,-59.265305,9.220903,-8.623288,-8.074467,-0.69513035,-0.31686148
w32er,w32,-264.62323,199.58406,-28.562616,-28.288916,-34.888985,13.050049,-55.211647,-29.62947,-16.554943,-0.32188934,11.907533,-24.185291,5.6613493
w33er,w33,-232.53294,158.05998,-59.236713,-10.419275,-29.493141,11.692708,-82.51106,-19.363546,16.249914,-15.027478,-8.616326,-15.245384,-0.5533579
w34er,w34,-273.64343,192.18341,-35.340977,-37.365837,-9.728102,6.4935136,-58.71895,-40.216682,-17.150747,7.248716,-5.7867737,-30.471863,3.5947604
w35er,w35,-291.46906,198.17892,-39.73224,-27.386297,-20.12041,23.658434,-41.66308,-60.538258,2.2981517,8.434393,-13.26286,-4.234858,-26.370825
w36er,w36,-271.48306,194.93195,-62.588936,10.047443,-23.738821,12.979517,-39.859707,-64.13796,5.520835,1.7250559,-29.115349,-4.8339334,-7.186004
w37er,w37,-244.93515,176.34418,-45.595608,29.604052,-8.55254,-2.3438487,-52.976223,-49.095425,12.981796,-10.472689,-32.920868,0.9100818,-4.7255783
w38er,w38,-279.7525,187.68936,-48.590805,-7.197923,-23.592724,-0.6921579,-53.731236,-38.023914,11.933823,-0.7007722,-1.0320452,-6.0125065,-1.3433464
w39er,w39,-284.68854,207.51459,-21.205256,-27.17158,-35.614193,27.849724,-29.46672,-55.32068,-28.873064,-12.174628,-4.5543847,-11.440292,-6.9403024
w40er,w40,-264.6632,207.9168,-44.66946,-16.948565,-26.704638,2.9916017,-36.166473,-53.580063,-12.470811,9.253491,-10.088281,-15.483609,-6.6557865
w41er,w41,-269.39197,205.14523,-46.10977,-13.471911,-10.732587,-1.0691631,-52.491558,-53.4889,3.3369913,-3.1396217,-11.7773905,-12.086094,-12.194082
w42er,w42,-325.50824,182.74945,-35.57872,-8.668323,9.361608,-6.6836824,-32.959713,-56.05203,-30.284569,-0.7830417,-9.763659,-11.636432,-9.732075
w44er,w44,-295.79733,171.2421,-6.794518,-38.725018,-23.655321,25.988197,-69.009125,-29.130013,-23.46978,-0.97214395,-2.4050956,-25.969032,16.784561
w45er,w45,-263.3904,204.75577,-47.961075,-0.56950945,-10.265687,-7.2718353,-49.780113,-57.206436,1.567472,0.45611712,-17.188738,-10.757521,-10.275126
w46er,w46,-276.59528,205.73058,-30.64635,-13.903371,-9.862159,17.354195,-58.780575,-56.367153,-1.1444207,-3.6829054,-26.152805,-11.991266,-1.4016819
w47er,w47,-286.3094,201.8918,-42.60639,-20.955067,-17.004168,6.91698,-47.373146,-59.64999,5.9880724,-5.5543666,-16.74582,-14.649099,-10.036451
w48er,w48,-310.34705,207.68446,-76.06533,-3.1406875,-31.015257,9.948736,-23.200788,-54.92079,-6.5561767,5.345079,9.881286,-7.9279675,-5.306031
w49er,w49,-293.03513,205.90518,-26.524204,-8.999574,16.805012,-4.3538103,-45.66136,-56.460693,-13.448282,-6.0708494,-20.398102,-8.978509,-1.5176125
w50er,w50,-289.5557,190.00049,-55.264393,1.5972131,-15.015996,4.817378,-45.97202,-42.05399,12.656998,1.2159424,-19.523804,-7.629562,-6.5447288
b01er,b01,-252.34888,180.2371,-57.15789,-6.385872,-13.3745365,-18.017288,-54.600983,-32.585957,0.14595914,5.0078983,-9.304387,-14.190002,6.068454
b02er,b02,-347.78183,172.48845,-24.844208,5.7397,1.9160249,-11.137926,-57.91225,-56.26962,3.6500993,0.08530613,-18.702936,-9.60953,5.4108095
b03er,b03,-279.36932,199.89822,-64.541725,-23.646345,6.5061235,-9.822492,-79.37492,-22.240421,19.582422,-9.215906,-20.122593,7.6514587,1.3417397
b04er,b04,-283.4932,184.88327,-77.51069,20.367,7.3262286,-45.08311,-77.00084,-5.8773403,-5.4993596,-13.722169,-7.908916,-16.190367,26.307682
b05er,b05,-288.6124,200.14465,-52.098633,-2.7597075,-4.113124,-23.621452,-56.33737,-34.29029,-10.883092,1.7053347,-7.1284924,-3.0468378,-6.2251215
b07er,b07,-271.66788,146.98734,-81.30386,4.5891657,-37.99255,-10.072081,-72.21707,-35.324203,13.619094,-19.081026,7.945887,0.45028803,3.026124
b08er,b08,-310.094,210.7001,-38.979565,5.3675504,3.1890745,-16.377005,-51.497864,-48.626385,-9.813619,-5.1941648,-9.658473,-19.902462,-8.376617
b09er,b09,-276.40213,160.52959,-43.515945,-5.622797,-5.177578,11.5201,-83.19573,-17.210289,-10.834785,4.3156276,-12.031638,-20.709185,24.617907
b10er,b10,-295.81033,184.46782,-31.5419,4.1045833,-2.128184,2.0592287,-86.51228,-20.833956,12.897819,-17.479668,-5.3544545,-1.7506579,9.870868
b11er,b11,-289.91156,182.1293,-81.091415,17.224897,-15.221746,-11.974759,-57.40266,-53.285133,1.6794094,-8.537879,-6.616289,-13.91246,-2.6290815
b12er,b12,-287.93228,154.74095,-47.735176,-7.5732465,-18.39561,-8.04954,-81.11183,-15.668645,13.289031,-32.43364,-3.771634,-3.1357398,-2.401737
b13er,b13,-265.7183,183.30386,-39.217865,11.561651,-1.9220914,-15.296321,-69.308105,-39.130386,16.525988,-14.21589,-7.829084,-3.50897,9.720611
b14er,b14,-270.50082,182.02121,-57.77348,-19.716572,-47.82953,22.786251,-35.993217,-72.488686,12.92512,-6.9029093,-3.2706444,2.1342125,-16.619602
b15er,b15,-314.20743,154.48045,-27.86502,-0.4649401,-15.811992,-2.378407,-58.600002,-49.014927,9.609545,-13.205059,-4.834127,-11.479,-2.5702474
b16er,b16,-275.30887,190.53413,-36.312435,-2.1919582,0.0015513102,-13.819432,-65.249825,-39.29846,-5.121666,-13.431752,4.551911,-14.547581,5.512171
b17er,b17,-340.93738,197.14291,-53.957664,-1.3204786,0.30711493,-27.675667,-59.82063,-19.02652,-3.0951097,-8.52357,-9.210846,-22.214104,7.8925133
b18er,b18,-265.10974,153.84477,-86.80374,29.197456,-22.239737,-18.265354,-57.79032,-46.689102,13.857223,-11.692445,-16.103653,-3.6149368,7.2594833
b19er,b19,-298.92953,180.28732,-57.344643,18.941256,15.971281,-46.43159,-70.478,-16.625706,4.44144,-12.061696,-12.825037,-13.605748,10.568795
b21er,b21,-313.42303,202.94212,-45.443954,-19.740438,17.551786,-20.170824,-54.747456,-32.097836,-16.4352,-17.429262,-7.1527004,-15.438971,-10.598853
b22er,b22,-267.76273,161.25421,-74.52914,3.4100533,-19.659594,-3.7279365,-48.786026,-37.601646,12.198023,-7.354188,-4.253839,-10.706631,-9.878004
b23er,b23,-283.9909,184.0854,-75.102905,6.2251544,-11.117578,-44.15206,-43.663906,-19.239233,-2.2164276,-10.848867,-15.520923,-0.7037453,6.8081317
b24er,b24,-326.93848,215.15341,-59.77791,-35.456944,-23.799332,2.3948877,-36.4982,-35.153957,-12.778547,-5.524256,-4.6503553,-20.863157,-3.9928827
b25er,b25,-314.69058,202.14992,-22.213528,-27.367401,1.4895123,17.883059,-65.112206,-37.121185,-15.3546505,3.1001122,-7.296266,-25.16557,19.648869
b26er,b26,-355.65433,208.86739,-32.594845,0.14544944,-18.698406,0.49901876,-39.524002,-52.40998,-1.7532032,8.675181,-14.766589,-22.818535,5.418577
b27er,b27,-280.67493,215.12843,-60.03227,-7.855193,4.022183,-11.115925,-53.845806,-37.17894,2.9876015,2.997261,-20.25251,-4.401857,8.689457
b28er,b28,-283.81732,200.08832,-34.379627,-15.797235,-5.8712654,8.637847,-56.759903,-45.130882,-15.224065,-5.145531,-5.154787,-27.631039,8.638917
b29er,b29,-246.95647,154.52876,-65.621284,14.184053,-41.673897,16.27927,-78.66647,-32.42487,20.592825,-16.627403,-13.483164,-18.513496,8.297466
g01er,g01,-295.37845,192.96046,-49.667244,6.0268555,-12.424297,18.969456,-66.855545,-49.440544,20.605831,-12.203049,-17.788197,-12.1058,-9.702999
g02er,g02,-274.98904,190.4765,-52.221626,-8.565076,2.8745036,-24.402971,-66.893715,-34.485825,16.489838,0.57953197,-21.195139,-7.3242426,6.681362
g04er,g04,-302.183,139.76721,-53.12418,23.576067,-21.111671,-26.467293,-69.679146,-18.707083,12.45832,-28.235184,-11.524816,-6.375183,9.107932
g05er,g05,-249.54903,182.28358,-53.70812,29.907396,-19.424217,-14.682922,-47.756683,-16.587877,5.6947503,-12.498168,-0.2807392,-6.544906,2.0655856
g06er,g06,-251.82654,189.12134,-63.86303,-11.340137,-5.089025,-3.2914777,-64.17153,-42.625053,8.729586,-19.80084,-4.155377,3.8151162,-6.812604
g07er,g07,-298.78714,187.757,-56.836033,2.3812366,-0.44307914,-31.951155,-49.58808,-36.93174,4.129223,0.14278077,-15.705562,-6.5869007,2.7065265
g08er,g08,-299.05585,171.5807,-40.95847,-29.913225,-39.313175,10.265483,-49.167515,-56.97511,8.0384865,1.5300717,-11.243194,-4.9063563,4.0251613
g09er,g09,-287.56216,149.57169,-54.914333,3.7982905,-40.45127,16.062466,-84.4305,-32.25707,23.023546,-21.894526,5.9876533,-7.50139,-2.8629086
g10er,g10,-314.80106,202.5582,-41.529346,-25.809084,-17.003016,-11.344828,-71.05942,-26.127325,24.05232,-11.126545,-4.818768,-8.1808405,-2.4955194
g11er,g11,-276.1518,191.28696,-52.821087,4.600326,-28.292044,-1.5099415,-51.202698,-21.998566,0.44018203,-15.398227,15.705417,-13.2619295,-1.9063978
g12er,g12,-289.58853,167.00948,-74.52356,5.5103254,-16.458323,-34.76454,-58.181477,-23.398905,-3.376051,-5.3750415,-7.014965,-10.904865,3.09502
g13er,g13,-299.90466,183.57706,-54.886814,-25.562721,-19.63874,-10.86998,-50.164307,-26.500105,-5.036817,-11.38587,-1.9755554,-10.249783,-6.132578
g14er,g14,-260.95157,180.91585,-42.370052,6.6519213,-33.851067,10.164305,-49.40897,-51.790848,18.926016,-9.062493,-6.625609,-7.7649198,-2.3888712
g15er,g15,-279.95538,164.45807,-92.371025,12.544364,-14.8353615,3.8681242,-60.19623,-18.59286,3.4564652,-2.109688,-7.242084,-14.799603,1.9120587
g17er,g17,-283.29083,184.90953,-61.054688,18.288265,-20.768644,-17.218683,-52.382072,-25.1609,17.867367,-9.024257,3.320791,-6.9309525,-2.4474323
g18er,g18,-289.4015,178.20303,-39.43345,31.834497,-21.174662,-45.29496,-64.0016,-9.410891,5.6630836,-18.791931,-8.680284,-4.2302046,-4.32671
g19er,g19,-274.4643,191.71288,-62.333694,-3.9166386,-4.587494,-30.891531,-53.525024,-8.456005,10.426557,-14.392644,-13.858891,-5.3438873,-0.8840468
g20er,g20,-309.9272,221.3953,-32.114857,-30.867222,0.09189053,-2.057592,-50.673428,-16.445227,-0.026934719,-0.2140685,-6.7227745,-12.867571,13.198924
g21er,g21,-290.25937,190.14787,-30.345304,12.802124,-21.80181,5.2439494,-61.88491,-35.925,10.477275,-15.151978,2.1086159,-6.8682857,-4.7904167
m01ih,m01,-239.48224,123.22435,-49.932114,92.78189,1.7868941,-25.27695,-55.44049,6.6596,-31.32925,-31.524174,-3.9884877,-32.248196,0.21821101
m02ih,m02,-265.23752,150.20314,-39.40674,86.13995,7.2086434,-7.1409726,-42.545086,8.114978,-18.403774,-10.054236,-18.524487,-22.04518,1.3789194
m03ih,m03,-235.9653,158.79506,-43.831486,68.59359,7.79873,-11.732609,-56.486996,-6.039899,-3.4145544,-35.40217,-5.0055385,-19.926826,-2.2550192
m04ih,m04,-254.79823,163.48839,-33.11459,84.54112,-24.668432,-16.838543,-35.42554,-16.912125,-1.0343353,-15.716682,-18.235794,-2.9146464,8.066036
m06ih,m06,-229.93105,129.2578,-55.855133,82.95458,-4.982531,-26.435242,-36.02177,-16.171677,-18.65297,-15.734311,-21.979614,-6.014515,3.9230855
m07ih,m07,-321.31012,156.08736,-4.4114995,87.831116,4.2800508,-7.5159354,-33.88622,-9.2739725,-4.4098334,-21.35018,-3.453823,-10.592338,-8.992639
m08ih,m08,-253.1232,147.28445,-53.902573,79.6783,12.298471,-20.190708,-40.287254,-14.546703,-22.83284,-23.314991,-22.919804,-21.780165,5.160656
m09ih,m09,-226.38295,141.60007,-33.073044,55.673004,2.2320867,-4.5731325,-47.89296,-9.271203,-22.533356,-23.450207,-11.628027,-33.265995,-4.717014
m10ih,m10,-226.88974,152.4636,-56.774746,79.31765,17.891392,-33.861244,-37.766544,-12.420851,-23.096743,-1.7712524,-19.436747,-12.573205,8.122507
m11ih,m11,-277.5103,162.95076,-41.99401,67.21043,5.149704,-17.112762,-52.74531,-12.824323,-14.928909,-29.756939,-4.3731813,-29.969513,7.781723
m13ih,m13,-324.46027,167.36444,-42.461597,91.10602,26.668823,-38.162792,-13.626167,-1.899523,-28.776295,-4.087552,-25.162651,-12.062245,4.3212805
m14ih,m14,-271.28415,157.63127,-51.63509,79.36493,-12.30365,-18.21313,-51.579243,-3.3741267,-12.543589,-34.01841,-5.2421236,-24.499975,8.848785
m16ih,m16,-259.83725,151.41278,-61.06544,85.17235,33.43164,-32.917885,-32.640434,9.15996,-37.27626,1.3783525,-22.844913,-28.249842,14.058939
m17ih,m17,-291.3063,139.1321,-14.787005,84.06165,15.157882,-8.656556,-57.375652,-1.1513312,-10.991519,-27.420507,-16.627604,-22.220747,0.37905034
m18ih,m18,-231.20042,153.62547,-53.653156,70.50309,-5.484529,-32.57541,-56.658207,-4.528539,-41.989895,-11.5611725,-8.893421,-24.967703,37.56786
m19ih,m19,-273.71573,138.35559,-41.428074,67.67471,4.616574,-11.535912,-55.298664,-0.044019155,-21.589743,-30.474958,-6.3367333,-19.618801,12.5405445
m20ih,m20,-275.41522,172.58185,-21.702065,44.86036,6.084617,-18.640936,-54.26191,-15.4438,-28.055984,-13.914125,-4.270467,-27.148945,14.978628
m21ih,m21,-279.33722,140.4714,-33.196747,76.28307,10.175693,-10.739698,-54.319542,-8.99575,-18.375778,-22.77426,-13.2667265,-27.57695,20.646832
m22ih,m22,-277.69827,164.52733,-44.429256,80.33213,4.3809695,-37.76812,-35.76778,-9.363317,-15.428589,-23.015778,-11.380979,-11.60405,0.25901523
m23ih,m23,-226.07387,152.8541,-56.190647,81.68512,-10.113223,-28.701511,-36.28797,-29.857534,-16.1225,-15.700923,-23.446688,-7.454349,3.1551983
m24ih,m24,-290.68613,186.85562,-33.36395,41.38632,-15.422284,-17.676174,-56.552418,-3.9292696,-16.153929,-17.589823,-1.0233542,-15.5926485,12.85579
m25ih,m25,-264.0805,140.22061,-26.260885,70.09402,6.692771,-2.480295,-43.630695,-6.5171065,-11.291946,-13.648514,-17.875605,-12.578375,9.149826
m26ih,m26,-283.5749,167.55933,-45.868626,58.95872,17.640078,-38.890358,-52.46468,4.557684,-29.36278,-6.151792,-11.000648,-22.38731,3.8933392
m27ih,m27,-215.05525,152.6865,-61.749355,78.444176,-6.53205,-25.117786,-43.24593,-12.2472515,-14.400949,-16.951412,-10.895854,-18.662867,8.168073
m28ih,m28,-318.63754,170.42043,-29.528107,73.52799,-4.7574134,-34.233665,-46.737278,-4.78404,-10.685517,-19.860117,-11.90064,-5.0955997,1.1218882
m29ih,m29,-228.99045,163.63681,-31.298681,56.3156,16.663204,-25.074476,-37.898357,-5.681876,-20.159225,-20.55827,-17.621485,-10.46906,0.49201432
m30ih,m30,-280.08716,148.38428,-35.34536,112.02129,11.731477,-18.15769,-25.70769,1.6733831,-29.05184,-8.622703,-18.863039,-11.992736,7.6511974
m31ih,m31,-229.6281,138.48378,-17.491348,76.358986,-5.2046585,-5.4145546,-49.60253,-3.1148076,-18.57853,-32.067722,-6.6413918,-19.95985,5.1479697
m32ih,m32,-275.46646,144.8457,-10.140962,48.06552,12.083211,-11.317887,-63.45833,2.5167964,-12.450429,-32.11774,-2.897216,-18.943068,3.6949015
m33ih,m33,-302.02075,160.72032,-35.58126,68.09916,8.654315,-30.272852,-48.857433,-3.3310359,-25.21543,-14.750015,-21.213198,-15.983541,18.817205
m34ih,m34,-234.91185,144.64566,-35.534054,70.50167,9.120043,-16.247534,-42.621735,-6.7560844,-8.335374,-22.273575,-8.5803795,-23.223167,-4.1645203
m35ih,m35,-267.6785,147.94762,-38.967068,73.9447,9.689752,-11.448459,-55.696568,3.448299,-31.310377,-20.907612,-7.149703,-27.578573,11.4204645
m36ih,m36,-250.1847,159.91704,-42.38512,72.34203,13.978116,-25.19031,-30.2445,-2.4004796,-29.873083,-9.563745,-8.796153,-29.783394,16.169558
m37ih,m37,-263.21918,169.7021,-34.767082,58.99293,25.335499,-21.995132,-55.232586,-9.045523,-24.58488,-12.035918,4.5945497,-27.90423,7.118449
m38ih,m38,-286.61084,143.66504,-35.295017,82.798386,-1.223443,-19.042656,-46.63023,-11.12817,-14.172157,-31.947546,-15.9960985,-3.9972079,-0.43512702
m39ih,m39,-287.82077,143.9276,-26.447317,80.27824,5.8691087,-29.38545,-31.528036,-17.08535,-27.519745,-26.32966,-17.57937,-14.241901,8.819877
m40ih,m40,-243.72287,130.80046,-1.3978786,63.674053,-13.817981,-3.5031974,-61.870403,-16.510515,-7.7901306,-39.484917,-10.926194,-4.045134,-3.1117592
m41ih,m41,-250.17781,145.25803,-66.84763,82.036156,-0.3907438,-25.938906,-29.850811,-32.396324,-14.125344,-14.537406,-17.239445,-12.155122,-4.8762097
m42ih,m42,-235.86093,133.77545,-37.008335,75.39988,-7.6099367,-14.782698,-46.510345,-25.76539,-17.349188,-24.134329,-10.60119,-22.726833,12.095105
m44ih,m44,-308.2226,160.00784,-49.842346,66.4826,27.934546,-37.392853,-40.535645,4.98554,-33.80657,-8.814786,-13.279704,-27.675877,16.818668
m45ih,m45,-299.11847,133.51263,-33.779274,92.55658,-14.755648,-53.55448,-24.643295,-17.723248,-26.77155,-28.300585,-8.023831,1.181824,-11.578638
m47ih,m47,-280.08755,135.83336,-50.966007,65.89862,3.9065013,-7.4842873,-60.926327,-10.506723,-38.86364,-26.471045,-4.580795,-41.79212,10.799327
m48ih,m48,-298.7259,143.53775,-0.11627821,80.32661,-6.242869,10.810127,-61.688995,-22.36728,0.0753564,-39.171307,-12.068035,-13.218522,0.70448893
m49ih,m49,-248.31189,132.48357,-47.25214,104.04962,-0.54414845,-42.589256,-30.11027,-15.770874,-48.74237,-11.537498,-21.337997,-23.86441,2.5128448
m50ih,m50,-234.76778,149.48839,-38.745396,93.96594,12.2316475,-29.26151,-55.399265,-8.798151,-19.82752,-14.178985,-0.95406675,-17.333673,24.113808
w01ih,w01,-278.3301,136.35683,-13.243524,54.747635,-26.03903,-39.153168,-42.15094,-15.443633,-14.750245,-32.390293,-5.936508,-2.761113,-3.8047476
w02ih,w02,-285.14017,134.49812,-54.51889,80.40559,-29.305685,-49.78874,-25.930922,-15.76975,-17.288488,-39.74461,-6.12529,-2.3341172,-16.592592
w03ih,w03,-248.80916,129.1715,-73.70533,97.062706,-31.883883,-49.512787,-35.116978,-16.477427,-18.644024,-18.229559,-4.248984,2.0782373,5.3063974
w04ih,w04,-224.85805,126.77636,-57.495605,88.13879,-56.81901,-35.631443,-51.712734,-12.547797,-5.757641,-34.912403,5.615084,-6.9308853,-10.666354
w05ih,w05,-299.09973,134.29901,-6.9325247,52.731644,-23.129799,-23.861856,-58.26694,8.575565,-31.135044,-30.787144,11.242996,-25.233038,-1.4049712
w06ih,w06,-260.55383,131.47073,-62.150913,65.56813,-35.555923,-33.738983,-53.977005,1.7993284,-28.23144,-5.371629,-11.594629,-9.413813,10.590054
w07ih,w07,-312.3642,162.6148,-35.727222,67.48327,-40.84991,-36.600006,-33.806526,-19.232975,-3.0779257,-37.935173,-4.793473,-1.4583609,-7.873988
w08ih,w08,-289.7917,123.98673,-26.914766,87.85897,-37.38779,-43.377132,-28.380823,-28.828978,-26.353277,-29.857138,-0.17575443,-5.1205163,-7.0845304
w09ih,w09,-277.0611,138.47134,-35.388645,48.06495,-23.326923,-46.883404,-34.313885,-24.981468,-27.892279,-28.754528,-5.7065644,4.1667366,5.7028227
w10ih,w10,-233.15883,133.17943,-60.469162,69.60187,-25.747063,-40.911366,-41.394764,-2.9730003,-31.689005,-27.91459,-7.738104,-1.7699819,11.52169
w11ih,w11,-291.4451,143.07652,-44.835133,79.77825,-32.939713,-36.706482,-40.183167,-7.3065248,-17.927214,-25.50039,-6.7246265,-9.297284,-3.2886577
w12ih,w12,-267.0088,108.16197,-20.334791,95.539856,-43.195606,-37.008427,-30.596811,-16.90267,-23.49888,-25.36563,0.11050749,-8.305062,-6.4872913
w13ih,w13,-204.16476,120.135994,-56.313515,60.136456,-28.394033,-46.08442,-39.779457,-5.313732,-21.58842,-10.582544,-6.43896,6.962238,-0.9806201
w14ih,w14,-226.20923,131.24487,-59.99104,85.977135,-41.692635,-37.427494,-31.375566,-25.438755,-4.321395,-33.889156,-5.4797683,6.2018805,-10.649887
w15ih,w15,-234.60735,119.98555,-48.052784,69.78061,-26.698786,-29.005714,-43.83954,-20.982035,-13.329603,-37.25959,-5.263348,-9.637167,3.0597837
w16ih,w16,-287.3642,122.561295,-40.47922,79.5676,-45.339966,-27.952435,-34.16804,-16.17255,-17.202456,-33.219063,8.144392,-13.952581,-7.838922
w17ih,w17,-230.65971,125.41699,-37.575413,57.11031,-37.85154,-28.85142,-43.60361,-6.6827097,-9.44842,-33.47424,-3.152129,-0.6134296,-8.638173
w19ih,w19,-324.4861,124.528915,4.646783,64.92221,-30.386038,-29.531372,-38.479404,-27.313189,-14.777386,-33.793716,8.366289,0.666279,-0.54279137
w20ih,w20,-273.81393,151.71765,-23.693476,59.38109,-31.278038,-42.84437,-44.506065,-18.815912,-16.076149,-22.316372,-16.779629,-0.047509313,-1.2263343
w21ih,w21,-246.21748,110.56232,-35.698612,74.139595,-18.501024,-30.828484,-56.04993,-14.4296255,-32.140026,-22.738108,-12.685531,-8.246272,4.3560553
w22ih,w22,-261.1861,145.61388,-33.360603,105.98995,-34.813107,-24.64622,-43.84317,-13.4642515,-0.6939473,-36.026226,9.080972,-16.860212,-12.120044
w23ih,w23,-224.96112,123.357765,-73.335724,80.57785,-38.473145,-26.19334,-45.72908,-17.761143,0.16289431,-22.874596,-6.0015473,7.4722033,-1.0929949
w24ih,w24,-273.88187,118.17374,-32.48531,53.059624,-42.57226,-41.624214,-28.829176,-20.900225,-12.542028,-13.356022,-1.4904906,2.637957,-1.6667353
w25ih,w25,-270.794,160.85286,-19.45736,66.66954,-61.096245,-33.73021,-37.95371,-18.627916,-9.562478,-28.54309,9.0474615,-9.30602,-3.5151405
w26ih,w26,-258.45276,118.30176,-69.125786,103.923355,-21.015549,-52.95329,-29.85461,-25.68801,-27.661716,-22.822306,-29.233332,11.40149,-11.144311
w27ih,w27,-287.3118,137.3597,-29.330965,55.534344,-17.80197,-52.93281,-30.84715,-17.345827,-7.300613,-27.243998,-4.4974775,3.0323265,-17.345201
w28ih,w28,-292.04654,124.881874,-25.649414,66.75586,-38.26597,-36.232166,-59.85316,-16.733213,-5.4269137,-30.866175,7.552121,0.49372515,1.4299532
w29ih,w29,-306.1215,119.092316,-23.390633,70.59842,-21.969,-37.825836,-31.08902,-6.9364605,-23.880161,-21.087051,3.4404979,-5.5688534,-1.7143928
w30ih,w30,-267.29794,106.458626,-21.750196,59.60362,-36.41884,-32.123714,-52.384,5.3020387,-38.97225,-19.42042,0.5807685,-23.749922,2.8855834
w31ih,w31,-315.6051,135.85442,-17.119282,85.19011,-11.473486,-25.991432,-38.022747,-27.8516,-16.845942,-24.75682,-12.566566,-10.717283,-6.1745095
w32ih,w32,-236.7344,156.93915,-25.562275,36.704353,-36.83827,3.6512287,-70.55678,5.0993266,-14.131523,-35.35484,13.292981,-23.845833,6.44843
w33ih,w33,-221.55199,124.89496,-48.957546,52.412766,-65.51987,-33.316284,-36.448883,-17.170206,-4.963929,-22.43006,-6.4556065,1.1057298,-7.264847
w34ih,w34,-252.67363,120.81408,-27.385698,73.53049,-19.972395,-37.9885,-35.6881,-12.328545,-30.818863,-23.74174,-3.6057346,-12.692002,-4.1116652
w35ih,w35,-268.83493,128.13727,-27.356707,86.007935,-12.791173,-41.886723,-33.359093,-13.302409,-26.381264,-26.207537,-9.121648,-2.8326013,-12.032196
w36ih,w36,-237.08093,117.262634,-61.786407,93.92893,-56.6386,-25.60774,-30.33111,-25.641548,2.1991465,-39.08203,-16.123121,0.9758586,-5.0341387
w37ih,w37,-299.09015,129.64687,-12.371398,89.086555,-33.703976,-32.515697,-43.12549,-5.1568913,-21.168606,-28.491798,-6.948997,-14.282644,-13.887237
w38ih,w38,-250.85779,123.87504,-35.72222,67.82344,-48.332794,-36.56452,-32.769173,-20.713737,-26.03753,-35.858982,6.5964174,-12.83082,-4.1475177
w39ih,w39,-311.42157,121.21057,-11.702714,82.16707,-28.018833,-26.100473,-31.4345,-1.3579172,-24.940243,-30.702623,4.270003,-23.672644,-3.2791657
w40ih,w40,-263.5658,154.77734,-31.567043,72.677155,-22.134842,-47.88658,-42.02296,-16.750898,-7.6780376,-18.755249,-20.258884,1.0536773,-14.739522
w41ih,w41,-251.71545,111.400024,-19.950947,95.33593,-46.32296,-32.477043,-26.5733,-23.319025,-30.43947,-24.91373,-6.8305535,-19.331638,-4.7203293
w42ih,w42,-283.9825,124.728294,-21.313602,67.35657,-9.450217,-37.003056,-33.499775,-30.337425,-20.758066,-20.92303,-20.762869,-3.0309792,2.6064003
w44ih,w44,-291.46796,131.59842,-24.182829,68.79882,-11.423448,-42.220287,-53.117447,-3.4951928,-24.744942,-22.786797,-13.103853,-19.132832,7.4924927
w45ih,w45,-276.6997,155.79121,-28.913822,57.17033,-19.589855,-43.351723,-37.958763,-30.324717,-5.6056952,-33.262684,-16.957312,5.9907594,-17.109598
w46ih,w46,-254.76337,154.25273,-9.673283,64.64455,-22.968311,-34.331882,-41.06692,-10.145751,-32.260017,-35.512436,-2.2246964,-9.972689,-4.255228
w47ih,w47,-270.5083,147.6846,-27.97124,56.776375,-19.13186,-35.68094,-48.090385,-21.548399,-5.1130624,-39.229794,-10.840287,1.8106049,-13.544448
w48ih,w48,-259.22946,111.564384,-47.584946,90.49587,-28.017708,-29.612223,-49.653717,-13.607114,-19.428385,-17.454222,-2.4307206,0.42342523,-2.6720514
w49ih,w49,-248.35849,122.635086,-23.119541,86.33397,-32.993168,-26.716446,-31.936367,-16.095737,-18.32462,-35.617683,8.858236,-6.9282794,-7.384041
w50ih,w50,-261.35046,119.01921,-35.9937,76.93164,-35.53836,-37.26841,-40.95482,-0.7407391,-25.772026,-24.146324,-5.6713705,-14.318141,0.19187358
b01ih,b01,-257.91306,103.98177,-33.98167,65.05812,-39.510662,-41.109978,-42.76421,-10.91122,-13.580147,-16.238285,5.1340137,7.068679,3.1318872
b02ih,b02,-331.52594,121.13558,-17.3932,81.10051,-51.04933,-56.882767,-32.398514,-26.261036,-18.595978,-18.007828,2.1173909,10.218708,-5.934335
b03ih,b03,-240.14812,126.49403,-53.73516,84.6547,-58.07505,-43.909657,-32.598637,-24.70765,-31.122223,-8.024302,-0.2585066,-0.4385768,-10.8276
b04ih,b04,-249.02043,128.637,-42.76065,83.73775,-50.818283,-43.015934,-37.96119,-15.405058,-4.4283032,-28.245897,1.3700204,-0.07627569,8.9006815
b05ih,b05,-282.36935,127.68849,-19.257023,84.335464,-29.448595,-31.882015,-43.84367,-20.664492,-17.65871,-23.523638,-2.1562803,-2.2683635,-6.7778525
b07ih,b07,-269.41656,101.98906,-77.21476,52.63368,-55.26335,-46.27161,-40.218716,-30.327263,4.717203,-20.829357,0.3237581,18.975943,4.4974337
b08ih,b08,-276.16428,104.63004,2.9195251,97.73583,-56.752808,-32.332275,-28.38534,-9.766118,-37.563496,-30.649567,-3.1678164,-15.721128,-10.801157
b09ih,b09,-216.2407,101.50417,-50.851883,88.35293,-67.97813,-9.722872,-56.3379,-5.616178,-11.735086,-19.004723,6.4942813,-8.8808155,8.92934
b10ih,b10,-226.7967,139.46027,-40.237976,92.86351,-49.65308,-45.08966,-25.036541,-26.07338,-31.487236,-19.764965,-5.596879,7.349869,-20.854834
b11ih,b11,-210.91519,116.805466,-61.534573,109.54907,-54.311447,-26.972588,-47.113037,-33.41611,-10.738714,-39.40644,4.627703,1.8755862,0.9473432
b12ih,b12,-270.97202,94.99826,-43.419846,66.69217,-63.094204,-50.611816,-43.78282,-7.4398885,-12.318835,-36.08874,11.70231,-4.9112716,-6.326102
b13ih,b13,-287.05603,129.506,-36.692497,100.59925,-35.104713,-45.88487,-48.809452,-16.629847,-2.16283,-33.887814,6.956324,-3.8288934,-9.589949
b14ih,b14,-294.24197,132.62549,-3.869777,78.75614,-34.190865,-40.27848,-36.271477,-22.473637,-22.665516,-34.411644,-1.7797378,-4.956303,-8.746135
b15ih,b15,-306.26175,114.203125,-9.303043,78.2836,-49.11294,-55.25557,-41.196472,-19.902153,-5.181201,-26.269352,12.836254,9.061303,-0.5683419
b16ih,b16,-236.52466,125.59148,-32.78471,101.32405,-46.75654,-48.58064,-48.56065,-16.673443,-12.177565,-31.682123,11.6984215,-2.160218,-2.7386618
b17ih,b17,-347.81674,142.7791,-13.701265,67.98961,-26.79691,-40.976944,-27.854275,-35.69155,-15.986386,-32.468285,-10.867251,-0.19113211,1.2211117
b18ih,b18,-284.66583,137.79625,-36.3516,53.09017,-22.184832,-45.283978,-31.004929,-23.295422,-10.699058,-22.219007,2.1227262,7.2797174,11.11328
b19ih,b19,-285.172,123.6792,-19.637728,89.71473,-41.94708,-38.663826,-42.07838,-18.791105,-20.78269,-20.758778,8.998473,-10.04805,-3.875638
b21ih,b21,-308.88702,107.792786,-21.37843,68.653656,-32.90816,-59.630722,-36.7111,-6.2425375,-17.710093,-33.146786,-5.145893,-2.7352266,-8.762051
b22ih,b22,-308.27188,124.82841,-2.6496992,76.68565,-45.246952,-18.789686,-53.704098,-25.683807,-19.38463,-34.10756,4.3262315,0.435853,0.4455068
b23ih,b23,-326.40805,115.14767,-1.2488352,70.501205,-59.100254,-34.49618,-18.694523,-22.76325,-19.302382,-26.130377,11.402582,0.094901666,4.3787794
b24ih,b24,-299.47028,122.89154,0.8932762,95.29817,-24.705334,-22.561697,-27.325397,-33.27079,-36.24505,-33.595856,5.4217405,-10.722886,1.7912012
b25ih,b25,-296.31485,140.64648,-25.135633,83.85599,-48.95722,-36.083427,-38.231678,-25.836836,-19.592375,-35.209236,-2.4868782,-5.4514794,-4.588504
b26ih,b26,-308.47418,129.077,-16.018208,72.17664,-48.827507,-15.322858,-49.77631,-18.606401,-18.513958,-20.042852,3.3955467,-19.010792,9.134768
b27ih,b27,-281.9753,124.8942,-47.800358,99.518585,-59.330826,-17.040316,-57.996807,-25.001898,-8.165886,-31.922998,12.785619,-14.302148,-0.17023073
b28ih,b28,-297.0057,124.64719,-14.668945,90.111755,-39.3417,-32.402637,-38.311947,-21.407509,-23.003792,-28.554567,-5.690742,-4.956576,-4.9106045
b29ih,b29,-253.16086,93.243546,-36.715725,99.9379,-72.45616,-14.412191,-48.27514,-3.4749627,-1.7576783,-41.540432,21.588856,-6.893696,2.70037
g01ih,g01,-254.94489,121.552795,-17.370428,76.33523,-34.62835,-41.305973,-37.599148,-19.260788,-25.773155,-20.798477,-11.697687,1.2411911,-11.018919
g02ih,g02,-261.5196,107.86242,-23.7558,58.518856,-63.10616,-23.11049,-38.74187,-23.181286,-15.6713,-31.5858,4.8400807,-13.386473,-1.3232056
g04ih,g04,-255.375,105.377464,-37.04797,75.004456,-57.29924,-39.015194,-42.732193,-16.04201,-5.2828736,-29.39002,-0.90401477,-5.7435923,2.5042918
g05ih,g05,-320.36566,121.34592,-21.700249,78.06843,-46.859863,-31.70581,-25.765917,-18.323572,-32.198895,-27.290327,-4.386229,-20.87697,1.3848526
g06ih,g06,-258.16135,126.5157,-15.935789,75.705154,-44.586388,-26.600973,-31.661682,-21.189121,-25.01402,-30.607325,3.1961353,-11.104879,-1.1238196
g07ih,g07,-314.45285,117.400276,-20.487709,62.60706,-35.633347,-49.612354,-39.41224,-26.569286,-18.55861,-27.946535,-3.7345037,-6.6169114,3.8007576
g08ih,g08,-307.2616,115.355705,-7.3207684,69.43053,-56.233845,-47.724648,-35.052433,-20.862362,-17.988792,-14.092858,4.230047,1.2349758,1.9968762
g09ih,g09,-298.16833,93.63609,-9.939714,92.4558,-56.713596,-18.64777,-27.89792,-22.464302,-25.436638,-27.229815,21.374329,-5.7275124,15.821323
g10ih,g10,-295.47546,115.632,-12.673334,87.868355,-69.67898,-35.97841,-31.005844,-23.450935,-16.982769,-26.851242,7.308648,-14.422166,-3.049635
g11ih,g11,-257.41394,148.04398,-36.12371,81.16282,-42.95305,-37.326904,-37.633114,-16.467327,-14.155449,-24.719704,3.6987975,-10.110465,3.1253405
g12ih,g12,-259.33316,110.946465,-22.664478,68.787506,-68.846725,-25.88135,-36.75669,-20.823463,-21.036352,-22.644157,21.501167,-11.497189,7.4781904
g13ih,g13,-281.4386,113.78389,-26.883663,74.70472,-54.260124,-46.885883,-36.908787,-26.06875,-20.579721,-24.556683,6.290591,-5.954173,6.098008
g14ih,g14,-304.99158,125.29363,0.387921,99.36147,-28.14833,-31.653002,-21.280636,-17.687239,-31.238731,-39.456158,-15.224062,-10.819188,-8.939235
g15ih,g15,-230.6379,90.21011,-39.976326,98.79285,-61.74274,-26.558342,-31.202837,-27.14064,-29.990732,-21.236929,6.749798,-10.748948,0.29247108
g17ih,g17,-247.5385,111.06969,-27.595623,71.82458,-49.60955,-23.086016,-42.117054,-25.560772,-5.6470346,-27.55426,1.9836756,-5.607322,6.822
g18ih,g18,-307.00842,145.70226,-8.551461,86.57895,-50.945587,-37.776104,-29.974104,-24.301687,-30.706648,-24.625801,1.6477107,0.32246023,-5.5073075
g19ih,g19,-231.54976,135.17502,-30.958504,64.320595,-58.6118,-28.853792,-33.942173,-18.0344,-20.89855,-17.134047,0.019928137,-13.040512,1.7235079
g20ih,g20,-279.1571,135.31041,-2.7828524,55.863525,-62.05545,-21.618176,-30.230032,-26.069582,-22.732832,-31.008291,-2.1440475,-8.800285,4.368817
g21ih,g21,-294.79288,119.70542,10.698289,91.90442,-57.032673,-19.221193,-26.30205,-39.546276,-30.813776,-30.60048,4.589115,-19.946106,-4.9467998
m01iy,m01,-240.52,94.99228,-39.005836,130.20845,-4.1499763,-14.241875,-27.553446,30.214888,-36.510292,-35.87707,-0.29315558,-44.00154,-4.7629433
m02iy,m02,-240.11621,121.87877,-38.587852,149.32233,-0.12739575,6.7134886,-14.276688,16.380215,-24.848572,-16.129097,-15.306647,-18.321064,-12.098183
m03iy,m03,-254.94191,143.56305,-54.01061,126.142204,16.134752,-16.593092,-27.43985,16.214573,-13.64039,-27.30173,-7.5621243,-11.359376,-14.074607
m04iy,m04,-247.8057,129.85156,-12.950594,114.19858,-35.044125,5.836322,-10.767049,1.6583859,-21.322525,-5.723998,-22.685272,-19.175917,6.455312
m06iy,m06,-272.02905,119.44234,-75.733665,151.28311,-17.887112,-23.318443,-15.524089,2.4332986,-35.603107,-14.190776,-26.06672,-14.241095,4.6991634
m07iy,m07,-203.91846,143.33305,-30.26764,130.9942,-12.036383,-10.368856,-15.891044,-5.347146,-18.536797,-4.075514,-17.650278,-16.62864,0.38565907
m08iy,m08,-239.09998,110.65017,-29.718374,118.99806,10.078214,-7.984178,-41.88712,28.469894,-57.19414,-24.618935,-2.7443364,-52.901527,-1.5236883
m09iy,m09,-210.60158,143.72597,-44.345295,95.20417,8.799553,-6.6580176,-33.347885,13.892625,-34.071644,-12.966309,-20.988543,-40.113033,5.6672807
m10iy,m10,-263.9305,110.69665,-43.275047,123.03814,4.3113356,-32.80658,-15.35552,12.279844,-35.56575,-7.4257274,-22.037464,-38.826748,0.51227236
m11iy,m11,-230.57457,145.5772,-43.380207,107.001076,17.27513,-18.836103,-24.26284,14.947906,-29.445213,-34.81519,-3.2249246,-41.505795,6.2444715
m13iy,m13,-269.73834,160.62766,-55.328903,129.23628,20.568256,-28.93813,-10.997916,20.12394,-40.344185,-9.350711,-14.74309,-22.544174,5.93807
m14iy,m14,-243.91742,123.47804,-36.889484,141.08453,-15.911733,-11.814671,-10.547574,4.7808237,-21.46982,-24.999207,-5.247305,-15.453749,-7.5900016
m16iy,m16,-250.13295,126.23618,-47.83852,110.072105,34.349346,-28.26343,-34.016743,34.22524,-46.2886,-20.881674,-18.782412,-29.120056,10.935399
m17iy,m17,-269.49844,112.12791,-12.4303055,130.3126,19.663208,-16.352907,-37.46138,7.1314907,-16.87048,-38.28854,-27.910217,-20.877104,-16.207355
m18iy,m18,-237.83133,136.60936,-19.800694,100.62242,-7.937719,-19.57185,-30.785389,16.538525,-43.46815,-19.094936,-0.8474042,-30.383167,2.468596
m19iy,m19,-211.47177,106.455696,-38.450943,115.88883,-3.9556527,-12.149668,-30.323692,7.6453137,-36.460506,-39.174873,-12.990038,-26.776062,-13.527357
m20iy,m20,-273.9311,106.34002,-10.517788,124.87439,-7.0520544,16.133156,-34.557785,-6.589489,-30.11414,-28.51182,-5.4388447,-37.459393,4.673981
m21iy,m21,-232.27649,119.76502,-33.693584,116.99188,-4.9016604,-6.291722,-30.470322,-10.125751,-26.998955,-16.458967,-11.778392,-33.688633,24.28344
m22iy,m22,-289.16434,166.70966,-12.757581,85.56551,4.471149,-26.242094,-26.3041,-5.391149,-15.188771,-31.929901,-11.623878,-15.628915,-19.16274
m23iy,m23,-227.15807,115.551605,-53.2902,134.50357,-22.973305,-4.9800334,-23.590044,-4.696142,-26.40969,-18.230892,-22.259207,-23.003502,2.7527227
m24iy,m24,-244.60039,122.83005,-31.134247,107.26576,-11.892552,-20.741985,-27.745113,15.962418,-52.28446,-21.650879,-9.846063,-34.726402,4.3981314
m25iy,m25,-218.23178,129.91743,-51.246998,130.68645,5.6923494,-5.138578,-36.365574,3.797796,-33.706768,-25.062643,-17.598728,-16.984352,0.35611522
m26iy,m26,-259.33902,138.87134,-38.61014,113.79251,25.258905,-23.057274,-26.747602,24.579607,-52.339123,-15.011581,-18.379526,-22.755808,5.644295
m27iy,m27,-227.29712,119.24667,-59.597797,128.42014,-9.589854,-15.418154,-24.693218,9.168152,-26.679417,-15.382951,-16.47451,-23.26179,-0.08410466
m28iy,m28,-270.92386,139.86319,-23.664852,98.53308,11.833548,-41.72452,-12.942514,10.254438,-29.587978,-31.1969,-17.561228,-18.713644,-20.240805
m29iy,m29,-236.5121,115.69453,-48.703648,128.02779,1.8536415,-28.533808,6.6267495,3.1435509,-31.746191,-7.1855597,-28.233942,-11.078841,-2.8449547
m30iy,m30,-274.55328,110.84806,-42.111397,160.06387,-7.3613462,6.637713,-8.63019,18.352194,-39.680977,-2.253508,-12.595314,-32.16778,11.503255
m31iy,m31,-240.93018,125.04482,-6.1210966,100.91897,4.5520215,3.1845431,-22.223173,6.124626,-29.267334,-31.578497,-2.5083983,-18.879282,-9.517691
m32iy,m32,-262.53976,123.82461,-2.0266387,98.185905,-15.662879,1.130962,-41.504547,4.4516,-16.170918,-49.85539,1.7884887,-29.875368,-19.063643
m33iy,m33,-261.75644,110.96973,-15.187951,119.54398,-6.471136,-13.405636,-17.44015,4.8942266,-38.88358,-24.676088,-22.649677,-18.619995,-12.124359
m34iy,m34,-209.71104,120.431046,-26.673779,111.35814,-9.415938,3.1885064,-42.87332,8.878357,-11.824242,-27.310135,-0.74747765,-29.122282,-2.1839855
m35iy,m35,-224.06049,101.08287,-52.52085,123.23531,-12.844329,2.9875832,-48.754166,20.649275,-43.273594,-15.607714,-9.53483,-34.65216,8.92964
m36iy,m36,-228.0444,141.11089,-48.16703,98.15938,18.663136,-22.695068,-27.81764,10.726093,-46.045486,-6.175827,-19.410013,-37.14157,22.804173
m37iy,m37,-248.83022,139.80011,-4.9087296,95.13837,12.090157,-12.211936,-51.30998,-7.8477807,-37.48335,-18.518646,8.41918,-27.754416,12.054692
m38iy,m38,-262.21613,121.81957,-30.71254,110.14118,1.5373037,-5.7182565,-23.354849,-0.16120502,-19.184828,-29.35697,-17.129383,-18.29805,3.984658
m39iy,m39,-252.20319,126.57199,-39.89865,109.33244,0.04291758,-27.35201,-16.41185,-14.434603,-32.616356,-14.562232,-34.34423,-12.347578,2.1613133
m40iy,m40,-247.13554,116.22856,-14.142876,115.086426,-18.731833,-1.6503043,-37.718994,10.841938,-29.936707,-37.467537,-8.11299,-18.70649,-6.51135
m41iy,m41,-244.88684,115.85795,-84.08107,132.32387,-7.247716,-35.44793,-19.988562,-1.5036101,-25.296902,-28.476643,-15.108788,-21.409996,3.3910236
m42iy,m42,-235.12312,121.2679,-25.040775,121.31018,-1.7258059,-4.9466186,-42.796825,-8.565486,-40.46371,-9.954053,-20.474632,-17.177698,27.836994
m44iy,m44,-280.6524,136.05879,-33.19327,116.429184,26.095652,-17.162231,-32.95251,40.70823,-34.408195,-21.332146,7.407481,-38.307823,6.1105742
m45iy,m45,-288.74515,111.3762,-18.37431,105.514366,-27.096264,-17.770824,-3.8558667,-8.862379,-37.789696,-15.624379,-23.773928,-14.488627,-2.259798
m47iy,m47,-247.72531,100.26222,-19.186024,110.21756,0.27293122,11.281769,-44.831272,20.413471,-44.826523,-28.683535,-3.2669253,-44.848755,19.497784
m48iy,m48,-251.7279,113.01688,-8.7942095,129.52419,-41.130623,17.505974,-39.901253,-7.4031878,-4.940698,-49.23609,0.6990062,-8.483705,-19.496628
m49iy,m49,-324.84656,133.6549,-13.4155035,122.857285,-6.221506,-26.419437,-4.90998,-13.703795,-44.17268,-14.091332,-23.140598,-18.902332,-4.061463
m50iy,m50,-296.04694,134.20593,-22.81038,137.51736,20.630577,-31.87825,-37.81758,1.2333922,-38.944725,-7.7077823,1.5261947,-21.127987,6.6236296
w01iy,w01,-261.71887,84.303986,-9.617407,123.240265,-48.39995,-6.9409685,-17.674255,-4.087453,-37.759655,-30.010466,0.08099067,-25.52417,-14.514787
w02iy,w02,-306.07428,101.585,1.2222545,133.7001,-39.041092,-31.073587,-0.8038597,-35.033615,-27.499918,-25.311094,-28.508932,-22.298506,-14.484336
w03iy,w03,-260.5102,90.636086,-23.716694,127.05896,-21.314907,-30.55689,-6.6050124,-11.128058,-44.260227,-17.322506,-17.151384,-21.207989,-8.7504835
w04iy,w04,-272.08105,99.3087,-10.203991,115.40355,-39.827034,-14.029165,-20.637089,-17.716553,-25.866472,-19.39756,-16.52849,-14.584791,-21.361385
w05iy,w05,-237.01343,102.61396,-4.6880894,100.507515,-33.250793,-11.213409,-23.77694,-0.89686084,-31.11292,-21.154905,-6.778475,-22.222162,-7.7861695
w06iy,w06,-249.94247,103.59547,-44.15979,114.42612,-27.844713,-21.103188,-15.681021,-3.6181555,-51.238487,-20.360474,-26.624605,-25.669777,6.1880336
w07iy,w07,-245.48886,117.03197,-2.6730018,98.954994,-30.85883,-18.680956,-11.814669,-17.434162,-23.896183,-32.297523,-13.579289,-12.938428,-24.825083
w08iy,w08,-252.87822,95.18474,-25.481693,120.899315,-55.52664,-23.268536,-21.573977,-14.133041,-30.981228,-23.835102,3.056495,-21.614584,-1.0593077
w09iy,w09,-254.46913,99.72349,-27.194048,101.86839,-36.013103,-23.988043,-5.28828,-17.648058,-31.75007,-10.264365,-8.693474,-10.782332,-10.945693
w10iy,w10,-263.80692,94.26028,-46.550907,130.30603,-48.731125,-17.909538,-9.775168,-18.621197,-46.621353,-22.472149,-7.053493,-28.450598,0.6187786
w11iy,w11,-270.23578,97.184395,-11.992487,119.76084,-27.947248,-21.436056,-29.842802,-9.76327,-46.479176,-49.965633,4.448315,-32.09414,-1.454602
w12iy,w12,-250.38928,102.04629,-18.112165,118.91047,-54.95151,-10.377705,-15.814041,-25.194986,-24.888529,-29.21879,-13.664414,-18.635,-12.438497
w13iy,w13,-262.17337,109.76743,-29.428705,136.80424,-39.279915,-21.336988,-2.6332638,-23.18643,-38.52769,-28.97206,-7.255448,-15.224471,-6.4327207
w14iy,w14,-283.9081,112.30261,-16.594187,123.60784,-43.12773,-11.243624,-6.822784,-25.400967,-27.12977,-36.476604,-11.552295,-17.324762,-14.725933
w15iy,w15,-284.5821,97.66497,-18.88141,131.60196,-50.962242,-27.77578,-7.6655965,-6.760842,-28.492525,-15.687984,-2.22437,-23.24904,-2.575515
w16iy,w16,-259.3426,90.52553,-22.829327,131.18073,-67.45528,-5.856925,-12.491276,-34.581482,-34.110443,-24.67479,-4.756302,-18.72844,0.5261736
w17iy,w17,-254.29617,89.73554,-34.57596,129.58704,-46.35002,-17.84134,-22.943901,-21.42694,-35.96862,-20.499825,-12.94504,-6.9472647,-2.716374
w19iy,w19,-246.75517,121.818436,-36.962727,107.383804,-51.587044,-32.357956,-15.38956,-28.744831,-26.924093,-30.39541,-6.72038,-11.558985,-11.43958
w20iy,w20,-312.05353,117.98136,-0.96614534,103.00432,-12.039555,-42.700264,-4.646465,-23.297016,-39.752052,-30.703701,-18.466057,1.1097649,-13.373207
w21iy,w21,-285.26053,91.679344,-26.650309,125.359406,-16.1623,-14.861874,-32.359818,18.049383,-56.281666,-22.836962,-23.490705,-27.95402,-2.6062615
w22iy,w22,-269.70023,88.812386,-38.079254,123.23492,-42.865326,-19.07818,-7.8830733,-24.145771,-20.270895,-39.5814,-9.272019,-21.785046,-19.1443
w23iy,w23,-248.3784,100.94035,-39.486504,119.76892,-33.22624,-12.822155,-14.420208,-7.8593707,-27.51307,-19.921904,-19.549318,-6.0659885,-15.54728
w24iy,w24,-266.95245,119.64606,-5.2282176,103.51881,-66.21079,-14.878453,-14.0588875,-33.57692,-15.460675,-13.4836235,-10.572225,-5.3977513,-10.00018
w25iy,w25,-275.53653,88.1627,-29.600983,127.80291,-57.611008,-14.786599,-5.6271443,-36.178303,-24.191757,-23.622604,-4.325751,-18.710478,-15.576286
w26iy,w26,-271.66864,100.57324,-37.139053,130.2891,-27.69033,-41.02411,-11.221137,-16.710783,-34.690193,-14.532687,-19.151949,-10.898795,-11.172454
w27iy,w27,-279.9043,119.21536,-28.603054,121.14784,-41.323193,-50.198776,0.2813831,-22.910114,-34.000927,-12.582195,-12.627639,-15.37463,-8.2887
w28iy,w28,-228.54385,82.15491,-18.10554,122.14314,-45.624817,-23.817394,-23.61534,-31.615818,-27.278023,-13.367414,-9.37273,3.2462397,-11.271622
w29iy,w29,-253.49287,101.64174,-19.179886,95.39258,-46.437294,-9.124556,-35.64702,11.839514,-34.83359,-8.72044,-1.917867,-23.973412,5.0115685
w30iy,w30,-236.4007,90.92693,-10.801945,104.06485,-52.138126,-10.763968,-34.847218,6.464346,-52.8193,-17.06417,0.18633504,-26.031849,7.084532
w31iy,w31,-288.66684,114.3948,-21.841743,97.98035,-9.021649,-28.303661,-37.901104,-16.44033,-28.007019,-26.301172,-17.22495,-11.105326,2.6385882
w32iy,w32,-273.9553,110.158356,2.4187386,84.199875,-43.200817,-11.1773205,-22.217562,-3.7850466,-46.193153,-24.859676,0.5389054,-35.83792,-11.33641
w33iy,w33,-269.61905,105.931,-27.884254,108.41071,-66.33422,-7.9993067,-16.205679,-34.04963,-25.370848,-18.911827,-7.2273874,-13.15848,-2.7367437
w34iy,w34,-257.13782,93.81085,-22.440636,122.164734,-46.987183,-7.5174704,-5.501256,-25.823162,-27.05923,-30.95259,-8.944514,-28.392462,-12.122711
w35iy,w35,-285.88568,110.69212,-4.278283,106.61095,-26.800537,-23.229366,-16.936848,-2.0506873,-32.48584,-16.967312,-13.068014,-20.06279,-11.999296
w36iy,w36,-260.2842,101.71109,-40.3199,134.0318,-58.63441,-15.676927,-8.969988,-16.82849,-21.32956,-26.422241,-17.305574,-9.018285,-17.569725
w37iy,w37,-269.6232,96.61471,2.1983764,122.55492,-34.6461,-2.250844,-15.091254,-9.1191845,-43.897636,-26.614264,-14.035832,-31.026981,-0.8842338
w38iy,w38,-261.62643,88.888916,-10.668129,106.61613,-55.933044,5.6331263,-24.460468,-14.902883,-39.913322,-29.335186,-1.7806079,-33.82627,1.5859727
w39iy,w39,-273.18274,109.367424,-16.852715,112.925934,-36.461895,-36.001114,-11.060177,-20.93609,-33.535072,-24.131407,-17.426235,-13.608569,-11.524943
w40iy,w40,-282.45294,115.66035,-5.3362365,122.10078,-29.768656,-28.413536,-10.811734,-16.445719,-28.33633,-21.952785,-19.949776,-19.835304,-18.68707
w41iy,w41,-294.7024,103.60826,-1.0269309,137.2774,-52.462513,-2.6564972,-12.602956,-20.723076,-53.42007,-11.334565,-17.323322,-20.707882,15.748906
w42iy,w42,-260.10944,95.56713,-32.34694,128.35406,-48.403603,-20.008266,-13.847483,-14.073472,-41.499046,-16.063503,-23.387672,-10.732097,-0.71219134
w44iy,w44,-281.19604,113.70077,-24.466959,116.37025,-38.159615,-11.787904,-24.088633,-13.958928,-34.008324,-27.08331,-11.441329,-11.952106,-2.0691874
w45iy,w45,-288.91467,107.39969,-57.8583,129.56148,-28.22306,-37.8995,-2.6903293,-15.241729,-25.237188,-26.065321,-23.295362,-5.735766,-16.463976
w46iy,w46,-267.322,117.17405,11.194157,108.81553,-41.467445,1.1450127,-14.042722,-15.980697,-37.781857,-33.496876,-12.950774,-32.7991,-7.9504576
w47iy,w47,-288.71365,113.65875,-23.371819,128.21169,-39.254425,-20.936834,-6.861797,-26.440287,-35.585335,-32.317966,-7.5628877,-18.651436,-15.959888
w48iy,w48,-278.88922,85.63033,-31.516277,130.37302,-49.68648,-36.86805,-22.716381,5.957392,-39.290382,-26.168833,9.274832,-13.17571,-6.27697
w49iy,w49,-268.9996,110.406105,-11.147112,127.24876,-48.098442,-7.0601425,-1.2550261,-19.969248,-38.262905,-23.259895,-14.234838,-29.609156,-4.4661365
w50iy,w50,-280.80652,110.66033,-16.233137,133.28009,-41.06473,-16.8888,-11.907536,3.1297288,-49.769108,-23.493176,-3.1556737,-36.133484,0.6233344
b01iy,b01,-265.47864,82.61477,-0.62867516,112.97104,-65.052765,-16.629217,-32.836067,-26.83847,-36.757973,-12.109124,-0.3881455,-15.42173,7.703689
b02iy,b02,-286.01022,102.78513,4.1016445,110.744965,-66.68548,-19.887234,-5.7460747,-33.788673,-27.752924,-14.046918,-12.485102,-10.582461,-4.6403103
b03iy,b03,-341.08597,122.23281,13.753764,95.041885,-49.74468,-9.963842,-22.129303,-43.595604,-19.808819,-21.877043,-9.313683,-5.175824,-12.002906
b04iy,b04,-295.3046,74.73996,-26.392193,122.797676,-53.91218,-35.23116,-31.76933,-28.70645,-25.95039,-21.680542,-5.8581676,-1.5907649,-19.34594
b05iy,b05,-279.88797,103.76738,8.364343,119.94838,-48.15482,-15.389278,-22.490507,-26.983412,-33.591522,-2.2409437,-9.986948,-7.5290394,-7.542145
b07iy,b07,-262.40646,73.40308,-40.027985,125.323166,-76.520325,-17.777086,-32.363876,-28.305475,-22.096825,-38.380924,14.046355,-8.981881,-16.367847
b08iy,b08,-294.8479,84.634766,18.332836,144.0542,-49.15825,-14.730682,-21.682436,-19.437557,-32.228386,-20.623766,-12.369371,-25.460705,-3.7632303
b09iy,b09,-325.3656,94.254814,-21.468187,109.21866,-58.211548,-22.074259,-28.108362,-23.641567,-35.883564,-32.534927,-0.41541678,-19.17682,0.06000026
b10iy,b10,-275.98334,112.53097,9.173074,91.07199,-64.36375,-15.83922,-13.902541,-22.550806,-36.826286,-6.1026306,-16.94235,-10.7899475,-6.264204
b11iy,b11,-266.5607,91.88895,-13.214382,125.71388,-65.182076,-13.882824,-20.716032,-37.087795,-22.252533,-37.868423,4.8027406,-19.861092,-8.373597
b12iy,b12,-277.176,72.86846,1.5554236,114.81426,-86.079315,-23.863207,-37.629616,-24.143255,-23.560776,-24.55161,13.723121,-27.121668,-1.6351947
b13iy,b13,-296.50705,98.65036,-7.621482,138.01907,-40.33116,-25.874208,-26.759857,-30.827606,-24.124157,-33.477173,2.0184894,-14.692771,-22.612495
b14iy,b14,-277.45374,79.33126,-0.4417493,134.50874,-61.158726,3.812088,-16.604584,-40.245033,-35.966984,-17.795567,-15.632293,-11.696212,2.9268823
b15iy,b15,-275.88474,78.7456,1.916987,125.36948,-74.99915,-21.497244,-28.125233,-14.138078,-31.078234,-23.073242,0.26167417,-21.301733,-9.238656
b16iy,b16,-285.21576,102.73686,6.9359164,131.95116,-42.130966,-38.330795,-36.962017,-28.182451,-25.62234,-39.869328,-2.264882,-13.69155,-11.104844
b17iy,b17,-311.43643,95.49584,-21.822948,115.7146,-39.61018,-39.79462,-22.258602,-37.829784,-28.417608,-27.289972,-7.1708446,-7.727829,-17.860567
b18iy,b18,-285.16275,84.150536,-51.675266,150.59349,-56.01675,-18.043085,-19.850655,-31.580353,-21.297916,-44.374813,2.5078225,-5.5710306,-18.873692
b19iy,b19,-319.1485,115.44832,16.341013,118.024124,-63.023537,-29.846476,-24.595877,-23.52441,-14.326258,-23.97651,-4.5238376,-15.865046,-12.433424
b21iy,b21,-281.38004,94.850464,4.0291114,143.96043,-55.863018,-29.783403,-14.564891,-23.290674,-17.699337,-24.108328,-6.220857,-12.118874,-17.016033
b22iy,b22,-302.5022,85.21624,-12.630735,122.38945,-69.12572,-17.046782,-30.77825,-29.691381,-35.77265,-25.785202,3.1900277,-19.78686,-12.73486
b23iy,b23,-291.11908,109.96914,7.4048743,102.50824,-57.77596,-14.0762615,-8.599611,-34.975277,-24.431454,-30.042622,-2.1101565,-16.563288,-4.4079323
b24iy,b24,-308.8527,104.35276,20.23301,108.50027,-68.98679,-5.145859,-29.860062,-26.362808,-20.965143,-17.584414,-13.185661,-23.64804,-0.3775345
b25iy,b25,-310.95108,131.42035,5.7878876,113.49383,-47.0149,-22.360985,2.116127,-33.195038,-25.238214,-14.681447,-14.075519,-15.82358,-14.341019
b26iy,b26,-291.98743,98.4187,-2.0160983,125.79192,-73.206856,-11.052703,-17.546312,-32.10624,-21.49131,-7.072202,-3.7975953,-22.843012,2.9173763
b27iy,b27,-299.1753,116.348145,-9.868071,121.208405,-46.16573,-9.841553,-18.735132,-26.109777,-22.238602,-23.961224,-1.8485453,-27.73893,-16.472301
b28iy,b28,-307.6118,98.891205,0.38574728,109.73866,-58.46135,8.139546,-12.262734,-20.5214,-18.154282,-19.951937,-10.526982,-18.662832,-12.627865
b29iy,b29,-293.94394,54.501503,-6.376881,123.89047,-101.278824,22.543514,-24.72615,-17.256569,-21.17786,-42.232,10.854632,-34.056656,-6.588509
g01iy,g01,-283.01825,113.043365,13.763861,120.409065,-62.159412,-11.159354,2.1002815,-22.777449,-25.703554,-21.38407,-17.848093,-18.996628,0.23886989
g02iy,g02,-261.7136,92.43914,15.75572,118.34309,-77.92679,-3.2085876,-33.13777,-39.506252,-20.243042,-13.306466,-2.740098,-12.417557,10.783091
g04iy,g04,-282.14767,80.74904,10.247258,122.26424,-73.9294,-7.86145,-25.682219,-37.91148,-29.994946,-5.7492614,-6.716553,-20.915134,6.133008
g05iy,g05,-336.8391,113.60368,-1.652597,120.42148,-55.66815,-11.073494,-6.2991962,-30.643818,-27.24635,-27.023705,-8.858794,-21.744411,2.1472085
g06iy,g06,-327.7893,114.04542,-6.430994,113.855804,-56.793118,-18.812515,-21.583828,-28.000288,-25.823387,-22.664257,1.51231,-24.396217,-6.3087616
g07iy,g07,-252.52528,74.885124,-34.643948,134.24118,-54.317036,-11.7822485,-43.343163,-8.279499,-39.733475,-21.08643,-9.018465,-14.03222,-4.9951754
g08iy,g08,-321.36276,97.17862,34.939877,95.63945,-68.05739,-21.472996,-27.777803,-29.155422,-30.569204,-0.9575646,-19.951735,-11.716338,-7.7715454
g09iy,g09,-268.98267,77.294266,-6.1630607,112.635826,-100.850845,7.4654837,-25.057964,-42.61899,-18.993973,-25.278198,7.35395,-20.749228,-2.4058163
g10iy,g10,-313.19073,120.024,28.156992,101.88304,-66.387405,-3.1503603,-21.73269,-41.497154,-11.073204,-19.400362,-6.322921,-15.46327,2.2574286
g11iy,g11,-297.09857,117.37227,-4.175076,125.02596,-38.118065,-25.43275,-10.750031,-36.13891,-22.407959,-19.704655,-4.605391,-10.4312525,-9.946611
g12iy,g12,-309.80984,91.424675,26.433825,108.30139,-79.25761,7.3963747,-28.927992,-50.995396,-26.77312,-30.331049,-3.4140847,-20.968306,7.81487
g13iy,g13,-308.88568,82.3488,15.37451,122.64892,-63.430668,0.3546845,-18.797266,-34.09131,-22.263615,-24.58195,-6.367563,-28.392832,0.9737819
g14iy,g14,-278.2528,98.9733,-10.374224,135.58348,-46.23268,-28.120644,-16.112162,-17.773754,-31.913685,-30.545168,-17.853138,-13.132763,-10.958416
g15iy,g15,-259.1417,67.57314,-3.839566,134.38501,-82.87464,1.1430022,-32.625263,-39.160656,-21.0613,-14.687645,-10.99414,-17.329807,1.161078
g17iy,g17,-268.96326,72.62056,-4.339799,129.35362,-66.76165,1.0303726,-24.426832,-29.963026,-30.66115,-28.056498,-2.1781967,-20.05013,2.6896386
g18iy,g18,-344.98874,102.302795,38.498264,117.93717,-46.772217,-18.401663,-20.870703,-47.814438,-31.254221,-23.703085,-12.569717,-18.91498,6.1852098
g19iy,g19,-314.87515,124.27799,19.439484,93.19491,-52.34878,-16.47681,-17.967602,-41.239742,-20.236895,-29.613865,-6.9556623,-17.499718,1.9784281
g20iy,g20,-280.1244,116.91938,18.096083,103.014244,-72.61258,-5.2737784,-17.428211,-30.075901,-15.701277,-18.671717,-12.916203,-15.398936,8.113171
g21iy,g21,-277.91132,117.09218,-13.911262,105.83048,-50.89248,-19.395317,-8.315984,-33.443047,-26.83653,-21.237278,-8.579904,-21.894056,-2.505099
m01oa,m01,-257.54608,176.86562,-18.845196,26.316063,-59.624992,-52.22271,-31.443956,21.627941,-28.052162,-30.719603,-2.7964618,-37.61199,4.680441
m02oa,m02,-302.327,200.46622,-7.7724032,32.56918,-49.032715,-38.90349,-14.783744,21.899908,-10.310011,-6.154954,-2.9137192,-4.498331,-3.1626468
m03oa,m03,-302.63638,229.43665,-3.786489,15.5117235,-45.52192,-49.36332,-37.494213,19.787958,0.3497973,-34.711445,9.489448,-14.659943,-5.911082
m04oa,m04,-304.58096,195.91032,30.690521,31.092575,-57.564903,-50.365868,-20.944557,6.6036367,-12.495542,0.4731656,-13.431524,-15.68441,-3.4302876
m06oa,m06,-243.09985,185.39948,-42.14808,44.742928,-63.053616,-46.632603,-12.1281395,-0.88504696,-5.0712714,-32.163982,-22.540245,-1.0420592,6.222312
m07oa,m07,-246.54742,202.64204,-15.497391,24.899797,-46.352066,-15.782142,-11.256434,-5.6675777,-22.068768,-11.199582,-8.872292,-0.78471595,17.196136
m08oa,m08,-277.13666,184.63533,-5.0667386,20.049036,-56.60139,-56.95876,-17.003849,-7.7248597,-26.995031,-8.670137,-14.756783,-13.128576,1.8100455
m09oa,m09,-286.06027,201.37877,0.71081907,10.99896,-45.96201,-40.343716,-19.328222,18.277376,-26.398613,-25.201393,5.4786963,-34.990208,-0.25498605
m10oa,m10,-273.97272,209.00635,-35.652508,34.08925,-33.2819,-47.121418,2.3855143,-6.859394,-19.672888,-20.634932,-16.668415,-0.28459072,-0.7845955
m11oa,m11,-296.08417,207.17796,1.1770889,27.072817,-40.638676,-44.76559,-37.89609,20.332275,-15.326268,-18.210903,10.098135,-29.02131,8.096511
m13oa,m13,-296.2129,219.35483,12.619007,29.714365,-27.293392,-70.46536,-11.144545,16.15203,-19.004835,-12.619106,8.438265,-16.758545,-10.940081
m14oa,m14,-282.6467,228.60223,-29.659492,2.9427593,-23.730722,-23.74521,-15.952637,4.6627555,-18.249338,-35.386623,-2.5970933,-8.598714,6.954523
m16oa,m16,-251.585,193.48105,-10.840904,31.59864,-24.97105,-66.50221,-8.399659,11.635766,-33.827522,-8.705929,-11.709711,-30.981712,0.78394794
m17oa,m17,-329.27625,180.00928,57.95926,28.470953,-32.17778,-26.659683,-59.19056,-7.966858,-0.36066398,-19.710915,-15.560617,-24.336575,6.6661987
m18oa,m18,-266.2518,191.46143,24.376078,35.178574,-49.297943,-53.719135,-30.53897,16.185282,-46.130733,-0.88932985,-12.003106,-26.339706,27.0488
m19oa,m19,-237.6236,191.99176,-23.014708,23.906822,-70.10123,-20.26226,-19.66826,2.7503653,-23.863388,-31.392754,9.543842,-24.138926,17.302979
m20oa,m20,-277.80734,206.51505,-6.5394187,-12.27868,-39.19986,-22.357365,-34.86403,7.1506424,-23.099773,-21.322868,-1.3013715,-21.57691,24.986805
m21oa,m21,-266.546,193.93259,-29.73519,26.262903,-37.492214,-57.202496,-22.426638,-10.179502,-19.452532,-5.293113,-14.106027,-18.68953,23.329388
m22oa,m22,-292.04977,230.03047,-16.474413,4.4821396,-50.51282,-40.37941,-15.908957,4.7382574,-14.970739,-23.89796,-15.624507,2.3721566,1.5010407
m23oa,m23,-312.43182,203.9981,20.20065,34.725716,-46.96519,-58.883034,-27.869736,-7.385415,-22.759445,-3.209507,-7.3477044,-17.730768,4.142079
m24oa,m24,-298.51898,199.68085,0.58437693,-0.03969431,-64.156815,-21.470592,-22.386166,-0.5078211,-10.602036,-21.273468,-26.73781,4.782399,22.660961
m25oa,m25,-305.59827,213.18594,11.349658,10.678008,-48.771805,-16.080095,-19.96725,2.3753257,-4.694578,-18.410486,-9.037273,-15.5776415,15.6722145
m26oa,m26,-308.0252,215.14949,-2.6010232,25.394588,-16.92812,-66.12674,-24.92316,11.836402,-22.176174,-18.785099,-5.334821,-23.484676,-16.199993
m27oa,m27,-292.57013,198.15257,3.5898173,30.694195,-62.406742,-23.04661,-22.189734,20.929136,1.7050934,-9.45445,2.4687958,-12.325458,12.329373
m28oa,m28,-289.14304,214.90578,6.7510934,12.037302,-48.475986,-38.170532,-1.6089927,0.79934365,-14.611287,-17.08175,-12.100261,-2.7551188,-2.0151608
m29oa,m29,-287.06097,234.91104,-4.8642707,5.2960963,-39.11804,-50.189003,-37.75187,21.178238,-13.89583,-14.492071,2.682456,-24.225517,13.891724
m30oa,m30,-340.9883,190.14598,51.766075,64.700836,-26.65569,-47.690178,-23.892448,2.8185482,-40.384293,15.105423,-4.225406,-12.0669155,3.85765
m31oa,m31,-285.64462,185.24857,27.131008,19.162777,-48.452248,-29.566442,-25.643692,6.1433935,-16.530933,-9.611081,0.1217617,-16.454578,-0.74945295
m32oa,m32,-292.6865,187.52516,35.80875,9.213634,-49.3728,-36.94356,-28.051838,-7.5841413,-16.391209,-12.230367,-6.995996,-14.7009735,-0.29026714
m33oa,m33,-280.8199,206.00812,9.483527,8.350956,-41.918858,-50.83629,-21.876822,11.973035,-19.309061,-13.365755,-19.474705,-20.435696,-0.4521364
m34oa,m34,-285.94983,203.09178,8.528714,29.026375,-61.21044,-40.496445,-17.127075,0.58739024,-8.138484,-23.36404,-0.20255576,-16.844551,-7.4624906
m35oa,m35,-249.71881,183.08356,-12.075405,26.816046,-46.5239,-28.288813,-35.788082,20.637394,-31.131762,-23.924292,-2.9713118,-28.317848,16.518246
m36oa,m36,-259.1214,192.68947,-21.44246,29.820055,-50.37282,-51.867138,-17.733515,4.174472,-20.631464,-15.238857,-4.454522,-22.043436,4.8361716
m37oa,m37,-319.63184,210.99092,9.747443,15.492456,-32.137775,-41.504932,-27.112896,2.968623,-24.470137,-17.083233,-11.532937,-32.45498,17.546999
m38oa,m38,-292.02023,193.18748,-10.014354,2.6303186,-47.317917,-25.64554,-15.893223,9.312162,-17.614222,-23.69751,-1.3029555,0.306046,23.29452
m39oa,m39,-325.37317,210.01355,32.316246,6.3726406,-27.71817,-57.032307,-35.40064,0.10682593,-13.8012,-19.2465,-6.532131,-9.791025,-8.506229
m40oa,m40,-269.03473,166.82938,28.479248,20.10479,-68.10917,-22.441706,-36.91258,0.24178039,-9.618114,-23.230368,-16.526663,-5.0802,11.862776
m41oa,m41,-260.02136,212.8547,-43.108154,27.172554,-47.39551,-42.187923,0.08514547,2.4397023,-8.601219,-11.958845,-14.843416,-0.67622614,14.409252
m42oa,m42,-326.09726,207.18713,31.142715,11.137484,-50.449238,-35.93097,-23.157011,-2.7146325,-5.123589,-24.06995,3.1012566,-5.2114315,9.45342
m44oa,m44,-300.14975,210.05328,-19.546951,9.15908,-36.059532,-40.41151,-4.5258703,21.485598,-21.629873,-18.009253,7.9158525,-9.526781,9.268554
m45oa,m45,-331.75403,201.17732,17.867685,15.149643,-55.15714,-48.2359,-2.7332747,6.801218,-15.458723,-11.265274,-1.6907535,-2.201894,5.8551836
m47oa,m47,-264.80768,168.52567,-0.18164425,22.763357,-57.23722,-34.912773,-48.619972,15.806376,-26.628988,-29.652164,2.9990091,-30.426367,11.321716
m48oa,m48,-300.09546,192.23578,34.650055,17.530296,-56.74029,-15.828678,-15.037839,-5.443476,-5.6683583,-33.03716,-22.361982,-17.692104,-3.715479
m49oa,m49,-263.1951,204.00105,-7.7734637,24.600765,-46.311928,-32.694607,-21.951595,5.5950627,-29.541853,-24.832153,4.5070515,-32.799236,10.919663
m50oa,m50,-269.96945,202.6085,-25.267824,16.231867,-43.84981,-32.13253,-20.821722,-1.527125,-22.125317,-6.65744,-2.2525024,1.9217236,35.628727
w01oa,w01,-293.4696,203.56339,-12.67456,-1.5379503,-67.40617,-24.036688,2.5593572,-10.4626875,-28.244717,-18.958084,-14.482099,2.670306,1.303914
w02oa,w02,-355.1174,195.71242,10.851059,10.586899,-55.073734,-33.01718,-0.054627094,-24.779554,-12.845143,-30.285282,-30.033064,-9.342595,-12.34895
w03oa,w03,-298.32843,197.65706,-26.25058,-6.350772,-57.36206,-28.665613,-3.5292137,-3.397937,-25.982777,-8.796648,8.046662,1.9305983,-2.5705786
w04oa,w04,-269.0135,186.12613,-41.15338,14.918021,-70.276596,0.81576836,-18.480314,-33.249874,-14.593309,-26.124685,24.109829,-1.3356426,-12.46153
w05oa,w05,-341.32135,197.05061,39.746662,-9.422285,-45.036663,-21.70058,-34.619072,12.946081,-3.2765515,-30.235714,-16.792133,-5.5333414,-19.408085
w06oa,w06,-268.2753,180.61687,-30.287546,13.803505,-76.91847,-29.842573,-11.902252,-4.788705,-21.6939,-16.853767,-19.877249,-0.3040407,-1.3522458
w07oa,w07,-329.66602,207.2396,1.6059108,-13.914112,-74.67055,-30.792358,0.5965888,-12.909125,-8.648431,-26.129585,-3.5163715,3.5485244,-12.467747
w08oa,w08,-293.73752,172.6221,-24.006386,9.3055,-43.837498,-22.330072,-13.088538,-45.292557,-26.352037,-16.634687,0.55464804,8.116058,-8.536198
w09oa,w09,-319.9098,188.26088,-18.196104,-6.5791464,-71.81209,-39.8938,-0.3688452,-12.13707,-9.495638,-24.156843,-10.869141,-8.533328,-4.6389966
w10oa,w10,-297.91553,178.08981,-2.9765112,10.402419,-76.101006,-36.56747,-2.973023,-13.903031,-18.25835,-30.966553,-16.988352,-7.4935665,-6.0271277
w11oa,w11,-294.03986,194.907,-21.926992,-11.251445,-57.63243,-31.493895,-21.555744,8.545383,-40.96362,-15.055436,9.24275,-6.764509,16.12361
w12oa,w12,-268.6154,186.54884,-37.568172,8.522747,-72.19351,-7.669251,-17.27723,-5.3901553,-19.049936,-19.676495,10.839727,-3.4385095,-8.48783
w13oa,w13,-289.57486,184.20871,-31.802538,-14.027841,-53.612137,-8.427441,-22.49754,-0.040743306,-32.012062,-7.0355453,-24.666515,16.567533,-1.03983
w14oa,w14,-294.39932,186.83018,-2.2266567,1.8224065,-76.01376,-25.798248,1.339286,0.48332998,4.820027,-17.281868,1.2036065,-0.7766924,-2.008212
w15oa,w15,-320.545,188.3943,-1.8449825,29.470718,-64.34635,-39.70107,-1.6802559,-20.975212,-14.891856,-25.442026,-18.320597,-2.3504093,-10.60789
w16oa,w16,-301.74014,178.40865,-15.837768,1.389752,-84.486916,-32.154293,-11.126938,-17.002466,-6.821335,-29.337065,2.9748828,-3.090965,-4.4592957
w17oa,w17,-278.7845,209.05183,-34.89646,-8.997079,-61.932922,-47.950493,1.803406,-6.32724,-25.61166,-15.30012,-1.2206929,0.627563,8.185854
w19oa,w19,-275.64066,168.98924,-44.314617,0.33019733,-84.26885,-12.088689,-13.075776,-9.734504,-23.75575,-18.626228,13.45792,-6.410713,3.233651
w20oa,w20,-352.75317,201.33315,15.438291,12.551952,-51.290543,-45.669518,-0.29020727,-13.470731,-32.79468,-29.05439,-8.39401,-4.6020427,-0.26302287
w21oa,w21,-302.1335,163.1167,2.5973268,6.195718,-59.056953,-38.65662,-25.353415,0.6825936,-31.203468,-23.262636,-19.41018,-19.52319,3.850299
w22oa,w22,-286.99738,174.45518,-15.292548,27.320005,-87.499565,-19.977137,-13.346466,-8.95588,-11.374581,-23.951532,2.6614828,-14.865891,-1.3447057
w23oa,w23,-305.466,193.66634,-19.15432,-6.895391,-56.76408,-31.126587,-16.14751,-14.29641,-6.47411,-16.440296,-30.833792,15.643478,5.242924
w24oa,w24,-313.6537,177.04779,-4.87909,0.20998918,-87.29358,-18.752026,-6.892924,-23.198816,-21.835417,-15.778611,-18.291634,-4.0825768,8.548906
w25oa,w25,-327.81265,202.71611,2.594684,-13.145669,-81.86541,-24.92478,1.190189,-17.795496,-9.94555,-16.0619,7.3592515,0.82783383,-5.522464
w26oa,w26,-356.6353,187.20107,2.9756153,27.738237,-47.320683,-58.8853,-1.4236677,-11.378504,-41.009373,-12.75346,-27.018452,-18.262642,9.116804
w27oa,w27,-298.57507,191.31282,-24.943096,5.1197023,-58.737263,-50.187355,1.404267,-7.5146046,-14.971453,-5.0367603,-20.096611,0.2840346,0.6227009
w28oa,w28,-308.12708,186.39081,-32.69435,3.2611978,-65.43208,-28.05303,4.78377,-27.312222,-27.50174,2.4631886,-7.920225,10.936834,-0.687866
w29oa,w29,-315.8129,158.1044,0.6428505,7.3001657,-89.268814,-18.10822,-18.430227,14.63575,-16.417242,-15.105688,3.619159,-26.179821,10.6096735
w30oa,w30,-283.4154,180.31642,-26.582571,2.6321425,-72.82246,0.5533371,-18.893639,19.763956,-33.0252,-14.2250805,11.615,-14.412083,14.421824
w31oa,w31,-265.2332,171.99226,-3.685959,13.73625,-71.8929,-20.294058,-19.390196,-17.865017,-20.838993,-20.466543,4.091776,-13.666825,3.9943843
w32oa,w32,-309.4848,174.27275,11.899552,-12.248192,-71.23078,-15.249098,-24.80679,11.132879,-32.472927,-29.353172,-6.049913,-18.282951,7.50957
w33oa,w33,-282.5333,159.45535,-3.4698608,-1.2737269,-85.508514,-12.506379,-16.321417,-12.678831,-18.178692,-18.66247,-19.043278,-13.280304,2.623897
w34oa,w34,-305.96155,171.78973,-3.3234499,16.234358,-83.07669,-29.294651,-13.603866,-13.176241,-9.98931,-25.722944,-3.8619335,-20.044401,-9.355179
w35oa,w35,-258.60657,166.2481,-42.11123,-3.8054087,-72.27575,-24.780943,-10.167842,-12.711252,-19.70809,-7.8157444,0.2555668,0.3802821,-3.2732432
w36oa,w36,-292.04776,168.57103,-37.73956,12.268601,-79.94003,-32.06696,5.971847,-19.389858,-10.417413,-19.470682,-5.554132,-0.38678947,-1.4160393
w37oa,w37,-276.19974,180.42082,-5.6793094,20.835035,-68.24007,-5.401777,-17.173326,-21.882673,-32.79053,-11.23778,0.30504218,8.1944685,-1.3182242
w38oa,w38,-275.8013,164.4052,-28.520199,-6.1143293,-85.19874,-14.380255,-13.331312,-15.398001,-16.927753,-24.644552,11.873247,-7.500984,2.8015316
w39oa,w39,-340.19254,179.01295,25.10845,25.016123,-71.6278,-40.53729,-13.580711,-13.26416,-16.38347,-12.676444,-21.433538,-12.308606,-8.8203
w40oa,w40,-346.93112,193.94379,34.861145,9.776392,-60.45233,-50.458694,-16.639067,-9.28212,-17.008066,2.0324912,-23.152843,-21.42179,-3.453478
w41oa,w41,-345.13507,180.38127,18.740849,11.356527,-66.96499,-36.620094,-12.192877,-15.988474,-7.579693,-14.93425,-23.372074,-9.686464,-20.644915
w42oa,w42,-311.71396,176.24193,-14.80136,25.40739,-60.172825,-51.985977,9.644833,-13.684565,-29.682112,-17.911333,-26.514427,-9.156772,-1.1005187
w44oa,w44,-360.60233,192.21307,24.420202,-0.9661619,-50.961918,-42.896305,-30.020487,0.067103386,-14.30218,-25.333277,-11.944416,-26.546942,-10.984711
w45oa,w45,-310.27054,191.37367,-21.34761,-5.256557,-66.43809,-64.481964,-2.5931845,-3.6887803,-31.909582,-2.042885,-15.118436,-9.959112,13.135075
w46oa,w46,-327.3846,184.24803,14.2790985,-2.3106987,-74.6127,-13.369821,-16.298243,-4.9344516,-23.636683,-31.945229,5.932172,-7.0557942,7.452925
w47oa,w47,-289.9764,192.49611,-38.4655,16.10554,-61.576286,-22.164305,-3.5271127,-17.673283,-12.105225,-19.952778,4.5775495,12.3382435,-10.242687
w48oa,w48,-286.88324,152.63144,-21.508505,16.227148,-76.688705,-31.390003,-10.970197,-4.8201437,-25.091587,-12.386907,-6.950284,-8.3095255,-4.9891605
w49oa,w49,-306.50394,179.68149,28.453651,33.289463,-76.260735,-38.738964,-2.549203,-31.033464,-12.027101,-17.149681,-16.264597,-11.436282,-4.0475497
w50oa,w50,-271.38016,162.83746,-66.410286,13.364788,-71.40076,-13.310596,-4.536274,-8.577983,-24.853617,1.189265,-0.29964113,-2.8837936,-13.41812
b01oa,b01,-312.3181,166.47137,-39.074997,-18.201094,-69.19559,-10.212059,-17.625282,-15.532325,-23.775486,-16.710566,7.471988,-2.9657545,-7.70539
b02oa,b02,-361.38843,166.55016,-26.688353,-20.459024,-44.47035,-30.68664,-18.055502,-15.713192,-29.242994,-17.165585,4.3888993,-9.568661,5.2732177
b03oa,b03,-269.82602,178.95824,-49.71572,-9.018227,-43.61757,-12.162478,-25.173714,-41.25518,-17.744608,-3.6299899,8.758773,3.8181639,-20.432127
b04oa,b04,-296.96008,171.52013,-29.335913,9.604956,-79.2356,-21.743753,-22.272253,-19.277996,-9.2715845,-10.557895,3.4604063,-2.9433177,-5.85269
b05oa,b05,-324.9163,180.40521,6.7407637,-3.1721747,-78.39819,-20.86288,-18.288652,-22.17785,-8.084502,-16.396416,1.3580642,6.622226,-1.9030443
b07oa,b07,-322.35565,149.42616,-41.90241,0.54070354,-95.5097,-6.5947795,5.7959304,-41.54055,-16.173326,-18.50778,0.98310834,0.629991,3.8906326
b08oa,b08,-284.30554,160.02818,12.902629,20.896938,-95.60848,-24.992584,-31.965788,-6.250319,-6.769598,-22.864397,-4.709089,-21.143425,4.062069
b09oa,b09,-314.79526,168.67912,-15.962858,2.868317,-63.25109,2.1155372,-15.070569,-13.252774,-35.42794,-3.755014,6.4497113,-13.877889,11.036459
b10oa,b10,-307.90192,187.24985,-9.665638,-15.894437,-55.604885,-19.233143,-17.753662,-32.931644,-16.713438,-14.566868,13.570988,19.865978,-10.01966
b11oa,b11,-257.45337,169.9034,-38.66645,17.403769,-85.29218,-2.1921325,-21.12793,-17.471706,-13.483559,-37.9482,19.930044,-0.17209615,2.1759887
b12oa,b12,-270.7369,134.52986,-39.594486,0.8008517,-81.89956,-9.728168,-40.08048,-10.690307,-5.9890747,-24.854803,17.558558,-7.91319,-25.49357
b13oa,b13,-288.87064,161.93845,1.4143014,17.515348,-80.48482,-34.905273,-11.273749,-19.277819,-5.3138027,-17.632889,0.06981889,1.5144897,-9.296391
b14oa,b14,-294.77206,173.24217,-10.848533,0.20216751,-88.46035,-12.969175,-10.906739,-6.139422,-22.134424,-6.253302,-4.9384212,-11.39026,9.40848
b15oa,b15,-356.61627,168.9489,-2.769859,-19.866606,-70.39377,-39.712337,-4.4666095,-26.779245,-17.00471,-13.428212,-6.896126,3.3541858,2.6901138
b16oa,b16,-319.1788,181.28311,10.515273,-2.4080014,-74.162994,-20.437847,-12.980582,-18.659252,-16.819817,-22.45191,-7.4982853,-11.483276,15.141522
b17oa,b17,-282.84552,169.153,-50.944668,17.576595,-73.26379,-32.200886,8.692359,-27.221369,-18.44005,-18.275137,3.3769574,-3.6675696,-3.4679267
b18oa,b18,-242.73381,159.4466,-60.31352,4.500486,-75.53905,-13.300311,-16.44741,-33.604202,-5.2172694,-30.869297,14.775194,6.8121085,-13.4418125
b19oa,b19,-334.94,196.28975,11.79362,5.6948304,-64.99677,-25.382147,-19.896101,-22.07192,-8.839422,-42.752304,2.2721548,0.013086597,-11.72096
b21oa,b21,-334.6767,203.16016,-16.096642,11.052587,-68.75986,-52.995937,-16.588842,13.216576,-11.890582,-24.61339,3.2167306,-24.36133,-6.2380056
b22oa,b22,-263.58423,155.9075,-48.34367,4.6686783,-81.85189,-10.606222,-13.618875,-22.447664,-16.594944,-30.68712,9.6022415,-0.36026037,-15.24735
b23oa,b23,-322.0485,151.1096,6.3310604,7.0397563,-76.85849,-21.955605,-12.549722,-30.56433,-23.325525,-21.72569,-1.5823249,6.1174817,12.619327
b24oa,b24,-328.59488,186.33006,2.3653302,-5.711694,-68.10553,-33.118523,-22.438915,-23.206203,-0.24577576,-23.206905,-3.9838855,6.6574535,-10.879968
b25oa,b25,-316.74976,202.83356,6.351655,-4.2364936,-68.69644,-15.581431,-4.0831776,-18.386406,-10.571129,-18.308212,-1.9081502,10.104632,3.5403078
b26oa,b26,-323.7592,174.91162,-18.788582,-0.7976414,-70.27697,-3.4736905,-11.072484,-17.481565,-18.596102,-12.61793,17.813652,-13.845867,-5.331065
b27oa,b27,-315.90656,205.64691,-21.717567,5.206775,-69.68579,4.6424823,-11.092531,-25.123695,-8.9338665,-28.769854,14.081488,-4.3901157,-16.517471
b28oa,b28,-307.5143,193.37595,-16.497135,10.274408,-62.72685,-33.200043,-0.89914906,-14.003229,-12.367257,-27.855618,4.216979,11.401136,-3.8760352
b29oa,b29,-263.64178,170.33047,-28.891747,28.391554,-78.41083,1.3368931,-20.557405,-22.090765,1.3644017,-33.28962,11.730141,4.9017158,-14.198512
g01oa,g01,-265.14908,174.86005,-30.658085,8.128042,-64.00805,-11.57879,-12.938212,-31.992754,-23.449154,-19.184483,11.468669,-0.35969096,-14.741268
g02oa,g02,-315.4172,187.93526,-17.439947,3.1267934,-68.42702,-26.540604,-2.5807312,-27.529566,-8.809229,-11.805624,2.5363564,0.9997736,-2.4929059
g04oa,g04,-277.8107,132.46432,-40.997883,16.562351,-77.96097,12.114096,-22.668571,-25.378672,-14.244178,-14.939112,16.095959,-21.722466,-10.379592
g05oa,g05,-289.77747,182.5203,-28.161568,10.843572,-68.2378,8.224844,-17.127865,-22.679796,-8.695815,-6.107154,15.132003,-10.805452,-0.3347022
g06oa,g06,-292.4736,183.24628,13.783749,0.92965466,-66.850426,-21.395988,-26.070103,-7.898493,-29.072008,-22.685047,-0.5527351,-19.01194,2.1849492
g07oa,g07,-398.65778,202.17279,13.161349,-12.530103,-51.966328,-40.08811,-13.647516,-20.87449,-14.130334,-17.75909,-21.039333,-7.39005,-4.3398876
g08oa,g08,-317.09357,164.9407,-13.138141,-9.849156,-76.12194,-16.718575,-20.23632,-22.459776,-10.829664,-22.349276,-0.5536538,2.2611163,-10.283234
g09oa,g09,-329.77573,161.99333,-9.814675,-0.3956401,-73.39818,-14.101888,-21.488142,-26.139404,-22.727726,-40.188084,16.338682,-4.17151,-7.8739676
g10oa,g10,-295.72708,192.40466,-45.310207,1.0176789,-58.523163,1.5455123,-9.9902115,-21.513979,5.4554114,-13.535611,14.535515,-5.4072094,-22.71007
g11oa,g11,-319.1842,176.85832,28.614187,15.447252,-64.301094,-26.692871,-2.2747395,-24.172731,-25.380095,-15.681361,-23.934793,-18.860823,9.200144
g12oa,g12,-307.243,179.76588,-5.8812714,-7.796885,-75.244675,-18.494047,-9.493097,-34.016514,-18.836763,-15.849008,12.652079,4.1469693,2.3946664
g13oa,g13,-294.94977,151.65324,7.8720307,6.18257,-95.2178,-9.784905,-28.403969,-27.207804,-12.450059,-24.890587,-7.6772842,-15.981689,13.587082
g14oa,g14,-309.52063,152.4089,-1.5204177,30.617115,-108.89603,-27.052917,12.218675,-29.67434,-16.350863,-20.658562,-8.359947,-5.760709,-4.6404204
g15oa,g15,-253.19882,138.23807,-37.575626,28.703178,-94.103035,17.361422,-31.292168,-13.642783,-37.930954,-12.703989,3.4380128,-12.285646,10.011673
g17oa,g17,-285.59515,136.88177,-55.462704,8.320876,-72.82713,1.5783205,-25.813028,-31.804522,-0.47519904,-8.637091,7.689304,-26.65327,-16.843855
g18oa,g18,-319.3015,200.02423,1.1331269,10.737448,-61.37223,-30.280151,-13.333417,-25.57137,-29.659618,-7.9795966,-13.640707,3.7893245,1.5486321
g19oa,g19,-296.0666,183.14847,-29.775013,-11.1705,-59.394768,-17.914013,-3.0795102,-24.300684,-16.534199,-3.5150535,13.170289,-10.344908,-4.318449
g20oa,g20,-328.84476,192.46227,6.7501464,-20.5949,-62.880394,-10.831364,-7.8437147,-35.231243,-18.482695,-16.819445,-2.4637105,11.720638,8.07306
g21oa,g21,-284.2328,180.90591,11.178854,5.990491,-69.51738,6.068805,-18.530952,-36.999187,-19.917093,-22.303284,11.813229,-7.391144,1.5364165
m01oo,m01,-234.6973,165.95535,-12.745836,27.522474,-46.061317,-15.877485,-32.695602,25.334938,-36.502407,-39.436584,-7.9145594,-34.97051,8.411654
m02oo,m02,-273.67868,181.52979,3.3983688,36.82763,-34.165966,-2.0765803,-23.071379,28.923517,-18.505142,-18.902128,-20.395605,-23.488403,3.6688976
m03oo,m03,-265.60858,210.76701,-0.44367582,11.476121,-41.43565,-9.191762,-27.6293,16.848549,-17.005098,-48.208317,12.282563,-9.94116,2.9288907
m04oo,m04,-279.5507,194.58247,-5.803021,41.4125,-61.64414,-12.285487,-4.007869,0.5012834,-26.436594,-22.741163,4.272228,4.403646,9.1067095
m06oo,m06,-237.30807,177.61708,-36.43754,49.302483,-40.47701,-16.312235,-5.4170427,-5.883727,-21.144724,-34.467354,-12.972015,2.7686574,11.187525
m07oo,m07,-252.90797,195.27927,-0.96634483,34.844036,-31.172659,3.4793632,-17.96361,-3.3535283,-28.671661,-25.386942,4.941458,-1.6167641,13.380483
m08oo,m08,-231.6631,182.17365,-34.555786,37.251396,-38.391525,-21.203213,-5.7169,-3.4745347,-52.72617,-21.585197,-10.384522,-11.896112,20.66572
m09oo,m09,-322.14838,185.91586,-0.1586758,20.907255,-33.62986,8.199318,-32.815372,7.8992515,-47.151894,-35.16039,21.854504,-18.794962,4.166877
m10oo,m10,-222.96902,179.92213,-33.084095,32.71648,-26.622213,-32.966156,-12.245965,14.7765255,-53.566334,-9.327279,-27.544678,-12.305917,17.334524
m11oo,m11,-242.2761,204.65729,-35.69335,15.398439,-4.5668726,-11.093069,-22.461994,-7.260176,-46.19063,-12.199569,-9.948087,-14.880997,30.90704
m13oo,m13,-277.84555,207.96207,0.03470557,26.697855,-26.473404,-35.197,-1.4848071,11.550563,-38.218426,-25.46194,-2.3724606,-13.149343,16.039371
m14oo,m14,-342.69644,216.41396,-7.308633,32.77316,1.6631476,-2.034429,-13.008014,-12.993991,-38.46179,-21.597607,7.2073183,2.0141573,14.5336275
m16oo,m16,-255.15427,209.54355,-35.93136,29.29331,-6.7157044,-31.829077,0.9001312,6.652765,-47.421104,-21.11687,-2.276233,-9.604309,18.190454
m17oo,m17,-256.30087,170.16402,24.593964,27.310335,-40.36252,-0.5487853,-51.381943,-2.2605164,3.3651946,-37.65711,-13.6935,-16.293623,10.660923
m18oo,m18,-301.62274,188.41876,18.058718,11.591881,-28.552061,-25.483343,-17.782274,9.632428,-63.868607,-23.370672,-4.0746484,-13.76202,19.906233
m19oo,m19,-282.64178,181.16528,0.72995824,13.173099,-44.498146,-3.3473358,-25.189161,-4.076589,-39.503635,-38.331703,8.404163,-14.332872,17.263197
m20oo,m20,-273.0335,183.16263,-6.9114156,16.293552,-28.76788,5.68272,-38.461143,-1.9919229,-33.178368,-31.904276,13.873246,-20.81858,19.200771
m21oo,m21,-313.86206,190.80157,-10.041195,24.039204,-20.221931,-11.54467,-19.258028,0.7356865,-31.437387,-25.462872,-11.076741,-15.041777,30.44227
m22oo,m22,-321.00613,225.31189,-5.247753,7.909605,-21.396215,-15.766511,-8.463851,-18.633745,-31.107393,-37.062862,-6.8150506,6.0847187,-2.6769886
m23oo,m23,-262.6976,187.17029,-4.509423,5.9257913,-52.880672,-25.650503,-17.960752,-2.1050873,-36.30409,-19.70354,-9.26278,-8.448674,20.136791
m24oo,m24,-268.99124,181.16808,-21.325472,14.74478,-24.577667,-8.573206,-35.96957,-14.230196,-35.793537,-21.256409,4.5599837,-8.12032,11.885432
m25oo,m25,-251.09903,189.84811,-12.9176035,16.566666,-26.014425,6.7301517,-30.240404,-4.0076,-23.48841,-22.403767,4.937048,3.7984853,25.598198
m26oo,m26,-268.0726,214.62059,-35.70931,-1.480674,-7.363967,-42.755013,-13.000918,-1.4999006,-45.716953,-20.089758,-2.4718063,-4.068956,5.5494905
m27oo,m27,-293.86972,197.74142,1.094609,29.621464,-39.344215,8.083368,-31.794,14.939943,-17.104855,-18.697613,8.926939,-1.2269086,12.492369
m28oo,m28,-301.4938,201.54077,10.100429,6.178136,-22.800455,-30.301886,-4.784536,5.3253984,-22.225122,-28.419168,-12.2539425,-6.2204885,-4.6067567
m29oo,m29,-226.32016,206.0397,-32.800438,14.933118,-9.928168,-15.896921,-12.956034,-17.175169,-32.412296,-22.496794,1.8440888,0.507393,6.7687936
m30oo,m30,-273.4608,172.81241,5.3007116,45.809353,-23.859262,-5.4635305,-12.982124,18.873865,-36.083553,-15.733052,-12.134722,-20.601889,18.008448
m31oo,m31,-281.55072,200.61555,10.288767,7.2032404,-22.287212,-11.352816,-12.829601,-10.835986,-21.239662,-35.68855,-3.8159301,1.1496148,3.1505265
m32oo,m32,-276.30353,193.38333,7.8332872,0.7199198,-33.19314,-10.479532,-24.065464,8.555124,-20.380177,-26.87913,-9.276178,3.709393,17.085163
m33oo,m33,-264.29672,197.19621,-28.809587,14.3545,-22.847342,-25.482038,-6.254566,1.1960397,-43.695423,-19.651588,-21.471056,-2.2688036,13.164646
m34oo,m34,-252.3475,203.80981,-6.446021,19.0487,-33.708015,-2.2598476,-28.674908,25.556479,-25.71648,-46.87583,13.181337,-10.978572,3.0008576
m35oo,m35,-191.74573,152.95079,-45.72756,35.42904,-19.915388,-0.31333184,-42.76613,9.033679,-56.715603,-20.702366,18.12043,-14.490742,14.357681
m36oo,m36,-242.82509,176.30177,-19.651943,14.092659,-39.2988,-12.636366,-27.741917,13.0581665,-39.681488,-26.328585,-1.9939706,-13.406146,26.095747
m37oo,m37,-251.3848,179.50545,-12.982595,23.558805,-14.249898,-2.6255708,-31.595871,3.3354976,-35.479073,-8.160697,8.168425,-9.759664,24.308113
m38oo,m38,-322.1085,193.16284,3.2877917,16.398605,-14.305655,4.715087,-22.541899,-4.986722,-19.624516,-40.78289,-6.311335,5.66752,10.833435
m39oo,m39,-267.07697,200.84734,-23.960356,29.90325,-28.486935,-33.53133,-6.005802,-9.35301,-41.158028,-30.128681,-11.38524,-3.2063053,22.339716
m40oo,m40,-280.0616,166.29037,12.517597,23.415192,-34.991673,19.928942,-32.51724,-7.3861866,-30.2857,-32.00195,6.9020467,-0.33689258,1.0253096
m41oo,m41,-284.1525,204.48613,-43.21511,34.802574,-29.618708,-26.924694,-1.9056469,-10.1287365,-23.154148,-28.594076,-11.766476,1.0711211,8.015917
m42oo,m42,-268.93658,185.64047,-2.0320344,12.442211,-38.971638,-7.8744817,-17.807129,-25.704899,-30.94645,-13.834198,-2.4353452,7.7428064,34.434444
m44oo,m44,-366.941,209.11299,33.092506,17.36466,-18.288048,-15.655177,-4.6633143,20.283321,-24.17507,-20.609915,-1.9233298,-18.473436,11.903759
m45oo,m45,-281.35565,189.38882,-2.181484,17.68096,-42.732883,-25.012568,-16.523045,-4.153052,-38.96911,-34.9724,-9.110254,1.3372419,13.075286
m47oo,m47,-246.24472,173.6614,-36.400993,22.601055,-40.668877,-7.911678,-39.174255,12.724455,-44.0975,-48.17965,6.946016,-25.954798,30.831432
m48oo,m48,-229.86317,161.83464,7.863781,21.837057,-44.157696,23.424166,-36.281284,-10.074831,-11.079444,-49.44853,3.2119997,-4.6451206,0.33850384
m49oo,m49,-309.89285,193.07314,-6.0088005,28.556824,-38.869244,-30.361397,-14.960395,6.3627944,-43.34082,-35.044567,-9.307548,-36.698536,9.618568
m50oo,m50,-246.53438,181.57439,-5.5624967,32.009453,-38.890755,-4.0330873,-33.88043,-9.193552,-29.664062,-24.717123,7.7735934,-9.924352,28.793875
w01oo,w01,-339.93024,180.49141,-14.866429,25.112988,-49.354206,-0.60717076,-13.507696,-42.994247,-28.840887,-27.977865,15.02614,-0.9996148,-22.77588
w02oo,w02,-287.59158,174.98683,-38.895206,26.066372,-61.222237,-12.140585,-12.663952,-46.302383,-24.494007,-26.40149,5.7497797,6.685975,-22.985966
w03oo,w03,-271.88776,178.64021,-44.718285,18.777016,-54.384052,-35.46215,2.7806573,-19.624998,-36.40527,-24.806017,-6.374133,-10.5144615,1.7391123
w04oo,w04,-265.9045,169.07625,-19.443905,19.706217,-56.614685,3.2533977,-21.188864,-35.403477,-13.370931,-16.973234,11.502295,-10.717962,-18.055027
w05oo,w05,-284.50266,179.72224,-16.952505,-10.695455,-41.86716,10.751049,-40.892876,2.0801554,-19.56565,-42.07408,14.794656,-0.40213048,-8.435397
w06oo,w06,-301.0724,171.518,-26.706486,24.116215,-66.54569,-19.557598,-10.559754,-8.445558,-36.849754,-14.298256,-19.768627,2.898208,1.9270198
w07oo,w07,-264.5622,191.59868,-35.232475,11.427022,-62.20968,-17.49784,-4.70273,-38.906487,-14.298967,-18.29166,5.379687,14.881697,-11.609516
w08oo,w08,-240.8075,146.76152,-58.662636,28.068497,-39.207924,-9.334125,-25.979618,-41.54191,-15.539424,-9.378504,10.858632,-15.357717,-17.28869
w09oo,w09,-356.96555,192.93752,8.7163725,1.6377157,-40.05823,-1.4313476,-6.377257,-25.842623,-22.010141,-29.66253,9.524196,13.11351,-0.527258
w10oo,w10,-272.71365,166.5478,-19.331999,15.201325,-44.889534,-0.26912314,-13.988353,-15.709814,-25.761707,-26.794594,4.9885635,9.601578,3.96165
w11oo,w11,-237.1856,169.1329,-51.74696,22.021364,-29.657518,-14.013601,-55.888905,-20.852129,-37.47947,-2.2509239,10.098981,-30.219488,-3.8568015
w12oo,w12,-299.1822,170.92502,-19.338762,27.999182,-56.310707,7.9677286,-24.044802,-26.110107,-27.365215,-18.416454,12.344564,-5.547868,-15.960261
w13oo,w13,-274.42325,180.08409,-21.298374,13.205865,-39.428062,-1.1209176,-18.347086,-7.780281,-20.277124,-0.49843428,-4.480975,25.789415,-0.8823128
w14oo,w14,-292.7108,170.74136,-16.560446,29.026964,-66.00179,-15.00648,-16.174818,-26.097853,-24.134245,-29.178558,7.189552,1.9326414,-14.875108
w15oo,w15,-334.5771,194.84306,-0.9814348,15.277701,-35.525208,-8.140473,0.43360233,-19.883299,-18.213404,-30.74105,-3.7920942,17.368137,-3.2870984
w16oo,w16,-312.3458,166.2441,-24.08698,15.981218,-67.74822,6.095636,-16.549494,-16.154623,-15.815187,-39.022285,12.220836,-8.655703,-7.8795953
w17oo,w17,-301.5047,184.39499,-7.9354663,9.109863,-37.998314,-19.482174,-10.539838,-18.920008,-37.438965,-22.187916,-7.706678,-1.0284475,-3.0139515
w19oo,w19,-308.5623,165.42545,-14.5870905,2.9704895,-44.833458,-16.486715,-27.35703,-38.09598,-25.916761,-22.015337,11.999933,-10.392384,-12.405666
w20oo,w20,-335.24213,183.1869,6.100195,5.3633285,-58.760406,-17.744503,-10.276428,-27.796528,-29.649143,-17.205725,-8.478666,2.3094807,-9.538397
w21oo,w21,-301.74615,167.75075,-9.883312,22.003069,-42.12285,-9.6936865,-8.167491,-9.531005,-25.19571,-19.282536,-2.3510773,8.487068,-3.9432883
w22oo,w22,-334.04297,168.48508,-2.0108085,36.479347,-67.14716,-11.31764,-1.9470339,-22.850523,-21.96783,-27.719898,-4.3335676,-7.2251186,-3.005058
w23oo,w23,-249.51624,195.2452,-40.93971,10.909206,-44.69646,-6.0110335,-18.306995,-20.84841,-6.173788,-9.468526,8.271983,21.593643,-15.374123
w24oo,w24,-303.32727,154.88113,-3.3249261,-1.1308666,-65.31938,-2.5871117,-15.279109,-26.753902,-31.672834,-7.38513,1.13191,-2.0842326,-1.2312093
w25oo,w25,-319.35867,195.79027,1.9344852,9.808228,-65.100685,-5.6543884,-3.4475374,-28.890089,-18.858139,-14.656161,0.6994954,2.8799555,2.2479522
w26oo,w26,-237.75499,165.2625,-37.453346,35.98807,-59.05788,-30.919268,4.013429,-24.679573,-30.344023,-20.570648,-14.1806755,10.950283,4.5526185
w27oo,w27,-312.55872,178.17639,-26.015984,5.7724833,-40.52565,-26.13066,-13.625804,-26.054129,-13.791036,-8.3796625,5.549,-3.2943752,-17.82608
w28oo,w28,-249.04768,163.62553,-37.43326,31.512823,-57.849243,-1.1993284,-12.944775,-54.1666,-10.177653,-0.20240061,14.698185,8.739447,-12.876613
w29oo,w29,-313.43903,155.79903,2.4932914,3.250393,-61.83621,-14.875651,-23.874311,-0.11971323,-26.502316,-19.63474,10.564078,-4.875801,5.057311
w30oo,w30,-255.89212,157.06705,-16.990911,10.713778,-49.172306,9.602298,-29.71581,-7.9750495,-30.939247,-8.709469,11.897577,-4.898201,0.5417727
w31oo,w31,-338.28223,173.41562,1.9878063,10.462471,-49.30887,-11.159279,-21.699106,-18.445896,-29.287271,-38.536354,-2.6791682,-2.9376144,-8.098477
w32oo,w32,-257.63925,165.83904,-0.6244084,3.1378105,-49.18768,-10.177255,-34.807304,-0.068402834,-44.546284,-21.07167,1.5697117,-5.18035,3.3031611
w33oo,w33,-269.52823,170.00941,-27.043861,7.011721,-71.17402,12.364184,-19.68136,-32.7013,-23.674042,1.1448866,3.4026105,-4.130638,-7.8234916
w34oo,w34,-255.44101,164.125,-38.106426,18.793911,-51.843327,-0.16706835,-21.522839,-19.782576,-20.904264,-20.475626,17.521523,-11.925794,-19.854486
w35oo,w35,-257.92932,163.20113,-26.449423,14.67964,-37.41733,-20.99719,-19.615171,-18.806742,-29.394339,-4.3466573,2.082919,-1.1212372,-12.760874
w36oo,w36,-282.15475,171.8617,-42.02044,38.06306,-45.886044,-4.492295,-11.538712,-33.142826,-18.023436,-23.733654,-1.6500137,-16.067553,-17.995432
w37oo,w37,-310.31232,164.41263,14.683156,21.515955,-57.17096,2.0359218,-13.71889,-19.54831,-37.878452,-10.867534,-10.904056,2.7729456,-5.89767
w38oo,w38,-294.36798,156.25761,-12.675127,7.7418504,-73.07635,-8.866762,-17.533577,-26.696976,-25.062216,-24.888134,15.47707,-9.597031,-3.873852
w39oo,w39,-311.9403,188.99078,19.723185,-0.30191338,-52.95994,-16.463696,-21.279507,5.3529625,-33.964046,-43.267036,-14.59865,-13.64653,1.5486016
w40oo,w40,-299.58237,185.59789,3.5627987,15.217526,-72.293274,-32.492035,-13.248644,-9.299146,-24.29459,-13.7628565,-17.748095,-13.198108,2.104288
w41oo,w41,-363.72952,192.71397,21.970802,4.918203,-45.87552,-16.571936,0.56172097,-20.010317,-30.643051,-27.971838,-23.224756,-0.94502944,-4.5961213
w42oo,w42,-303.97498,169.6872,-34.049618,31.818428,-10.114796,-22.824043,-9.245705,-37.7548,-40.155373,4.312305,5.1691113,-4.995489,-5.772665
w44oo,w44,-283.8327,176.95529,-12.821736,12.649781,-37.583427,-12.77895,-41.531082,-3.787852,-25.758518,-26.16408,9.993738,-7.800309,5.4660687
w45oo,w45,-308.94562,179.6693,-0.8519994,8.622394,-48.836506,-14.271112,-9.377421,-4.6037245,-36.656406,-11.710809,-14.104181,6.5562234,-1.6699407
w46oo,w46,-282.02615,183.0976,4.137837,14.06906,-53.526405,8.908681,-22.342905,-42.89544,-20.523727,-25.921085,14.490394,-2.443621,-14.962989
w47oo,w47,-332.36868,186.7446,-4.916735,4.3262796,-55.402798,-15.845153,-5.757758,-23.339506,-16.56529,-28.3979,-2.0766056,9.506971,-9.075091
w48oo,w48,-314.19302,163.19989,-9.487567,19.623627,-58.954014,-30.317892,2.2258406,-13.56539,-30.187145,-17.370731,-8.6479,7.9962125,3.9172225
w49oo,w49,-300.3301,164.80171,-3.9302862,13.133647,-66.23699,-21.55577,6.732146,-36.765663,-25.228394,-23.077662,-10.319413,2.5844986,0.32040322
w50oo,w50,-256.62695,168.14792,-25.890255,20.041073,-58.24013,-2.9413743,-18.353777,-0.7181668,-26.967066,-27.477695,10.933045,-0.31206846,-18.618633
b01oo,b01,-246.859,164.57509,-23.777126,14.790667,-34.087738,-1.9794657,-26.031649,-18.444345,-8.634893,-1.8294696,10.394174,-7.304352,-5.286967
b02oo,b02,-316.7166,150.40044,-19.644512,7.0252247,-61.565117,-28.728054,-26.754335,-45.135727,-22.861807,-16.756971,16.227896,5.0410147,-6.4497814
b03oo,b03,-238.55867,163.50575,-60.54412,37.065548,-23.033926,-26.26047,-40.011963,-41.865643,-7.3677607,3.1575632,-5.8258877,-1.3472902,-0.001752509
b04oo,b04,-292.30746,154.31792,-30.35734,28.727571,-57.59844,-18.31811,-47.978634,-39.04174,-4.0280643,-8.883249,0.7519214,-27.76703,5.9298263
b05oo,b05,-287.91315,158.66513,4.1192207,13.33756,-51.070698,6.525537,-42.125607,-34.042957,-22.033178,-9.800523,9.111359,-3.130192,-15.714734
b07oo,b07,-271.9621,111.31969,-77.8878,17.320389,-75.602325,-7.2246523,-28.854465,-52.69098,-10.3063,-3.4046187,24.693165,-0.3818793,-23.425995
b08oo,b08,-295.74637,180.011,10.159346,36.074043,-58.34201,11.050742,-20.659311,-11.135539,-4.1335454,-39.287533,21.430716,10.035904,-2.2678876
b09oo,b09,-251.72913,137.41055,-16.605703,24.350386,-86.43317,27.266333,-32.776096,-14.839804,-30.190426,1.6083326,10.506456,-14.022722,14.299401
b10oo,b10,-266.09238,174.40817,-39.505943,9.9269705,-34.4002,-17.73528,-32.386787,-49.510414,-18.85474,-10.437645,6.7862225,2.2398372,-20.23482
b11oo,b11,-232.63791,148.43675,-58.318916,32.264423,-62.815308,-1.99516,-33.575596,-46.506184,-10.857556,-12.470609,15.421515,-16.018085,-17.781094
b12oo,b12,-278.06458,141.04323,-33.883713,8.532962,-58.90917,-9.109376,-56.823734,-25.650251,-10.317666,-17.051033,15.341294,-30.79349,-8.736474
b13oo,b13,-308.30188,172.90796,-44.883892,43.728027,-37.616558,-21.267796,-29.582512,-34.39701,-9.76746,-14.213661,24.087286,-8.701195,-15.222569
b14oo,b14,-318.013,171.5462,-6.93451,24.147123,-54.953747,0.3273529,-15.996061,-31.701122,-27.653397,-13.506053,-1.3576386,3.5061994,-2.9326189
b15oo,b15,-354.89767,138.79654,-5.0765758,21.367668,-67.362625,-19.376738,-20.016222,-58.168674,-20.774714,-7.690839,15.309509,4.2190523,-8.50375
b16oo,b16,-266.85272,165.73103,-19.309797,15.181602,-69.07959,-0.7208478,-28.870829,-30.929056,-16.219755,-21.451735,23.686262,-9.397491,-6.4080353
b17oo,b17,-363.57526,164.97513,-24.995657,14.918275,-48.809696,-18.685307,-7.2594886,-38.268257,-27.833403,-24.61784,4.879887,-4.331065,-10.217949
b18oo,b18,-257.96268,170.1677,-21.383408,21.528362,-37.967842,-14.732661,-35.047832,-30.858091,-18.429806,-7.28827,16.526999,-13.547821,-6.4756584
b19oo,b19,-290.72565,166.60797,-24.24102,27.929882,-53.099804,-13.280695,-41.46804,-26.847845,-6.7674494,-10.283957,13.895007,-25.934296,-15.868344
b21oo,b21,-254.51239,162.7341,-47.235764,52.725193,-48.163918,-11.013357,-26.75596,-50.28269,-19.529198,-12.259096,20.031158,-18.14433,-14.214779
b22oo,b22,-273.2334,165.2977,-32.23861,46.902313,-28.261528,0.11800909,-37.975517,-36.034412,5.6274843,-0.96148324,11.035158,-3.6250334,-11.194378
b23oo,b23,-336.62604,153.292,-22.300032,23.24993,-47.069103,-15.506696,-27.318903,-40.79791,-4.6763606,-7.820798,3.7370014,-7.5188165,-5.2446337
b24oo,b24,-276.69458,172.80424,-17.246817,30.795233,-55.363598,8.415152,-22.293972,-39.894722,-20.781666,-35.87373,-1.6095457,13.092537,-13.806244
b25oo,b25,-300.76114,168.35371,-15.96009,16.387672,-60.069397,-11.689627,-16.861738,-44.796303,-22.298815,-24.530098,6.9269447,8.090048,-9.830362
b26oo,b26,-317.82724,177.56732,-5.9625607,22.794638,-67.687706,12.383818,-20.26708,-41.66837,-19.276014,-17.490917,4.7754664,-1.8156229,3.9629564
b27oo,b27,-289.06912,187.45586,-19.793032,-2.0971067,-44.700825,-4.7660527,-25.470762,-41.725506,-17.647518,-9.92596,18.759274,-1.5494151,-15.706037
b28oo,b28,-298.79694,158.7771,-4.3159256,18.87067,-41.433563,-1.4841335,-16.270533,-26.99784,-22.701841,-36.83979,-0.42646188,4.1779585,-12.839565
b29oo,b29,-266.57794,141.90588,-36.402218,28.243374,-61.98623,11.176764,-49.867466,-34.751335,-0.975261,-10.151025,25.635872,-24.115442,-13.102669
g01oo,g01,-258.2481,147.34941,-19.250978,35.034767,-42.899864,-15.921342,-27.014956,-35.288254,-36.60463,0.82855946,-2.9060447,-9.88661,-8.928191
g02oo,g02,-273.91623,178.21907,-22.914524,17.582476,-39.195465,-0.8680944,-14.9904,-39.43162,-11.824495,3.289128,13.361878,-1.6944877,-7.498011
g04oo,g04,-246.17424,132.5374,-40.895718,32.136497,-61.637966,2.0122185,-46.223186,-32.900578,-9.797772,-6.2358937,7.288487,-23.663116,-2.6634538
g05oo,g05,-345.1436,177.7315,-25.124489,19.666225,-43.882385,6.956441,-22.353743,-36.627773,-20.432594,-16.629942,3.0878332,-14.355406,-13.384676
g06oo,g06,-306.33392,152.15244,-31.753048,-0.52568865,-54.217995,-1.7124484,-25.039,-22.079659,-38.324226,-17.58868,12.365548,-11.347334,-4.1247745
g07oo,g07,-287.8105,168.81323,-28.291834,20.156712,-18.611292,-22.150768,-34.844,-56.741436,-12.642028,-2.287422,-11.354873,-7.13509,-9.4946165
g08oo,g08,-259.16757,154.53789,-46.216534,17.60404,-58.850048,-11.504691,-34.20411,-29.51153,-11.514279,-10.520099,4.1159544,-13.987715,-21.378136
g09oo,g09,-263.20145,135.23888,-21.49599,24.662931,-59.552544,10.9231205,-55.250893,-21.380808,1.557685,-5.317728,28.927658,-28.147457,9.7437935
g10oo,g10,-315.94458,178.22084,-22.25672,6.0154495,-49.414803,-16.43447,-27.10698,-44.408478,-7.166186,-12.753873,4.9621506,-6.579541,-18.276646
g11oo,g11,-262.84064,154.21751,-23.383106,20.591295,-65.05808,-4.107132,-39.49401,-38.297577,-21.764107,-7.0758224,24.22062,-21.693775,1.2269701
g12oo,g12,-253.07492,109.82228,-44.480408,40.727165,-57.607315,0.6533441,-62.144047,-27.781023,5.885215,-13.068126,9.814451,-25.286522,10.098484
g13oo,g13,-280.59903,144.61078,-14.099362,17.667841,-53.093716,-2.778269,-38.086876,-33.01561,-7.2142367,-7.371755,16.284025,-11.145042,2.1314178
g14oo,g14,-314.37054,148.02794,4.728738,41.396023,-43.058643,-10.226174,-22.103973,-46.6751,-24.1521,-23.671629,0.72326064,-5.261824,-16.243774
g15oo,g15,-265.00632,142.64542,-46.077568,34.053,-58.689423,8.128734,-44.255585,-38.60222,-20.026423,10.282213,10.042826,-15.088776,2.2697914
g17oo,g17,-233.43869,128.9487,-35.791866,35.069977,-58.202026,-10.010123,-49.182995,-32.98024,2.9709074,-4.716378,2.3978734,-24.657867,6.699727
g18oo,g18,-298.1929,179.2845,-23.37028,17.470634,-45.2656,2.79036,-37.706177,-61.07682,-5.8278275,-1.990966,-9.407221,-20.05417,0.44394797
g19oo,g19,-269.27322,170.89662,-27.35523,10.532443,-55.689953,5.367708,-28.63491,-37.360043,-0.99667424,-0.5614492,10.901248,-18.471445,-3.1904488
g20oo,g20,-290.86014,168.80455,-19.997284,18.28664,-64.46544,8.392544,-32.521606,-47.074017,-10.0829,-16.318172,1.182415,-16.32811,-2.2322934
g21oo,g21,-280.98874,185.65515,-23.366003,14.878563,-62.721527,13.502543,-50.180737,-49.94431,-9.957223,-7.2680955,14.872902,-25.430456,1.3483256
m01uh,m01,-209.31474,179.91861,-67.583694,17.762272,-48.226723,-20.325272,-23.714409,15.996257,-34.668736,-10.796087,16.789715,-15.805923,9.067527
m02uh,m02,-259.8372,187.19606,-44.527966,36.1133,-68.88453,-29.543707,4.0669885,10.800151,-18.512373,4.925499,-1.9136802,2.916137,4.446138
m03uh,m03,-256.96503,206.81612,-30.91872,8.111072,-80.094666,-1.9598274,-26.344158,11.981607,-3.4097137,-31.726557,19.060263,-5.845723,8.448866
m04uh,m04,-275.79044,185.3231,-20.357822,22.35708,-75.62694,-5.365432,-2.0824852,4.03893,-17.397434,-10.52024,11.849882,-4.922066,0.6166766
m06uh,m06,-210.94672,170.05673,-58.38499,26.937546,-65.976295,-21.639933,-9.038073,-5.5726647,-10.54376,-15.646592,10.757061,5.991037,8.666818
m07uh,m07,-209.68376,176.54,-21.19671,21.243193,-66.12377,0.7083991,-16.286743,0.3819076,-7.6913323,-2.3865514,3.230736,11.468818,2.9825766
m08uh,m08,-260.91052,184.9559,-57.00981,24.84431,-58.962013,-16.88086,0.20106673,-10.623514,-24.734936,-12.26583,3.1315086,2.6730819,-1.3847146
m09uh,m09,-252.45216,190.0721,-34.846294,7.0534663,-52.43983,1.1480001,-40.097855,1.6176153,-31.962076,-16.308952,37.10814,-22.09582,5.482344
m10uh,m10,-237.50099,198.90784,-66.19919,27.860209,-46.40951,-30.386343,-0.87388706,-2.1284237,-30.300802,-0.18734276,-0.6288869,5.295235,1.9057721
m11uh,m11,-241.27664,200.89316,-47.178444,9.046796,-45.140865,-8.69783,-25.779049,-0.3287714,-25.248804,-16.32616,12.685496,1.9031632,19.508934
m13uh,m13,-273.89996,218.30334,-40.685894,6.4769225,-35.95778,-29.905329,7.651219,9.785156,-27.741755,-9.61649,11.415825,-1.7396129,1.4557108
m14uh,m14,-266.78015,194.4104,-27.044317,16.592566,-57.513317,-13.263426,-17.868504,16.827095,-13.341951,-22.839134,25.463186,-9.221785,13.800133
m16uh,m16,-266.26535,208.4316,-55.833576,13.674459,-30.964245,-40.86974,-0.20461884,2.7729607,-38.353264,-14.111198,5.223502,-3.194018,17.519379
m17uh,m17,-228.76949,192.5293,-37.49631,-1.0503956,-67.44048,29.7577,-47.086166,-1.9682465,4.3743863,-29.837984,15.0561285,-3.8688288,4.5152307
m18uh,m18,-255.40335,183.27354,-7.1279597,4.9296446,-54.850838,-13.69232,-20.428434,2.0156114,-34.978535,1.5402919,7.055485,-1.4482918,21.839382
m19uh,m19,-233.76933,179.47057,-28.912552,6.271892,-54.95352,7.521666,-34.9546,5.419514,-26.354654,-9.591329,30.466034,-9.484917,7.601201
m20uh,m20,-248.43489,206.59505,-45.735344,-0.81734264,-44.803375,-10.511962,-32.06861,11.100209,-19.065863,-16.79937,27.409945,-10.637183,13.753363
m21uh,m21,-228.87936,180.20763,-56.98662,18.296947,-39.529808,-27.836288,-24.038502,-12.272607,-33.77643,-9.536514,16.50806,-3.670176,26.395294
m22uh,m22,-279.29913,216.18277,-33.570904,2.0160894,-45.929222,-19.64589,-11.897178,2.9450026,-18.41676,-17.713125,12.1118355,9.655361,-3.6042988
m23uh,m23,-254.7864,200.7832,-31.150335,12.736493,-75.4713,-19.15897,-12.20192,0.7242808,-24.792322,-10.341408,-3.4995563,1.2065405,4.8585863
m24uh,m24,-260.31778,195.06375,-34.690144,-4.0747514,-48.554512,-15.806047,-25.4139,-5.069579,-30.1631,-9.794515,16.923183,-0.8143856,9.732964
m25uh,m25,-261.91296,206.23836,-25.571844,-7.437087,-49.169525,6.4937196,-30.048574,-8.556735,-15.613153,-18.653095,10.472807,-1.8560485,21.656391
m26uh,m26,-266.51663,218.34433,-47.063816,-9.353491,-19.27604,-42.876637,-23.794456,-1.9948103,-34.59835,-6.8086658,13.155255,6.5706453,8.604794
m27uh,m27,-277.80475,178.41837,-34.12461,18.997393,-69.58594,4.920116,-27.060602,13.650281,-6.904628,-12.5416355,24.58273,-6.4549103,4.0428133
m28uh,m28,-263.21112,208.11421,-42.175278,4.358694,-56.01916,-20.437313,2.5200086,-2.3451254,-21.877037,-3.956711,20.40243,3.3496008,-7.697834
m29uh,m29,-261.7834,201.13826,-31.272089,-2.7361088,-38.912193,-0.41581687,-18.896235,-0.9546534,-10.841316,-26.447168,20.50949,3.7100403,8.385782
m30uh,m30,-206.73882,192.99382,-53.23512,39.472565,-46.842777,-29.070631,3.999124,-8.356672,-25.642149,-8.924893,-8.64665,15.321253,11.818176
m31uh,m31,-273.60242,204.49838,-40.904026,13.138363,-42.4408,1.1061319,-18.293264,-8.239644,-5.013375,-22.435421,23.567488,1.3865012,-0.5625223
m32uh,m32,-254.63431,185.86974,-25.921978,-8.621693,-63.138966,-3.195236,-31.309622,6.2900863,-11.21113,-27.498852,25.98228,6.705953,10.213014
m33uh,m33,-232.0196,193.5785,-40.27115,1.1310247,-37.804867,-30.218225,-11.47792,-2.2966695,-36.725655,-7.4532743,-2.3725624,7.1176076,13.816133
m34uh,m34,-242.73431,190.88542,0.5562766,7.2319865,-70.55386,1.2921065,-14.307453,-7.161508,-14.337906,-19.933214,13.79778,9.410057,8.053815
m35uh,m35,-193.01288,165.90393,-63.41784,25.834719,-36.45748,-12.399145,-35.763123,2.954927,-54.246384,-9.93396,25.228128,-12.429781,25.946087
m36uh,m36,-260.39755,203.85411,-59.727097,7.605785,-29.015495,-20.922844,-24.050814,8.026088,-39.485092,-7.672388,24.195505,-14.805705,12.258977
m37uh,m37,-255.96419,200.27446,-39.493767,2.24249,-45.57451,-22.642408,-24.623476,-3.9992905,-24.139956,-17.021599,6.9273343,-14.722859,20.682714
m38uh,m38,-295.63913,205.57654,-55.912853,-4.3226104,-53.079025,-24.947958,-26.17102,-3.336774,-25.82923,-22.719904,7.057074,0.5625468,25.069956
m39uh,m39,-285.66238,200.09215,-35.795425,15.508739,-49.191742,-22.952383,-17.481363,-9.379259,-23.948807,-16.14667,20.779945,-0.30378127,4.124669
m40uh,m40,-227.17212,165.92201,-23.581814,17.168112,-60.47507,19.12982,-40.85907,-8.425565,-21.022661,-19.970306,29.412685,7.5936637,-0.966671
m41uh,m41,-252.00832,203.1949,-79.13195,30.010529,-63.983875,-25.532076,-0.67698795,-18.419,-11.770335,-20.472704,8.178367,6.1868033,-3.646471
m42uh,m42,-245.16318,182.97574,-41.884262,5.292878,-35.137516,-1.7778962,-22.507713,-2.1429677,-13.333526,-11.482026,23.207127,11.120691,19.804306
m44uh,m44,-264.00415,205.94876,-63.40517,10.004369,-37.408543,-28.300802,-6.306934,15.6710825,-26.945623,-9.189783,23.1557,-1.8178278,12.208541
m45uh,m45,-273.8967,199.28189,-32.32059,4.269319,-65.67241,-34.169994,-8.952682,9.353955,-30.827932,-16.478422,11.4211445,-4.9708953,4.157119
m47uh,m47,-237.99913,165.01941,-29.390581,7.967338,-66.155815,-31.939737,-25.738636,3.2440202,-33.14409,-29.080978,3.0476038,-12.064521,23.936312
m48uh,m48,-235.01595,195.67392,-13.717142,2.4745045,-60.794197,-11.080035,-23.560955,-19.085653,-13.725721,-22.551687,15.882997,10.891794,6.400225
m49uh,m49,-243.95627,191.92932,-42.29467,6.3905554,-53.032295,-18.80217,-10.986694,-4.622037,-30.692749,-11.721298,19.7872,-14.049939,7.505246
m50uh,m50,-260.47076,216.9186,-52.054962,4.96724,-31.668259,-32.55869,-38.34933,-10.667335,-28.334494,-6.5492845,14.11925,15.870895,23.141188
w01uh,w01,-264.14398,185.51408,-62.48051,2.2721324,-58.550686,-13.869604,-5.226313,-17.333515,-9.912864,7.7654505,-1.7312839,-20.39144,-21.222187
w02uh,w02,-306.4216,185.12518,-78.007675,9.378644,-54.869396,1.6474694,-17.432837,-17.50633,-3.947662,-17.469286,3.8848803,-26.434893,-17.302544
w03uh,w03,-242.30945,180.93431,-73.0227,0.028370222,-61.121433,-12.099395,0.95177966,-13.545391,-15.14373,-4.6649327,3.9823368,-12.575862,-20.602537
w04uh,w04,-238.8001,163.09105,-72.210594,10.709134,-67.15516,1.6635773,-37.087307,-28.101915,4.38587,-5.078071,17.675793,-28.979528,-15.715182
w05uh,w05,-275.2706,189.41855,-27.36059,-22.718437,-55.74239,17.86802,-48.40799,9.26503,-14.134084,-27.940042,20.375484,-9.382696,-21.754215
w06uh,w06,-246.19495,151.92923,-72.88542,-4.6489425,-59.705242,-5.2250776,-29.032993,2.0900018,-20.892042,-0.35245883,3.1896086,-16.64381,-2.871966
w07uh,w07,-278.41678,207.86684,-61.267124,-8.118724,-66.10346,-2.4563634,-8.824076,-10.809199,-2.4529955,-16.029903,8.783975,-16.615236,-15.536782
w08uh,w08,-275.38947,179.28084,-67.990715,3.0210786,-49.991768,0.37359232,-8.99097,-27.315739,-5.1521554,9.583845,-5.0472455,-23.748117,-5.828124
w09uh,w09,-254.40355,175.30257,-54.49534,-23.532288,-58.34714,-6.9687934,-6.1521573,-5.7561884,-24.588114,0.879929,12.419901,-9.453089,-10.80918
w10uh,w10,-222.88747,151.1132,-94.196014,7.50747,-62.805008,-17.525003,-17.905628,-25.388763,-19.076042,-7.7659326,19.867085,-13.714292,-7.7824454
w11uh,w11,-220.6112,168.29335,-73.813705,3.3878996,-52.216557,-9.515812,-33.20627,-12.27736,-17.103506,7.982195,0.033019476,-20.284487,-9.139561
w12uh,w12,-263.96136,160.67032,-85.12544,9.718523,-49.297806,6.897403,-40.78927,-0.5946065,3.7293773,-16.653526,7.0169764,-27.593708,-17.319588
w13uh,w13,-239.88843,161.91074,-65.25462,-10.059457,-52.19731,-14.731579,-23.079159,1.5792091,-26.975533,7.8308535,-8.158001,-2.7197163,-2.9743025
w14uh,w14,-197.3682,134.825,-62.619457,15.063093,-71.27632,-10.82174,-28.69005,9.713318,-5.997073,7.792252,1.2925031,3.3816025,0.9294294
w15uh,w15,-267.89105,193.66972,-65.320114,4.15643,-52.184093,-8.329875,-5.4726186,-10.123287,-17.067072,-8.197994,15.063868,-3.9959836,-15.027675
w16uh,w16,-221.85687,175.6595,-73.11166,6.432875,-78.05655,8.021014,-15.050505,-9.906566,-10.03892,-22.375252,14.414858,-23.44336,-13.607788
w17uh,w17,-263.81857,185.2942,-48.61913,-0.5646642,-58.692135,-9.060639,-2.682946,-3.146761,-23.210852,3.3037946,5.6239457,-13.312924,3.1273463
w19uh,w19,-243.6232,165.17824,-69.14281,-13.388019,-67.305786,9.516883,-30.142126,-5.8263464,-14.769907,0.48240128,7.121373,-27.659683,-10.499522
w20uh,w20,-284.97678,187.96693,-31.717123,10.341687,-66.70364,-15.183292,-2.7662568,-7.582501,-20.401047,4.219531,6.9728937,-11.347727,-0.34838232
w21uh,w21,-253.51074,159.97081,-56.997547,-1.0499955,-71.32337,11.723062,-27.691786,3.846946,-37.001225,-6.3469667,17.461905,-18.328382,-3.7412705
w22uh,w22,-217.15857,161.84216,-89.887085,24.238993,-95.068054,2.5376525,2.059251,-29.49602,-1.3352648,-6.8819876,16.162773,-17.246252,-22.2026
w23uh,w23,-245.79765,185.67052,-57.473183,-2.6153293,-63.193195,-11.767696,-15.768758,-17.398664,3.5082493,-8.675634,10.280101,6.717531,-22.617245
w24uh,w24,-240.45895,165.51941,-64.604706,-10.804653,-75.8626,4.006931,-24.083496,-1.4921063,-25.734684,6.4987726,5.8226347,-26.565262,-0.7046544
w25uh,w25,-297.01816,190.2982,-46.67162,-12.771433,-79.5886,-8.02172,-6.1673794,-5.6345897,-10.362723,-1.3662388,8.850411,-14.13055,-4.939392
w26uh,w26,-222.90248,176.48326,-84.70825,22.183105,-59.92998,-24.963243,2.0676022,-24.09682,-8.7086935,-0.9560736,7.166142,5.5332675,-15.537951
w27uh,w27,-275.8605,177.54848,-104.71267,9.948835,-54.003914,-29.06677,7.163289,-19.78857,-13.876122,11.571689,-6.9894114,-15.639135,-17.13737
w28uh,w28,-230.75174,167.98769,-80.65413,11.94133,-55.74654,-13.308419,-16.256838,-34.284508,1.5767812,6.1970453,6.4439807,-14.988487,-11.625793
w29uh,w29,-257.91016,122.08826,-52.95837,-2.9126947,-76.38094,29.924936,-34.67841,12.726125,-15.932351,-14.045203,15.291097,-38.740913,0.038386617
w30uh,w30,-258.50113,151.9552,-76.18076,1.1692744,-50.16064,6.2769275,-37.02171,12.528534,-32.226837,-0.27497843,7.5025287,-31.058828,-7.52918
w31uh,w31,-262.31558,167.35802,-58.88903,20.927402,-55.30301,3.605396,-31.019314,-26.10478,-1.2089903,7.4776044,20.369385,-23.701075,-21.698732
w32uh,w32,-267.88943,182.28238,-29.21009,-14.351493,-58.242638,10.917243,-53.049118,24.19557,-18.81846,-23.41124,17.404392,-15.725954,-1.5829033
w33uh,w33,-266.6369,180.01965,-62.984596,-5.198,-90.81055,25.89043,-29.673548,-9.198225,-18.105417,5.095856,-1.298782,-25.080002,-4.7904634
w34uh,w34,-249.53111,158.21426,-60.906284,0.14220269,-56.926098,6.9704576,-14.287392,-6.4915977,-15.758052,-15.437714,8.98914,-18.47938,-13.841262
w35uh,w35,-235.28908,165.47775,-51.40022,10.424483,-57.316254,-9.449675,-12.707729,-23.533876,-12.046554,11.947428,17.635456,-11.2927885,-14.731613
w36uh,w36,-252.82228,180.33733,-70.904305,29.407772,-86.462395,-2.108013,-6.554219,-27.085022,-8.797203,-16.104523,12.945525,-22.06617,-16.580036
w37uh,w37,-214.18692,161.9316,-70.62705,12.5742655,-77.79151,7.4439397,-17.090755,-16.288092,-10.891067,3.1672904,0.8242695,-26.535686,-12.988633
w38uh,w38,-276.26898,165.37346,-59.370575,-1.1243209,-66.17665,-0.43312526,-23.263004,-14.290576,-9.398055,-7.559147,10.926655,-34.198906,-8.680166
w39uh,w39,-216.33932,162.88802,-72.56547,6.047639,-67.2714,1.5030768,-19.282276,-6.858692,-14.603165,-17.45836,11.575403,-1.5968009,-10.138454
w40uh,w40,-279.82373,196.92157,-52.96844,4.4309397,-60.102524,-25.802069,3.5229456,-22.545029,-15.179541,3.3702345,-4.9738703,-11.255545,-8.026161
w41uh,w41,-271.22873,167.20049,-69.29322,6.048172,-68.34811,2.3708339,-7.755387,-10.821101,-16.440153,0.04011372,1.9098203,-19.813925,-6.0796933
w42uh,w42,-250.95601,168.9479,-56.041718,-8.366449,-51.064613,-13.686111,-10.574656,-12.346785,-23.3991,-8.786917,-3.2642243,-17.231297,-16.692234
w44uh,w44,-269.5701,179.9046,-52.28714,-22.862482,-49.422916,-24.128742,-21.590742,-0.68191034,-18.458372,-10.254314,2.8033965,0.7004452,-2.0672846
w45uh,w45,-288.78693,195.6506,-52.376472,-23.97609,-48.253582,-19.784847,-8.353773,-9.872555,-15.281134,-2.7971063,10.773135,-8.899686,-24.997833
w46uh,w46,-276.5027,199.4026,-18.28853,2.086224,-69.91808,2.7540765,-15.386832,-5.6629934,-27.540924,-6.4376493,23.720413,-18.109097,2.2627103
w47uh,w47,-257.21744,183.02675,-72.79691,-1.466013,-62.36928,-25.823566,-14.634246,-13.086463,-9.227629,-2.9995377,13.122137,-4.4290614,-20.87814
w48uh,w48,-242.45168,144.09065,-76.08921,14.61044,-86.5661,-0.8368395,-17.131666,-12.168991,-22.187754,2.091746,20.476803,-10.834031,-11.966922
w49uh,w49,-278.47217,177.69043,-45.011333,21.642805,-79.35435,31.312157,-7.1487308,-14.418155,-5.5587716,-14.788501,16.115643,-18.651894,0.42339405
w50uh,w50,-216.37401,164.07655,-78.31488,11.429271,-72.57191,-6.372816,-4.596934,-18.977077,-8.79116,3.0056772,6.429558,-12.085725,-29.054169
b01uh,b01,-282.51596,179.60503,-50.9204,1.7075174,-40.569916,0.038394384,-25.134855,-11.687866,-16.347944,-4.2968345,-4.3449297,-22.311537,-9.879621
b02uh,b02,-324.6916,160.85071,-47.26391,3.5532136,-49.291233,14.455681,-35.514763,-30.621954,-15.639299,9.762044,0.27653322,-27.318232,-4.0392346
b03uh,b03,-237.51154,166.05559,-90.84623,2.0614753,-49.60426,-16.120943,-28.433752,-0.9852877,-10.781756,-7.6287513,-0.95241404,-22.533604,-22.392315
b04uh,b04,-277.49158,166.49117,-68.25097,16.409796,-66.76721,-0.9744997,-31.493765,-22.611832,9.121374,-3.765194,8.19414,-32.901257,-4.680936
b05uh,b05,-308.757,174.65584,-19.4724,8.400246,-65.959854,11.492287,-14.500028,-24.40997,-4.3104115,10.880171,7.074912,-5.53622,0.3016383
b07uh,b07,-295.63055,131.93562,-78.464,3.1745546,-80.42278,2.76166,-16.762545,-31.2881,2.3182015,5.422183,4.2311716,-21.876463,-12.596541
b08uh,b08,-225.72743,163.86702,-48.18551,17.70252,-69.27377,11.254759,-13.563389,-13.240193,-9.562603,-16.378632,5.90895,-25.292986,-15.368266
b09uh,b09,-274.2186,158.22806,-29.246277,-5.3873334,-72.4993,8.66114,-22.527233,-16.236795,-30.041206,9.868628,2.5332088,-22.833849,-1.2239937
b10uh,b10,-337.47665,191.00644,-42.184326,7.8236885,-49.92387,4.6347046,-10.540863,-36.850674,-15.864113,-12.373108,13.402075,-0.29176283,-21.08302
b11uh,b11,-250.38147,161.4621,-76.358765,17.332207,-69.99195,8.9803505,-33.747295,-18.264515,-8.98424,-16.307774,22.541674,-16.306417,-18.942009
b12uh,b12,-286.09445,171.1593,-69.206696,-5.182101,-57.488953,-1.2089738,-35.98579,-5.936544,-1.3955982,-4.397446,4.420604,-32.056892,-0.57781994
b13uh,b13,-219.99326,168.98776,-61.806885,24.370842,-66.617645,4.3108425,-19.680178,-26.24002,-15.608821,-3.263561,8.661594,-10.253011,-17.451973
b14uh,b14,-308.65073,187.96498,-29.365335,0.49699238,-69.10976,-2.7509341,-23.82896,-17.093124,-21.156042,3.055229,4.8067207,-16.688433,-10.131401
b15uh,b15,-256.5985,133.91922,-43.363346,10.254272,-88.85386,-4.635672,-31.840986,-25.77364,6.4155593,-2.184664,6.945762,-23.310755,-8.866103
b16uh,b16,-265.2321,197.28148,-38.169773,12.6658125,-71.17455,5.2337446,-24.033834,-3.9262574,-4.3237205,-2.3903377,27.9876,-29.434256,-0.79004586
b17uh,b17,-333.3542,174.04265,-51.87151,-5.968576,-58.301483,-14.093948,-7.054609,-23.60135,-15.532211,-14.586484,10.821002,-16.622114,-14.581714
b18uh,b18,-294.43823,165.29395,-62.50996,-10.588574,-70.87431,0.9079056,-15.200498,-19.984894,-6.988418,-10.352695,20.14702,-23.598896,-10.607862
b19uh,b19,-291.84418,173.142,-51.73884,16.808918,-58.9205,-6.923501,-28.142332,-10.738594,5.4486713,-14.833992,4.4802237,-31.208118,-12.859771
b21uh,b21,-254.3902,170.1212,-57.89508,11.693359,-55.358185,-12.814218,-25.297583,-21.296057,-17.290194,-23.345453,16.91225,-11.292925,-20.461231
b22uh,b22,-256.86026,139.67502,-59.60797,10.685167,-63.111595,11.47246,-35.883106,-10.191666,-6.872659,-8.600153,11.452385,-25.598125,-11.776709
b23uh,b23,-286.69794,160.10083,-62.93493,-17.601078,-61.019257,0.91180575,-4.6313844,-8.277225,2.8341904,-5.8185105,3.9435725,-27.097668,-10.413995
b24uh,b24,-276.19022,184.96925,-55.692898,0.2916797,-43.6386,1.3008527,-22.258265,-23.515488,-9.123727,-9.688079,0.9921775,-5.3979416,-23.619133
b25uh,b25,-281.05225,181.69418,-20.879087,-3.0562549,-73.032,1.8185637,-16.607151,-12.386651,-7.756854,-7.5667605,18.933187,2.399289,-14.056328
b26uh,b26,-282.8717,187.01018,-48.63862,13.924194,-60.40274,8.943577,-23.561121,-38.23551,0.2702582,0.7070996,2.6953464,-24.594675,-10.925511
b27uh,b27,-281.82013,200.39839,-83.821465,-0.24025218,-50.792255,1.3184959,-22.068405,-26.841087,-9.538219,-1.1188675,0.14298077,-24.339514,-22.642302
b28uh,b28,-298.49005,194.51785,-37.538074,19.468466,-64.88306,-9.560699,-13.178611,-36.661022,-18.315262,-5.4025216,7.061547,-8.14502,-14.578469
b29uh,b29,-257.65698,143.84294,-53.161995,4.2630105,-78.5988,17.523014,-20.379446,-18.348228,-9.573112,-3.5859053,9.904251,-20.229097,-7.28931
g01uh,g01,-241.81288,157.30449,-68.86477,19.59852,-57.17526,-0.4172325,-16.298391,-19.767904,1.7105747,-5.4360223,11.433758,-24.145338,-15.920413
g02uh,g02,-246.8812,167.88284,-73.0792,1.1909087,-58.93799,22.446308,-22.345833,-17.43355,-2.2376082,0.26937675,-7.7040076,-32.729034,8.983255
g04uh,g04,-256.42426,137.81842,-54.51789,7.884073,-72.11455,6.4198585,-27.937521,-27.216084,-3.7481208,4.3643775,1.6925131,-32.508537,-1.7102308
g05uh,g05,-285.16928,182.17113,-62.33988,1.3582685,-60.202778,11.756205,-7.671285,-17.749483,-5.385408,-13.50147,1.1410288,-26.650549,-13.289614
g06uh,g06,-259.065,174.24911,-60.96207,3.8543785,-53.161346,21.628233,-14.938685,4.1508117,-18.972027,-3.1896534,7.4746747,-25.766447,-0.13762379
g07uh,g07,-274.19098,159.20107,-48.269035,11.507413,-53.1695,-5.1903024,-18.656782,-18.713114,-12.374689,-6.6201754,5.949914,-27.416416,-6.7818074
g08uh,g08,-238.82935,154.57797,-40.749485,0.4589842,-65.08401,1.0094445,-33.77264,-5.8109045,-1.8168477,-2.0739098,-8.098977,-17.882374,-10.497677
g09uh,g09,-258.7655,130.99924,-68.80042,2.688893,-64.42976,3.9836054,-36.94136,-24.652315,3.3785744,-0.61423516,11.400536,-29.927883,-4.7607694
g10uh,g10,-258.26596,165.12883,-56.53496,4.2752976,-59.374687,19.730991,-30.252628,-13.63265,4.0451097,-0.34015974,-3.7378273,-37.309013,-7.1513543
g11uh,g11,-244.03479,165.46149,-55.645485,32.071194,-70.43927,18.311157,-36.095894,-14.260673,-23.135672,-4.248373,9.329856,-43.881886,4.1953526
g12uh,g12,-279.44547,151.11067,-59.98277,-0.2930904,-66.94883,4.698266,-32.827816,-23.654285,3.758982,-8.932833,-2.1295488,-31.866375,-2.010558
g13uh,g13,-249.45705,177.22786,-50.02343,-4.876884,-68.51402,10.341047,-33.397163,-12.761088,-6.4441037,4.7862954,-0.48274004,-32.73617,0.9038627
g14uh,g14,-264.84583,173.71443,-42.73709,19.160429,-67.11184,-4.2190175,-19.349588,-39.641785,-12.874058,-8.623425,17.055016,-20.596842,-12.814296
g15uh,g15,-251.78545,139.38693,-84.04289,27.694529,-65.44875,10.371277,-42.958412,-21.336956,-8.567978,5.0179305,-12.644082,-28.71793,-0.8834163
g17uh,g17,-270.2778,148.37428,-50.379246,22.999735,-61.109753,14.311551,-15.710906,-20.80838,10.402178,2.3479614,6.515334,-26.661737,-2.5432549
g18uh,g18,-272.53186,183.91818,-40.368687,14.548773,-47.864655,-2.590592,-40.494667,-15.415564,-0.007837892,-4.656205,-28.386255,-19.8825,2.6489012
g19uh,g19,-249.12872,171.8153,-79.047935,4.9338584,-55.035175,10.722949,-17.170698,-25.740072,-10.217753,-2.3315294,-10.375824,-31.361788,1.9965048
g20uh,g20,-277.84637,165.72813,-59.24879,-5.6316442,-75.309166,18.76446,-13.152689,-28.818708,-15.155684,-6.6711187,-15.665854,-26.005087,9.164131
g21uh,g21,-324.31595,163.92221,-23.433908,19.094694,-67.411354,25.935444,-37.20635,-37.89854,-14.892809,4.0464125,8.878088,-32.90878,-2.644919
m01uw,m01,-294.7627,174.66544,23.382504,30.428518,-42.407207,-17.292528,-29.30791,21.64552,-19.270714,-34.242847,-13.454016,-46.838085,-13.130933
m02uw,m02,-265.9294,179.27045,26.255392,30.85403,-14.348875,11.094757,-23.03166,27.156898,-12.415691,-19.099178,-24.796453,-32.050102,-4.2791095
m03uw,m03,-254.7147,218.6574,-15.524301,38.81219,-19.158998,-21.616476,-11.003075,32.128063,-22.46539,-34.299202,-14.727826,-33.217823,1.3864933
m04uw,m04,-267.14755,189.35486,4.5379305,37.791306,-11.883268,6.778084,-4.9079733,-4.872129,-33.01179,-1.8598797,-18.075932,-7.181067,3.5742536
m06uw,m06,-301.19864,187.09412,-1.9962242,53.3275,-30.979916,-37.85312,-6.113932,16.024548,-21.059723,-11.731723,-41.532734,-30.179974,4.4544168
m07uw,m07,-258.19955,196.5925,25.464777,32.971283,-24.093632,1.8628964,-3.5216331,20.039803,-20.929344,-22.416245,-28.594257,-23.362196,5.295784
m08uw,m08,-255.68588,199.74223,-23.068207,30.567276,-6.547377,-35.920742,8.878967,-9.470302,-39.58715,-19.234003,-33.760643,-14.354887,8.642112
m09uw,m09,-252.59404,206.53291,-16.217415,30.896729,11.67359,-10.671278,-11.465532,3.003263,-35.626743,-30.718424,2.174462,-15.351675,-6.1678615
m10uw,m10,-243.53615,180.73813,-22.836987,41.430496,-10.507389,-10.654646,-13.922694,27.170334,-52.139103,-11.242385,-25.126854,-30.378954,20.6191
m11uw,m11,-292.96933,204.7458,19.287544,35.306686,-14.646587,-13.407421,-22.25853,26.597075,-19.595163,-3.2329018,-23.539448,-50.773647,15.537164
m13uw,m13,-349.57794,228.26585,40.023697,50.049488,-14.359808,-55.349422,-9.144857,14.011936,-20.744547,-2.7487946,-2.5814815,-21.309978,-11.261143
m14uw,m14,-265.704,226.67316,-21.691128,32.445152,-11.047119,-22.93557,-1.8330282,4.22813,-37.28591,-41.994297,-9.241436,-16.751623,5.7793436
m16uw,m16,-248.63963,192.60966,2.5062423,32.589787,-8.1899,-37.154476,-18.20512,18.182575,-38.79682,-28.02921,-20.129862,-25.176867,6.203868
m17uw,m17,-306.55515,184.6805,40.88058,33.70862,-35.57705,8.727636,-39.459084,5.3027,16.790812,-24.729563,-24.951477,-39.52129,-6.851476
m18uw,m18,-273.22815,203.85799,12.930027,13.956003,-13.977177,-19.630032,-16.103006,15.071437,-46.505947,-27.504452,-25.514463,-21.6176,12.9640665
m19uw,m19,-251.99442,173.20163,-21.88333,33.800343,-30.597034,-1.295376,-20.257252,2.4938061,-47.85116,-34.904705,-0.9796535,-17.197815,2.3628888
m20uw,m20,-309.24387,200.0559,23.639017,23.91731,-32.52438,0.12901554,-41.16964,12.201684,-10.923166,-43.415752,-2.696919,-32.904163,0.05300946
m21uw,m21,-300.6519,221.46945,11.507564,12.603738,-17.239475,-11.70076,-13.722189,-4.0248647,-16.355566,-27.109406,-32.57071,-24.630468,17.863401
m22uw,m22,-284.99756,204.04654,-6.5975127,21.450298,-21.544323,-21.078346,0.98778945,-13.602977,-22.036753,-34.444553,-30.214361,1.2515441,-2.236432
m23uw,m23,-324.1768,204.88474,33.05474,18.894905,-19.238289,-28.527828,-10.276765,9.61785,-29.223259,-27.953508,-19.663664,-30.692564,0.9610001
m24uw,m24,-273.33423,181.00409,2.8442557,11.224862,-28.307795,-8.621658,-24.631933,0.029990196,-40.150177,-30.68836,-24.027882,-12.845728,22.484297
m25uw,m25,-273.57333,199.03076,9.011359,39.238594,-21.36239,-22.377115,-9.251875,22.945757,-27.532116,-15.040952,-31.125992,-27.283085,9.045535
m26uw,m26,-284.79346,199.37637,4.7258124,21.391106,-6.103053,-45.48085,-9.411192,7.609378,-30.118176,-28.609398,-23.918621,-25.817787,-6.3667793
m27uw,m27,-264.87204,187.47139,23.037481,15.9272585,-37.050205,-1.4124773,-26.231768,16.89686,-13.0987625,-21.38007,-26.60872,-33.516193,6.791702
m28uw,m28,-341.07812,204.3333,42.411404,12.264939,-13.320014,-26.025404,-3.4481738,5.839326,-2.618829,-24.664642,-34.16918,-16.535847,-11.33049
m29uw,m29,-292.7282,211.8891,35.558205,14.081346,-11.581159,-22.78216,-0.6843395,13.814117,-18.859793,-9.093259,-24.8174,-13.379252,1.2129289
m30uw,m30,-299.15582,209.23886,38.516483,37.429867,-13.096338,-10.177304,-12.212713,22.549732,-13.906451,-10.34467,-15.729436,-34.484814,-4.373738
m31uw,m31,-327.80826,194.29468,31.237093,19.895147,-10.857022,2.5165813,-8.48259,-3.8093977,-13.174455,-47.25487,-22.536257,-10.976203,-10.991161
m32uw,m32,-316.3732,208.32332,31.9182,25.400297,-42.548374,-21.778887,-32.82222,5.7111907,-11.494789,-20.358702,-7.4123535,-21.618305,-13.456813
m33uw,m33,-294.59518,202.73654,17.50335,14.203255,-25.600052,-36.231064,-15.190731,11.9832535,-39.98545,-24.657972,-29.573076,-28.138847,6.2330585
m34uw,m34,-236.60533,184.50839,6.873968,31.339111,-36.401787,9.061759,-36.53758,27.366337,-9.662552,-56.33339,1.250493,-23.832893,-17.30254
m35uw,m35,-253.68684,190.46825,-20.199821,43.32051,-1.9736394,3.6964967,-13.02643,23.636246,-46.74022,-39.779938,-4.930106,-28.479855,18.302929
m36uw,m36,-288.8935,205.43637,14.832769,19.250586,-26.283875,-4.6953845,-21.918324,32.70852,-23.52954,-15.801886,-15.458981,-23.598867,18.869352
m37uw,m37,-273.573,204.72105,22.514605,37.616154,-29.701136,-16.942333,-41.845917,12.852018,-12.684936,-0.47338432,-2.9912393,-48.387226,19.564638
m38uw,m38,-263.85562,196.00975,-5.3099246,22.37681,-27.533298,-1.120275,-14.846011,-9.735274,-10.43261,-45.66218,-27.52252,7.7910657,11.234751
m39uw,m39,-335.54544,187.24585,33.442352,12.505365,-30.305712,-35.71465,-2.3309703,-5.293663,-22.4897,-20.32408,-37.511944,-24.759903,-1.1254715
m40uw,m40,-281.16647,175.26172,40.502434,30.19334,-33.148556,-6.585311,-15.178296,7.152892,-18.82413,-30.461992,-39.287132,-16.582289,3.5508857
m41uw,m41,-252.90327,199.16844,-44.380745,36.489796,-13.799704,-29.742266,3.2562392,-9.062571,-31.337366,-30.509369,-26.903095,-15.062134,11.062949
m42uw,m42,-285.5671,189.29681,-3.6555557,31.8428,-19.856163,-14.201481,-1.1172949,-17.546162,-30.178867,-32.32646,-20.704494,-0.64226174,11.024899
m44uw,m44,-275.74677,213.0509,-12.978569,29.643808,-4.535607,-27.02908,-11.722713,36.2033,-26.702202,-39.01249,-15.181856,-37.88628,6.811857
m45uw,m45,-401.39154,189.07683,35.76814,22.419271,-26.741577,-38.2414,-16.15783,2.7856145,-19.691187,-19.55584,-27.220331,-16.248264,1.5214716
m47uw,m47,-276.4565,178.2137,-27.244562,24.640333,-13.502215,9.86816,-28.441708,3.8056161,-44.58907,-42.17845,-10.190616,-21.474205,13.291912
m48uw,m48,-289.05573,177.41101,53.863647,28.240562,-52.704544,10.064975,-26.53729,-5.399688,8.879432,-41.002617,-18.911097,-17.437176,-20.204939
m49uw,m49,-345.19495,192.8527,46.66612,20.539047,-22.801474,-23.48288,-13.368776,-0.46496677,-25.131403,-21.724503,-20.691917,-32.240154,-5.6894846
m50uw,m50,-284.8272,199.61479,16.332592,30.952595,-10.329479,-16.420013,-10.74778,-4.922411,-29.51548,-23.785578,-16.523628,-13.91264,18.854183
w01uw,w01,-315.07172,170.86246,5.461576,14.573158,-44.717533,-5.9704514,-13.568634,-16.287592,-21.32362,-45.466072,-6.318175,-4.6868596,-19.655884
w02uw,w02,-315.3066,150.02623,-14.715233,46.146442,-15.126954,-8.806502,-6.819069,-53.866203,-25.06839,-29.589663,-21.802761,-3.7763743,-26.308256
w03uw,w03,-340.11093,171.14687,26.389874,31.327599,-34.605347,-43.46624,0.7784138,-15.233617,-20.932693,-13.912082,-29.994297,-24.089037,-19.30476
w04uw,w04,-329.36905,147.28911,-2.6793363,32.550686,-19.434412,23.353893,-29.893564,-43.73446,-24.493847,-42.119564,11.648932,-7.8365817,-25.455332
w05uw,w05,-302.78918,195.61024,19.445435,0.9856579,-42.55397,-13.013809,-26.0748,8.582079,-17.60137,-33.501694,-23.705702,-9.267398,-5.3272004
w06uw,w06,-289.25522,153.06195,1.9038628,10.807525,-40.955837,-14.242132,-3.5183396,-9.043342,-45.260464,-33.84922,-40.37042,-0.7810726,6.9357147
w07uw,w07,-358.21124,184.60716,43.77344,18.104488,-50.102802,-17.044647,14.878696,-29.762821,-28.266663,-35.18571,-28.694597,-4.9771185,-22.934467
w08uw,w08,-297.135,143.1846,-27.210516,21.044811,-14.01283,-5.8632126,-32.956856,-47.963158,-26.550415,-25.764933,12.8483095,-2.8189523,-31.432516
w09uw,w09,-309.94928,180.06563,-1.7234459,20.171604,-44.813946,-19.242704,4.2918787,-19.31266,-29.964607,-29.301453,-17.57377,12.099679,-13.547409
w10uw,w10,-285.61603,183.6923,-1.5514779,6.2180877,-24.337866,-22.722794,-7.235144,-10.438303,-41.422855,-34.445637,-24.603868,7.349083,-10.842084
w11uw,w11,-263.1299,124.79164,-31.47422,51.44852,-19.215727,6.4087086,-49.971336,-42.076744,-34.85655,-23.064777,5.3578844,-12.622774,-23.539951
w12uw,w12,-292.29025,191.97415,6.928302,49.616577,-58.282158,-30.43343,2.932581,-9.584015,-24.907343,-28.633358,-17.525982,3.0759823,-13.673239
w13uw,w13,-318.44366,172.02039,8.92245,21.633118,-23.852436,-11.696,-5.7757754,-32.136436,-40.19461,-38.14409,-29.541769,16.356382,-8.393637
w14uw,w14,-277.61835,162.14664,7.8183775,25.226732,-45.111004,-9.437612,-9.787672,-17.127945,-37.270306,-28.916718,-21.907604,11.940926,-2.7407043
w15uw,w15,-298.75165,165.9772,10.963695,35.3718,-58.080727,-20.942469,-14.32007,-0.19216938,-12.832698,-15.0857115,-21.697487,-8.026491,-7.7619147
w16uw,w16,-321.1251,164.05466,15.020534,26.773474,-37.23234,-2.1386874,-10.933376,-32.110275,-33.203987,-48.2878,-8.077644,0.8515414,-10.156803
w17uw,w17,-326.4641,181.94534,19.448885,19.248785,-38.400764,-36.390755,4.1579976,-15.20154,-23.67293,-20.796045,-27.573769,-8.429345,-12.366216
w19uw,w19,-330.54404,170.17757,4.0413256,-6.0749865,-49.75225,-36.464355,-4.813517,-9.087358,-23.392515,-32.461597,-23.694595,-2.4304543,-4.4066725
w20uw,w20,-419.13315,200.46327,55.439476,30.280191,-44.842167,-20.573116,4.1714935,-12.014685,-27.360495,-43.385403,-28.134903,-2.4459665,-20.124866
w21uw,w21,-298.13385,163.67743,-13.505697,22.867207,-20.64307,0.7928342,-24.573313,-9.227456,-59.326347,-7.6312075,-24.43536,9.047449,6.506065
w22uw,w22,-299.01608,153.77371,28.519787,34.126774,-57.99731,-20.035591,-3.4696608,-20.19752,-30.575489,-32.043728,-27.173988,-12.892625,-21.231615
w23uw,w23,-319.3979,176.3577,4.386614,32.872746,-40.5634,-26.105377,-0.7133485,-10.442231,-5.9518695,-29.633625,-43.778667,6.369013,-9.576247
w24uw,w24,-311.17914,171.1909,13.727004,16.32101,-54.919643,-16.723007,-8.902387,-30.568346,-22.388773,-26.38694,-12.676239,10.7698965,2.3955534
w25uw,w25,-357.33707,175.80283,5.3817058,18.7644,-17.860237,-11.284493,-18.13214,-47.571957,-32.676125,-26.337679,1.6934527,4.331485,-20.169376
w26uw,w26,-322.62854,170.38962,13.277927,31.051964,-33.00222,-33.988144,-2.3373723,-7.469929,-34.543724,-21.891792,-38.216026,-5.9972568,3.1184347
w27uw,w27,-332.53253,168.38112,6.2666736,11.678057,-24.702309,-17.04413,-1.614752,-16.589561,-15.336071,-18.763935,-23.987972,16.408012,4.0403214
w28uw,w28,-284.96582,150.44882,0.25987768,26.352213,-52.224346,-16.049688,-6.5136557,-28.123148,-24.907736,-22.597202,-17.512043,12.712051,-1.374055
w29uw,w29,-329.7832,165.59186,15.983846,11.488384,-63.784687,-5.929334,-17.565197,20.442516,-38.331985,-10.193812,-12.590534,-19.61272,8.839821
w30uw,w30,-235.86673,165.27591,0.23425789,6.845085,-49.513035,12.265177,-23.853638,26.026815,-27.019632,-26.18342,-0.5521056,-8.953413,6.587877
w31uw,w31,-308.7477,161.6426,13.782034,15.387751,-35.90916,-15.39606,-28.99027,-23.254065,-29.273932,-28.160044,-5.0704684,-7.7520394,-2.4542868
w32uw,w32,-308.65442,167.86256,21.824852,19.740097,-22.416588,12.410311,-11.387089,-4.7348633,-37.710857,-32.955307,-6.833164,-1.4227052,-0.7325807
w33uw,w33,-297.01724,168.08224,19.534851,13.76093,-63.79145,18.416195,-17.708765,-10.960367,-23.842808,-27.00622,-6.229345,-5.299569,5.190503
w34uw,w34,-300.26953,167.48196,14.281379,23.964462,-55.076084,-29.009941,-9.263122,-13.840299,-15.419735,-30.277819,-24.806343,-15.140815,-12.907726
w35uw,w35,-303.13385,172.5815,-14.234859,35.09091,0.008179665,-13.36281,-20.1763,-34.860027,-36.91368,-6.8959627,-13.063302,-4.2811728,-16.374563
w36uw,w36,-305.32727,142.35081,-26.431404,50.488846,-12.567458,-5.1299686,-27.74805,-44.421726,-10.849143,-30.3202,-20.394634,-13.273683,-28.47942
w37uw,w37,-319.01004,144.97258,20.938828,31.519117,-38.649197,8.980304,-19.389645,-22.782736,-58.31248,-30.249924,-21.322985,-5.329325,5.078427
w38uw,w38,-282.70065,137.65959,5.958562,13.9364395,-74.56587,-1.6184473,-17.22841,-22.418297,-20.93314,-40.681873,-2.9227314,-0.11831637,-12.2980795
w39uw,w39,-343.6584,164.47516,40.7338,22.178688,-40.701538,-20.266972,-21.507408,-10.496982,-24.619844,-19.973457,-20.21406,-17.76367,-21.735144
w40uw,w40,-331.64154,180.37108,26.271307,16.659298,-36.156612,-19.960308,-5.224583,-18.193964,-28.501038,-29.96642,-35.516804,-7.2186127,-3.116543
w41uw,w41,-324.55292,171.91039,16.671135,28.456573,-30.55283,-15.6441555,-5.9387136,-17.095509,-19.046135,-22.576527,-22.82254,-10.481956,-9.683027
w42uw,w42,-282.618,162.93858,-11.1557045,34.794296,-40.444202,-32.295624,-5.876999,-6.507131,-30.762522,-19.499714,-24.976072,-9.51418,-3.5883422
w44uw,w44,-290.51724,172.6817,12.680453,8.17936,-47.7841,-6.9683776,-31.816683,20.525805,-26.533989,-34.419704,-25.886177,-12.172452,6.1028347
w45uw,w45,-342.078,185.24727,29.530024,26.035828,-37.66306,-31.868807,2.6677878,-12.638839,-19.56526,-29.366308,-44.30809,-0.9758177,-10.615159
w46uw,w46,-296.91428,182.6734,32.14138,20.336905,-35.91433,33.002613,-21.701557,-25.844471,-30.412817,-36.428818,-2.1225712,-16.62678,-30.291983
w47uw,w47,-332.3711,177.38008,25.621006,10.799514,-36.591927,-21.952934,-25.838306,-7.970276,-32.955315,-31.203836,-16.346237,1.0954543,-3.4101853
w48uw,w48,-310.77765,156.42177,9.025011,40.90938,-30.983528,-22.88295,-13.3521805,-11.952247,-33.575745,-14.560369,-18.260687,-6.835463,4.472283
w49uw,w49,-328.03802,190.54822,27.86492,26.375189,-40.19166,-14.058019,4.136552,-13.842893,-16.396997,-27.338886,-38.022514,-14.324652,-16.729
w50uw,w50,-283.33615,161.08472,-23.790855,25.295113,-34.813606,1.4957428,-19.122803,-14.318533,-40.245773,-19.154648,2.558458,-5.56927,-5.613496
b01uw,b01,-255.55548,132.45389,-25.197447,23.760857,-51.727585,3.059188,-49.78803,-40.941063,-19.645905,-11.253584,5.346166,-25.734623,-0.8522175
b02uw,b02,-304.82657,162.40509,-8.331979,32.769337,-52.55106,-6.596005,-14.916396,-36.418312,-31.644728,-25.282854,11.551265,0.6087293,-24.066145
b03uw,b03,-253.59877,143.48703,-47.705345,78.83906,-25.22364,-60.814285,-46.282333,-5.519349,-23.700464,-27.833662,-1.2610688,-2.9027169,-4.456272
b04uw,b04,-326.4098,145.06163,0.89274645,26.84939,-60.773926,-8.400312,-2.7744095,-43.71161,-25.970041,-25.024853,-15.337324,-1.9084877,1.6812181
b05uw,b05,-332.73395,182.00179,37.27173,27.939653,-49.8751,15.063229,-23.060507,-15.182504,-37.867687,-24.452473,-2.5756807,-12.904305,1.8392012
b07uw,b07,-264.08423,144.79973,-46.158085,44.469833,-37.241226,-2.728334,-45.169147,-53.22069,-2.55327,-25.434862,2.0564606,-4.8960934,-34.976353
b08uw,b08,-341.15247,167.5674,40.049683,37.723675,-34.184174,-1.2629924,-9.412412,-17.714989,-38.37529,-35.295177,-23.901115,1.3110194,-7.5828815
b09uw,b09,-315.0449,126.87817,8.923619,30.432116,-62.615746,-1.6699687,-19.904257,-29.66237,-35.418983,-28.138689,-0.53432995,-7.513576,2.5342023
b10uw,b10,-328.9175,164.50076,-28.230545,42.782967,-19.287024,-10.303699,-33.451744,-52.895794,-20.985209,-19.523968,-2.2429845,-6.861515,-17.721178
b11uw,b11,-246.86955,148.49239,-25.469229,41.215714,-30.568312,-2.0824904,-20.088196,-51.96126,-28.122223,-27.75926,-2.4469202,-5.0496845,-16.56167
b12uw,b12,-367.88138,158.05145,13.0438595,1.563274,-38.356457,-8.040875,-28.030933,-38.516544,-28.949163,-32.869602,4.0519657,-5.546474,-4.362642
b13uw,b13,-291.06488,167.8142,-15.79534,35.56133,-25.971157,-17.13994,-20.626707,-35.663948,-27.218546,-39.419434,2.4033675,-0.81989026,-21.81221
b14uw,b14,-301.61047,167.78589,33.584835,33.998352,-37.41017,-23.659796,-25.557955,-11.859367,-25.402397,-12.372862,-29.615974,-8.152927,-1.671131
b15uw,b15,-334.50748,168.49226,11.73164,27.425304,-55.732265,-9.148019,-0.827179,-28.37013,-23.344942,-18.366684,-11.928263,-6.8342404,-7.914377
b16uw,b16,-285.96466,143.40785,-5.4146223,40.57516,-34.249268,-12.91247,-28.993933,-45.714275,-27.298166,-22.850681,11.978927,-13.627805,-18.074741
b17uw,b17,-332.19022,153.53928,-13.845619,13.855867,-13.060829,-28.134659,-8.454942,-34.792923,-44.98105,-27.747213,-3.2295852,8.601093,-5.275266
b18uw,b18,-287.07303,152.79448,-30.668022,54.237537,-39.22972,-9.607315,-6.389189,-46.13242,-27.796051,-26.453176,3.412981,2.7120485,-24.714346
b19uw,b19,-381.45844,184.44308,33.00475,16.135769,-70.984375,2.5967739,-9.64548,-11.996143,-15.805159,-48.21281,2.0870843,-19.496181,-12.464288
b21uw,b21,-351.0442,145.2779,10.723497,43.881382,-61.940037,-30.39038,-4.2410197,-23.088314,-15.485938,-29.433807,-21.071976,-15.250827,-10.604721
b22uw,b22,-318.4038,161.00061,-14.4782295,49.37836,-29.452293,-19.753212,-20.671839,-50.785637,-23.410345,-14.653414,5.409201,0.7076219,-21.066906
b23uw,b23,-300.8565,159.88472,-5.937269,22.958351,-34.842514,-20.495522,-19.045553,-40.025616,-19.836094,-18.952177,-7.8092303,-7.147834,-11.006988
b24uw,b24,-355.08737,170.36607,39.52869,34.762806,-24.253202,9.557601,-8.770049,-51.517822,-41.023766,-24.24563,-7.696943,6.9222975,-6.3799186
b25uw,b25,-344.9997,168.67172,40.73568,25.937695,-37.525154,-0.3121168,-10.730415,-38.572365,-35.311172,-30.2259,-14.7775955,-1.6255548,-11.381107
b26uw,b26,-338.48645,178.42816,32.101246,32.14787,-55.404606,-15.61557,-15.801996,-33.527237,-12.869477,-31.319328,-16.501953,-14.031333,-17.866152
b27uw,b27,-303.10202,159.96999,5.366492,36.867447,-35.74504,-5.021221,-3.6064537,-41.894157,-25.022865,-20.406643,-1.1560545,4.162506,-11.869518
b28uw,b28,-335.34244,176.78828,22.577377,18.522085,-17.02249,-5.7373486,-20.860603,-28.990011,-51.69831,-30.25811,-16.33092,5.909815,-12.088789
b29uw,b29,-301.789,133.85738,-0.3652866,40.28624,-50.78367,10.776278,-43.123486,-54.54547,-19.830051,-34.317333,5.692374,-7.1982117,-9.418559
g01uw,g01,-324.1762,147.79303,-16.67285,46.09386,-18.593178,-19.350828,-37.82149,-55.706985,-21.87393,-17.585209,-7.0940065,-12.992307,-14.819734
g02uw,g02,-382.53107,204.64575,53.29302,5.3191986,-25.557098,-4.24759,-1.2766796,-26.720264,-19.794235,-21.101301,-22.3061,-2.1939259,8.804879
g04uw,g04,-322.48145,160.5326,-11.991927,44.64807,-20.103794,-14.144467,-40.123646,-44.618984,-11.603769,-7.5913363,-13.128838,-14.862837,-16.891056
g05uw,g05,-285.7999,162.681,-21.641592,28.742186,-17.201323,-1.0704223,-26.825436,-41.457195,-21.117332,-16.943733,-17.856295,-20.595898,-0.515109
g06uw,g06,-343.35678,170.91943,19.315351,5.823948,-33.89317,-16.448418,-27.266607,-4.547129,-21.028921,-37.258713,-19.147377,-16.18839,-18.654758
g07uw,g07,-349.6595,172.53925,37.929386,11.859394,-64.88646,-36.59661,-16.961552,-29.49223,-11.174841,-22.527111,-10.36114,-8.902593,-21.70806
g08uw,g08,-323.459,163.46974,2.2093396,34.131817,-20.7083,-7.161342,-41.36976,-49.876064,-17.495882,-12.895782,-1.4816769,2.819929,-12.389413
g09uw,g09,-319.02722,132.34686,-23.20721,27.752678,-53.684277,10.6022005,-44.643055,-35.784657,-31.57445,-31.76666,37.099533,-23.736628,-21.642036
g10uw,g10,-325.21277,179.32721,12.418317,17.59948,-20.412931,-5.1323743,-33.61306,-45.372105,-24.059603,-17.834948,13.942287,-7.793801,-13.972625
g11uw,g11,-353.08438,177.89536,11.824078,37.55425,-30.476585,3.0902085,3.3715982,-45.694164,-29.89452,-33.869778,-7.9572997,-1.995457,-16.255022
g12uw,g12,-346.03284,135.97644,-10.794511,69.821236,-16.584774,-7.414506,-56.900227,-31.476248,-13.728688,-39.866013,-7.051024,-13.071909,10.705797
g13uw,g13,-321.82965,161.2281,23.742348,43.665825,-59.674805,4.121769,-22.107197,-44.1799,-20.273016,-37.785175,0.8019966,-9.540525,-4.173398
g14uw,g14,-367.67133,174.0696,42.548923,32.012466,-54.063457,-17.967926,-3.0183349,-21.948698,-4.885245,-39.262016,-16.752277,5.983694,-7.4462137
g15uw,g15,-274.73914,137.1105,-35.617203,52.9569,-20.260756,-15.040234,-53.85551,-44.78046,-22.186827,-21.311953,-5.1456165,-14.00684,-1.3202513
g17uw,g17,-304.379,127.51454,-14.761481,76.53261,-28.54386,-23.486269,-50.461113,-29.865625,-5.9992094,-32.078808,-0.32160378,-8.656025,8.294015
g18uw,g18,-383.86606,170.00377,15.247341,45.044426,-2.3318658,-11.42358,-45.176426,-57.190945,-9.174168,-11.66621,-16.662886,-17.468529,-10.376429
g19uw,g19,-357.20093,198.81476,9.464958,2.2329571,-27.482527,-19.054216,-19.50171,-44.374084,-34.788067,-15.830855,-0.3235685,0.96763295,-3.8008797
g20uw,g20,-354.36823,150.7462,6.7925153,31.13709,-21.085161,-4.7431197,-37.807884,-56.638798,-20.22525,-21.863352,-10.959597,-15.513164,2.6883588
g21uw,g21,-285.25653,151.58594,11.560038,19.836166,-40.36522,18.144005,-37.71154,-55.61662,-17.889626,-25.504473,2.851876,-19.255234,-6.4106846
